1000501	ru	Грэхэмстаун
1000543	ru	Храфф-Рейнет
100077	ru	Абу-Грейб
1002108	ru	Джермистон
1002145	ru	Джордж
1003953	ru	Форт-Бофорт
1005125	ru	Эрмело
10062600	ru	Пилайте
10062601	ru	Юстинишкес
10062605	ru	Лаздинай
10062606	ru	Вилькпеде
10062607	ru	Науяместис
10062609	ru	Расос
1006984	ru	Ист-Лондон
1007311	ru	Дурбан
1007400	ru	Данди
10104878	tr	Highams Park
1011031	ru	Дельмас
1011632	ru	Де-Ар
1012413	ru	Куллинан
101312	tr	Tureyf
1014489	ru	Баттерворта
1015621	ru	Британцы
1015776	ru	Бредасдорп
101628	az	Tabuk
101628	ru	Табук
101628	tr	Tebük
1016698	ru	Ботавилль
10172104	az	Adroge
10172104	ru	Адроге
10172104	tr	Adrogué
10172752	az	Lungtenzampa
10172752	ru	Лунгтензампа
10172752	tr	Lungtenzampa
1017780	ru	Боксбург
10180439	tr	Pınarkent
10182514	tr	Çeştepe
1018725	az	Blumfonteyn
1018725	ru	Блумфонтейн
1018725	tr	Bloemfontein
1019330	az	Bhisho
1019330	ru	Бишо
1019330	tr	Bhisho
1019704	ru	Вифлеем
1020098	ru	Бенони
1020641	ru	Бофорт-Уэст
1021396	ru	Бальфур
1023332	ru	Элис
1023441	ru	Альбертон
102451	ru	Самта
1024552	az	Xay-Xay
1024552	ru	Шаи-Шаи
1024552	tr	Xai-Xai
1024683	ru	Виланкуло
1024696	ru	Дондо
1024697	ru	Шинде
10251085	tr	Konacık
102527	az	Sakaka
102527	ru	Сакака
102527	tr	Sakakah
1026014	az	Tete
1026014	ru	Тете
1026014	tr	Tete
1028434	az	Kelimane
1028434	ru	Келимане
1028434	tr	Quelimane
102891	ru	Рас-Танура
102891	tr	Ras Tanura
1028918	az	Pemba
1028918	ru	Пемба
1028918	tr	Pemba
1033356	az	Nampula
1033356	ru	Нампула
1033356	tr	Nampula
10346824	tr	Nilüfer
1035025	ru	Город-де-Накала
103630	az	Nacran
103630	ru	Наджран
103630	tr	Necran
1037125	ru	Монтепвезе
1039536	ru	Машише
1039536	tr	Maxixe
1039854	az	Matola
1039854	ru	Матола
1039854	tr	Matola
1040652	az	Maputu
1040652	ru	Мапуту
1043893	az	Lichinga
1043893	ru	Лишинга
1043893	tr	Lichinga
1045114	az	Inhambane
1045114	ru	Иньямбане
1045114	tr	Inhambane
104515	az	Məkkə
104515	ru	Мекка
104515	tr	Mekke
1045512	ru	Герю
1049261	az	Chimoio
1049261	ru	Шимойо
1049261	tr	Chimoio
105072	ru	Хамис-Мушаит
105072	tr	Hamis Muşayt
1052373	az	Beyrə
1052373	ru	Бейра
1052373	tr	Beira
105299	az	Cizan
105299	ru	Джизан
105299	tr	Cızan
1053384	az	Toamasina
1053384	ru	Туамасина
1053384	tr	Toamasina
105343	az	Ciddə
105343	ru	Джидда
105343	tr	Cidde
1053778	ru	Вохипахо
1053900	ru	Вохиманитра
1054192	ru	Ваватенина
1054463	az	Tsiroanomandidy
1054463	ru	Циройаномандиди
1054463	tr	Tsiroanomandidy
1055059	ru	Царатанана
1055317	ru	Трановахо
1055429	az	Toliara
1055429	ru	Тулиара
1055429	tr	Toliara
1055433	az	Tolanaro
1055433	ru	Толанаро
1055433	tr	Tolanaro
1056151	ru	Соавинандриана
1056381	ru	Суанинджарини
1056386	ru	Суаниерана-Ивунгу
1056531	ru	Ситампикй
1056899	az	Sambava
1056899	ru	Самбава
1056899	tr	Sambava
1056922	ru	Самбаина
1057688	ru	Садабе
1057996	ru	Буризини
1058381	az	Morondava
1058381	ru	Мурундава
1058381	tr	Morondava
1059011	az	Miarinarivo
1059011	ru	Миаринаривo
1059011	tr	Miarinarivo
1059059	ru	Миандрариво
1059098	ru	Миаданандриана
1059507	ru	Марувуай
1060283	ru	Маруанцентре
1061216	az	Manato
1061216	tr	Manato
1061605	az	Manakara
1061605	ru	Манакара
1061605	tr	Manakara
1061912	az	Maintirano
1061912	ru	Майнтирано
1061912	tr	Maintirano
1062146	ru	Фулпуант
1062663	az	Mahajanga
1062663	ru	Махадзанга
1062663	tr	Mahajanga
10627510	ru	Кумбалам
106281	az	Hail
106281	ru	Хаиль
106281	tr	Hail
1062842	az	Maevatanana
1062842	ru	Маеватана
1062842	tr	Maevatanana
10628607	ru	Арор
10628608	ru	Кадакавор
10629856	ru	Фудзиёсида
10630003	ru	Сюйчжоу
10630007	ru	Цусима
10630441	ru	Одзора
10630449	az	Sunshine Coast
10630449	ru	Побережье Солнечного берега
10630449	tr	Sunshine Coast
10632124	tr	Atayurt
1064131	ru	Имеримандрусу
1064275	az	Ihosy
1064275	ru	Ихоси
1064275	tr	Ihosy
1064366	ru	Ифанадиана
1064890	az	Fianarantsoa
1064890	ru	Фианаранцуа
1064890	tr	Fianarantsoa
1064980	az	Fenoarivo Atsinanana
1064980	ru	Фенуариву Атсинанана
1064980	tr	Fenoarivo Atsinanana
1065158	az	Farafangana
1065158	ru	Фарафангана
1065158	tr	Farafangana
1065230	ru	Фандрандава
1066317	ru	Бетеза
1066514	ru	Бетафо
1067487	ru	Бемаицо
1068130	ru	Бехомпй
1068865	ru	Аривунимаму
1068955	ru	Анцохимбондрона
1068971	az	Antsohihy
1068971	ru	Анцохихи
1068971	tr	Antsohihy
106909	ru	Дуба
1069129	az	Antsiranana
1069129	ru	Анцеранана
1069129	tr	Antsiranana
1069166	az	Antsirabe
1069166	ru	Анцирабе
1069166	tr	Antsirabe
1070940	ru	Антананариву
1070940	tr	Antananarivo
1071296	ru	Анталахи
1071299	ru	Антакутаку
107304	az	Burayda
107304	ru	Бурайда
107304	tr	Burayda
107312	ru	Абкайк
107312	tr	Abkayk
1076105	ru	Андуани
1076454	ru	Андапа
107797	ru	Дахран
1078171	ru	Брикавиль
1078966	ru	Ампахана
1079048	az	Ambovombe
1079048	ru	Амбовомбе
1079048	tr	Ambovombe
1079088	az	Ambositra
1079088	ru	Амбосира
1079088	tr	Ambositra
10792588	ru	Чертала
107968	az	Taif
107968	ru	Эт-Таиф
107968	tr	Taif
1079681	ru	Амбохицехено
1079777	ru	Амбохитроломахицй
1079846	ru	Амбохитрандриаманитра
1082639	az	Ambatondrazaka
1082639	ru	Амбатундразака
1082639	tr	Ambatondrazaka
1082992	ru	Амбатулампи
108410	az	Ər-Riyad
108410	ru	Эр-Рияд
108410	tr	Riyad
108435	ru	Ар-Расс
108435	tr	Er Ras
1084740	ru	Аларобиа
108512	az	Arar
108512	ru	Аръар
108512	tr	Arar
10859300	ru	Ляньюньган
108841	ru	Аль-Ула
108918	ru	Эль-Кайсума
108918	tr	Kaysume
108927	ru	Эль-Катиф
1090119	az	Bandraboua
1090119	ru	Бандрабуа
1090119	tr	Bandraboua
1090126	az	Mtsamboro
1090126	ru	Мцамборо
1090126	tr	Mtsamboro
1090161	az	M'Tsangamouji
1090161	ru	М'Цангамудджи
1090161	tr	M'Tsangamouji
1090177	az	Tsingoni
1090177	ru	Цингони
1090177	tr	Tsingoni
1090225	az	Koungou
1090225	ru	Кунгу
1090225	tr	Koungou
1090311	az	Ouangani
1090311	ru	Уангани
1090311	tr	Ouangani
1090322	az	Chiconi
1090322	ru	Чикони
1090322	tr	Chiconi
1090340	az	Sada
1090340	ru	Сада
1090340	tr	Sada
1090397	az	Bandrele
1090397	ru	Бандреле
1090397	tr	Bandrele
1090415	az	Chirongui
1090415	ru	Чиронгуи
1090415	tr	Chirongui
1090467	az	Boueni
1090467	ru	Буэни
1090467	tr	Boueni
1090476	az	Kani-Keli
1090476	ru	Кани-Кели
1090476	tr	Kani-Keli
109223	az	Mədinə
109223	ru	Медина
109223	tr	Medine
109323	ru	Эль-Хубар
109323	tr	El Huber
109353	ru	Эль-Хардж
109353	tr	El-Harc
10942359	ru	Баоцзи
109435	az	Əl-Cübeyl
109435	ru	Аль-Джубайль
109435	tr	El-Cübeyl
109436	ru	Аль-Джубайль
10951593	ru	Noviy Melitopol’
10955770	ru	Кабо Негро
109571	az	Həfuf
109571	ru	Эль-Хуфуф
109571	tr	Hüfuf
10958491	ru	Бни Бояж
109953	az	Baha
109953	ru	Эль-Баха
109953	tr	El Baha
11002069	ru	Пантай-Сенанг
11003055	az	Al-Fulah
11003055	ru	Эль-Фула
11003055	tr	Al-Fulah
11009418	az	Tevragh Zeina
11009418	ru	Тевраг-Зейна
11009418	tr	Tevragh Zeina
110250	ru	Афиф
110336	az	Dammam
110336	ru	Даммам
110336	tr	Ed Dammam
1105776	ru	Мидранд
1105777	ru	Центурион
1106542	ru	Читунгвиза
1106835	az	Thaba-Tseka
1106835	ru	Таба-Цека
1106835	tr	Thaba-Tseka
110690	az	Abha
110690	ru	Абха
110690	tr	Abha
11103219	az	La Passe
11103219	ru	Ла-Пас
11103219	tr	La Passe
11111027	ru	Шенгавит
11114903	ru	Розсошенци
11125112	ru	Мирний
11126122	ru	Веллавая
1113217	ru	Заболь
11145146	ru	Ливий Берег
111453	az	Zəncan
111453	ru	Зенджан
11152665	ru	ЛМС
111613	ru	Захедан
1117652	ru	Талат-Яи
1117656	ru	Талат-Нуа
111822	az	Yəzd
111822	ru	Йезд
11183753	ru	Новое
1120483	az	Kuhsan
1120483	ru	Кошан
1120483	tr	Kuhsan
1120487	az	Tukzar
1120487	ru	Токзар
1120487	tr	Tukzar
11205170	ru	Модрича
11205445	az	Qumlu Təpə
11205445	ru	Сэнди-Хилл
11205445	tr	Sandy Hill
1120711	az	Zindah Jan
1120711	ru	Зиндах Жан
1120711	tr	Zindah Jan
1120985	az	Zərənc
1120985	ru	Зарани
1120985	tr	Zerenc
112214	ru	Варамин
1122747	az	Tarinkot
1122747	ru	Таринкот
1122747	tr	Tarinkot
1123004	az	Taloqan
1123004	ru	Таликан
1123004	tr	Talukan
1125155	az	Shindand
1125155	ru	Шинданд
1125155	tr	Shindand
1125444	az	Şibircən
1125444	ru	Шеберган
1125444	tr	Şibircân
1125896	az	Şahrak
1125896	ru	Шахрак
1125896	tr	Şahrak
1126263	az	Merkez-i Seyyidabad
1126263	ru	Марказ-е Сайидабад
1126263	tr	Merkez-i Seyyidabad
112656	ru	Тонекабон
1126606	az	Sidkabad
1126606	ru	Сидкабад
1126606	tr	Sidkabad
1127110	az	Sar-e Pul
1127110	ru	Сари-Пуль
1127110	tr	Sari Pul
1127547	az	Sangin
1127547	ru	Санджин
1127547	tr	Sangin
1127628	ru	Сангчарак
1127768	az	Aybak
1127768	ru	Айбак
1127768	tr	Aybak
1128265	az	Rustaq
1128265	ru	Рустак
1128265	tr	Rustaq
11288635	ru	Крочетта
11288649	ru	Парелла
112931	az	Tehran
112931	ru	Тегеран
112931	tr	Tahran
1129516	az	Qarqın
1129516	ru	Кханика
1129516	tr	Karkin
1129678	az	Qara Bağ
1129678	ru	Каро Баг
1129678	tr	Kara Bağ
1129867	az	Qala i Naw
1129867	ru	Кала-и-Нау
1129867	tr	Kala-i Naw
1130131	az	Qalat
1130131	ru	Калат
1130131	tr	Kalat
1130469	az	Parun
1130469	ru	Парун
1130469	tr	Parun
1130490	az	Pul-e Khumri
1130490	ru	Пули-Хумри
1130490	tr	Pule Humri
1130497	az	Pul-e Alam
1130497	ru	Пуль-и-Алам
1130497	tr	Pule Alam
113090	tr	Abadeteşk
1131162	az	Pəncab
1131162	ru	Панджаб
1131162	tr	Panjab
1131316	ru	Пагман
1131833	az	Nili
1131833	ru	Нили
1131833	tr	Nili
1132495	az	Nahrin
1132495	ru	Нахрин
1132495	tr	Nahrin
1133270	az	Mir Bağa Kot
1133270	ru	Мир-Бача-Кот
1133270	tr	Mir Bachah Kot
1133453	az	Maymana
1133453	ru	Меймене
1133453	tr	Meymene
1133574	az	Mehtar Lam
1133574	ru	Митарлам
1133574	tr	Mehtar Lam
1133616	az	Mazar-e Şərif
1133616	ru	Мазари-Шариф
1133616	tr	Mezirek-i Şerif
1134720	az	Lashkar Gah
1134720	ru	Лашкаргах
1134720	tr	Laskargah
1134762	ru	Лар Герд
1135158	ru	Кушк
1135689	az	Kunduz
1135689	ru	Кундуз
1135689	tr	Kunduz
113632	ru	Тафт
113636	ru	Тафреш
113646	az	Təbriz
113646	ru	Тебриз
113646	tr	Tebriz
1136469	az	Xost
1136469	ru	Хост
1136469	tr	Houst
1136575	az	Khulm
1136575	ru	Ташкурган
1136575	tr	Khulm
113659	az	Təbəs
113659	ru	Табас
113659	tr	Tebes
1137079	az	Khan Neshin
1137079	ru	Хан-Нешин
1137079	tr	Khan Neshin
1137148	az	Khandud
1137148	ru	Хандуд
1137148	tr	Khandud
1137168	az	Khanabad
1137168	ru	Ханабад
1137168	tr	Khanabad
1137807	az	Karukh
1137807	ru	Карух
1137807	tr	Karukh
1138336	az	Qəndəhər
1138336	ru	Кандагар
1138336	tr	Kandehar
1138958	az	Kabil
1138958	ru	Кабул
1138958	tr	Kâbil
1139085	az	Jurm
1139085	ru	Журм
1139085	tr	Jurm
1139715	az	Cəlalabad
1139715	ru	Джелалабад
1139715	tr	Celalabad
1139807	az	Jabal os Saraj
1139807	ru	Dzhabal’-Ussaradzh
1139807	tr	Jabal os Saraj
1140026	az	Herat
1140026	ru	Герат
1140026	tr	Herat
1141089	az	Ghormach
1141089	ru	Гормач
1141089	tr	Ghormach
1141269	az	Qazni
1141269	ru	Газни
1141269	tr	Gazni
1141540	az	Gereshk
1141540	ru	Герешк
1141540	tr	Gereshk
1141857	az	Gardiz
1141857	ru	Гардез
1141857	tr	Gardiz
1142170	az	Fayzabad
1142170	ru	Файзабад
1142170	tr	Fayzabad
1142239	az	Farkhar
1142239	ru	Фарихар
1142239	tr	Farkhar
1142264	az	Farah
1142264	ru	Фарах
1142264	tr	Ferah
1142330	az	İstalif
1142330	ru	Исталиф
1142330	tr	Istalif
11423653	az	Taro
11423653	ru	Таро
11423653	tr	Taro
1142545	az	İmam Sahib
1142545	ru	Имам Сахиб
1142545	tr	İmam Sahib
114259	az	Sircan
114259	ru	Сирджан
114259	tr	Sircan
1143874	az	Darzab
1143874	ru	Дарзаб
1143874	tr	Darzab
1145352	az	Çarikar
1145352	ru	Чарикар
1145352	tr	Çarikar
114584	ru	Шуштэр
1145904	az	Fayruz Koh
1145904	ru	Фейруз-Кохи
1145904	tr	Feyruz Koh
114593	ru	Сузы
11467676	ru	Сан-Борха
1146822	az	Muhmand Dara
1146822	ru	Basavul’
1146822	tr	Muhmand Dara
1147066	az	Baraki Barak
1147066	ru	Баракибарак
1147066	tr	Baraki Barak
1147242	az	Bamyan
1147242	ru	Бамиан
1147242	tr	Bamyan
1147290	az	Balkh
1147290	ru	Балх
1147290	tr	Belh
1147489	az	Baharak
1147489	ru	Бахарак
1147489	tr	Baharak
1147540	az	Baghlan
1147540	ru	Баглан
1147540	tr	Baghlan
1147851	az	Hukumati Azrah
1147851	ru	Хукумати Азра
1147851	tr	Hukumati Azrah
1148205	az	Asmar
1148205	ru	Асмар
1148205	tr	Asmar
1148311	az	Əsədabad
1148311	ru	Асадабад
1148311	tr	Esedabad
1148658	az	Andkhoy
1148658	ru	Андхой
1148658	tr	Andkhoy
1148709	az	Anar Darah
1148709	ru	Анар Дара
1148709	tr	Anar Darah
1149052	az	Alaqahdari Dishu
1149052	ru	Алакахдари Дишу
1149052	tr	Alaqahdari Dishu
11496397	az	Dar Naim
11496397	ru	Дар-Наим
11496397	tr	Dar Naim
1149698	az	Fetçaburi
1149698	ru	Пхетчабури
1149698	tr	Phetchaburi
1150007	az	Tran
1150007	ru	Транг
1150007	tr	Trang
115019	az	Şiraz
115019	ru	Шираз
115019	tr	Şiraz
1150490	az	Tak
1150490	ru	Так
1150490	tr	Tak
1150515	az	Surat Tani
1150515	ru	Сураттхани
1150515	tr	Surat Thani
1150533	az	Sukhotay
1150533	ru	Сукхотай
1150533	tr	Sukhothai
1150954	az	Raçaburi
1150954	ru	Ратчабури
1150954	tr	Ratchaburi
1150965	az	Ranonq
1150965	ru	Ранонг
1150965	tr	Ranong
1151074	az	Praçuap Kiri Han
1151074	ru	Прачуап-Кхири-Хан
1151074	tr	Prachuap Khiri Khan
1151254	az	Pxuket
1151254	ru	Пхукет
1151254	tr	Phuket
1151340	ru	Пхотхарам
1151426	az	Fayao
1151426	ru	Пхаяо
1151426	tr	Phayao
1151464	az	Fan Nqa
1151464	ru	Пхангнга
1151464	tr	Phang Nga
1151933	az	Naxon Si Tamarat
1151933	ru	Накхонситхаммарат
1151933	tr	Nakhon Si Thammarat
1152222	az	Mə Hong San
1152222	ru	Мае Хонг Сон
1152222	tr	Mae Hong Son
1152227	ru	Мэчан
11523293	az	Sejong
11523293	ru	Сежон
11523293	tr	Sejong
1152468	az	Lamfun
1152468	ru	Лампхун
1152468	tr	Lamphun
1152473	az	Lampanq
1152473	ru	Лампанг
1152473	tr	Lampang
1152633	az	Krabi
1152633	ru	Краби
1152633	tr	Krabi
1152670	ru	Ланта Яи
1153035	ru	Кату
1153072	ru	Кантанг
1153081	az	Kançanaburi
1153081	ru	Канчанабури
1153081	tr	Kanchanaburi
1153090	az	Kamfenq Pet
1153090	ru	Кампхенг-Пхет
1153090	tr	Kamphaeng Phet
1153269	ru	Хуахин
1153269	tr	Hua Hin
1153427	ru	Фанг
1153513	ru	Дамноенсадуак
1153557	az	Çumfon
1153557	ru	Чумпхон
1153557	tr	Chumphon
1153669	az	Çian Ray
1153669	ru	Чианграй
1153669	tr	Chiang Rai
1153671	az	Çian May
1153671	ru	Чианг-Май
1153671	tr	Chiang Mai
1153807	ru	Ча-ам
11549785	ru	Порта
11549790	ru	Вердун
11549805	ru	Навас
11549926	ru	Алмендралес
11549933	ru	Листа
11549946	ru	Арапилес
11549950	ru	Универсидад
11549955	ru	Аделфас
11549965	ru	Алменара
11549971	ru	Павонес
11549974	ru	Пилар
11549984	ru	Валверде
11549996	ru	Абрантес
11550012	ru	Винатерос
11550013	ru	Вентас
11550017	ru	Паломас
11550019	ru	Ампоста
11550029	ru	Росас
11550031	ru	Салвадор
11550900	ru	Аллертон
11551041	tr	Ladywell
11551048	ru	Портсвуд
1155139	ru	Пан-понг
1155231	ru	Пру-Наи
1156836	ru	Ко-Каео
115770	ru	Шахре-Корд
1158377	ru	Ао-Нанг
11592296	ru	В'Юпарк
1159301	ru	Захедан
1159716	ru	Сарахс
1160571	ru	Хаш
116102	ru	Шадеганские
11611008	ru	Маппано
116126	ru	Шабестар
1161724	az	Çabahar
1161724	ru	Чабахар
1161724	tr	Çabahar
1161983	ru	Равалакот
1162004	ru	Хайрпура
1162456	ru	Вазирабад
1162572	ru	Уорбертон
1163021	ru	Убауро
1163054	ru	Турбат
1163198	ru	Тордхер
1163224	ru	Топи
1163414	ru	Тхул
1163582	ru	Татта
1163958	ru	Тандо-Джам
116402	ru	Семнан
1164076	ru	Таль
1164408	ru	Суккур
1164709	ru	Скарду
1164825	ru	Силанвали
1164896	ru	Сиби
1164909	ru	Сиалкот
1165221	ru	Шекхупура
1165789	ru	Севан-Шариф
1166000	ru	Саргодха
1166547	ru	Сахивале
1166548	ru	Сахивал
116667	ru	Сава
1166933	ru	Ренала-Кхерд
1166933	tr	Renala Khurd
11669854	ru	Стамфърд Хил
11669854	tr	Stamford Hill
1166993	az	Ravalpindi
1166993	ru	Равалпинди
1166993	tr	Ravalpindi
1167031	ru	Ратодеро
1167031	tr	Ratodero
1167460	ru	Рахимъярхан
1167528	az	Kvetta
1167528	ru	Кветта
1167528	tr	Ketta
1167622	ru	Камбар
1167821	ru	Пишин
1168197	az	Pişəvər
1168197	ru	Пешавар
1168197	tr	Peşaver
1168226	ru	Паттоки
1168312	ru	Пасни
1168700	ru	Ормара
1168700	tr	Ormara Tehsil
1168718	ru	Окара
1169027	ru	Мирпур
1169334	ru	Наранг
1169372	ru	Нанкана-Сахиб
1169372	tr	Nankana Sahib
11694589	ru	Тадзири
11695435	az	Kalamunda
11695435	ru	Каламунда
11695435	tr	Kalamunda
1169605	ru	Музаффаргар
1169607	az	Müzəffərabad
1169607	ru	Музаффарабад
1169607	tr	Muzaffarabad
1169692	ru	Муридке
1169825	az	Multan
1169825	ru	Мултан
1169825	tr	Multan
116996	ru	Сари
1170295	ru	Мирпур-Хас
1170395	az	Minqora
1170395	ru	Мингора
1170395	tr	Mingora
1170667	ru	Матли
1170880	ru	Мардан
1170951	ru	Мансехра
1171502	ru	Маилси
1172128	ru	Ларкане
1172451	az	Lahor
1172451	ru	Лахор
1172451	tr	Lahor
1172663	ru	Кунджа
1172904	ru	Котри
1173055	ru	Котли
1173491	ru	Кохат
117392	az	Saqqız
117392	ru	Секкез
117392	tr	Saggız
1174357	ru	Хайрпура
1174625	ru	Касур
11747175	ru	Неаполис
1174872	az	Kəraçi
1174872	ru	Карачи
1174872	tr	Karaçi
1175156	ru	Камалия
1175296	ru	Калат
1175436	ru	Кахуте
1175436	tr	Kahuta
1175678	ru	Джохи
117574	az	Sənəndəc
117574	ru	Сенендедж
117574	tr	Senendec
1175864	ru	Джелам
1175892	ru	Джханг-Садр
1175892	tr	Jhang Sadar
1176106	ru	Джаранвала
1176106	tr	Jaranwala
1176233	ru	Джамруд
1176452	ru	Джахангира
11764747	az	Kathvana
11764747	ru	Катвана
11764747	tr	Kathwana
1176515	ru	Джейкобабад
117656	ru	Салмас
1176615	az	İslamabad
1176615	ru	Исламабад
1176615	tr	İslamabad
1176734	ru	Хайдарабад
1176734	tr	Haydarabad
1176995	ru	Хавелиан
1177042	ru	Хасилпур
1177042	tr	Hasilpur
1177107	ru	Харипур
1177169	ru	Хараппа
1177169	tr	Harappa
1177278	ru	Хала
1177446	ru	Гвадар
1177446	tr	Gvadar
11776362	ru	Демиевка
1177654	ru	Гуджарат
1177662	az	Qucranvala
1177662	ru	Гайранвала
1177682	ru	Гуджар Хан
11778463	ru	Хорошов
11778464	ru	Борщаговка
11778484	ru	Луннань
1178231	ru	Годжра
1178231	tr	Gojra
1178338	az	Gilgit
1178338	ru	Гилгит
1178338	tr	Gilgit
1179061	ru	Гамбат
1179400	az	Feysəlabad
1179400	ru	Фейсалабад
1179660	ru	Дакри
1179760	ru	Дипалпур
1180289	ru	Дера-Гази-Хан
118063	az	Səbzivar
118063	ru	Себзевар
118063	tr	Sebzevar
1181065	ru	Читрал
1181065	tr	Çitral
1181073	ru	Чиштиан-Манди
1181096	ru	Чиниот
1181611	ru	Чаман
1181611	tr	Çaman
11817987	ru	Тарасовцы
1182622	ru	Бхириа
1182665	ru	Бхера
1182682	ru	Бхавана
1182682	tr	Bhanawa
1182787	ru	Бхалвал
1182787	tr	Bhalwal
1182998	ru	Бела
1183460	ru	Банну
11838094	ru	Брера
1183880	ru	Бахавалпура
1184055	ru	Бадин
1184752	ru	Акора
1184845	ru	Амидпер-Ист
1185056	ru	Абботтабад
1185092	ru	Тхакургаон
1185099	az	Silhet
1185099	ru	Силхет
1185099	tr	Sylhet
1185106	az	Jamalpur
1185106	ru	Джамалпур
1185106	tr	Jamalpur
1185107	ru	Шибгандж
1185115	ru	Сираджгандж
1185116	az	Netrakona
1185116	ru	Нетракона
1185116	tr	Netrakona
1185120	ru	Сандвип
1185128	az	Rajshahi
1185128	ru	Раджшахи
1185128	tr	Rajshahi
1185162	az	Mymensingh
1185162	ru	Майменсингх
1185162	tr	Mymensingh
1185165	ru	Мирзапур
1185181	az	Lalmonirhat
1185181	ru	Лалмониргат
1185181	tr	Lalmonirhat
1185186	ru	Комилле
1185188	az	Rangpur
1185188	ru	Рангпур
1185188	tr	Rangpur
1185209	ru	Хабигандж
1185224	ru	Фени
1185236	ru	Райпур
1185241	az	Dəkkə
1185241	ru	Дакка
1185241	tr	Dakka
1185252	ru	Кхаграчари
1185270	ru	Бандарбан
1185272	ru	Калия
1185281	az	Bagerhat
1185281	ru	Багерхат
1185281	tr	Bagerhat
1185293	ru	Нарайл
118743	az	Rəşt
118743	ru	Решт
118743	tr	Reşt
1187530	ru	Сонаргаон
11886891	ru	Федоровский
11888168	ru	Высокий
11888170	ru	ВНИИССОК
11888184	ru	Солнечный
11888186	ru	Рощинский
11888187	ru	Коротчаево
118994	ru	Рафсанджане
11919949	ru	Амлапура
119208	ru	Кум
119208	tr	Kum
119374	ru	Кешм
119505	az	Qəzvin
119505	ru	Казвин
11951842	ru	Ясногорск
11962456	ru	Вартиокюля
11962457	ru	Лянсисатама
11995100	ru	Бачжун
1200109	az	Gazipur
1200109	ru	Газипур
1200109	tr	Gazipur
12022106	az	Vingt Cinq
12022106	ru	Вэнь Сэнк
12022106	tr	Vingt Cinq
12023071	ru	Малафеде
12041452	ru	Межгорье
12042053	ru	Мусаффа
12047631	ru	Бискупин
12048035	tr	Emerson Park
12048041	tr	Belmont
12048301	tr	Canonbury
12048327	tr	Tottenham Hale
1205733	az	Çittaqonq
1205733	ru	Читтагонг
1205733	tr	Chattogram
12070063	ru	Пендино
12070064	ru	Аренелла
12076997	az	Jose C. Paz
12076997	ru	Хосе К. Пас
12076997	tr	Jose C. Paz
1209562	ru	Беру
121110	az	Piranşəhr
121110	ru	Пираншехр
121110	tr	Piranşehr
12129128	ru	Рени
1213442	ru	Тонгинг
1213713	ru	Сингкил
121380	ru	Парсабад
1213855	ru	Сиболга
1214026	ru	Сабанг
1214488	ru	Мелабоха
1214520	ru	Медан
1214658	ru	Локсеумаве
1215395	ru	Берастаги
1215502	ru	Банда-Ачех
1215694	ru	Зомин
12157111	ru	Мирамар
12157171	ru	Табалослос
12157172	ru	Фонави
1215839	ru	Ургут
1215957	az	Termiz
1215957	ru	Термез
1215957	tr	Termez
1216187	az	Şəhrisəbz
1216187	ru	Шахрисабз
1216187	tr	Şehr-i-Sebz
1216189	az	Şahimərdan
1216189	ru	Шахимардан
1216189	tr	Şahimerdan
1216265	az	Səmərqənd
1216265	ru	Самарканд
1216265	tr	Semerkant
1216311	az	Qarşı
1216311	ru	Карши
1216311	tr	Karşi
1216475	az	Mübarək
1216475	ru	Муборак
1216475	tr	Mubarek
12167218	ru	Автозаводский
1216787	ru	Китоб
1216982	ru	Каттакурган
1217007	ru	Косон
1217035	az	Qarovulbazar
1217035	ru	Караулбазар
1217035	tr	Karaulpazar
1217084	ru	Каракуль
1217180	ru	Каган
1217262	ru	Гузар
1217362	ru	Жума Шаары
1217474	ru	Денов
1217595	ru	Чархин
1217662	az	Buxara
1217662	ru	Бухара
1217662	tr	Buhara
1217703	ru	Бешкент
1217734	az	Baysun
1217734	ru	Бойсун
1217734	tr	Baysun
1217926	ru	Акташ
1217926	tr	Aktaş
121795	ru	Ошнуйе
121801	az	Urmiya
121801	ru	Урмия
121801	tr	Urmiye
1218021	ru	Иолотань
1218195	ru	Туркменгала
1218239	ru	Теджен
1218401	ru	Шатлык
1218420	ru	Сейди
1218456	ru	Сарахс
1218612	ru	Мургап
1218667	az	Marı
1218667	ru	Мары
1218667	tr	Mary
1218853	ru	Гарашсызлык
1218928	ru	Ходжамбаз
1218928	tr	Hocambaz
1218987	ru	Халач
1218987	tr	Halaç
1219000	ru	Керкичи
1219002	ru	Керки
1219002	tr	Atamurat
1219148	ru	Карабекаул
1219377	ru	Серхетабат
1219392	ru	Магданлы
1219431	ru	Фарап
1219513	ru	Достлук
1219525	ru	Дянев
1219525	tr	Galkynyş
1219638	ru	Чашкент
1219649	az	Türkmənabad
1219649	ru	Туркменабад
1219649	tr	Türkmenabat
1219762	ru	Байрамали
1219811	ru	Бабадайхан
1219812	ru	Бабадайхан
1219812	tr	Babadayhan
1219855	ru	Астанабаба
1219964	ru	Чаача
1220112	ru	Ёвон
1220219	ru	Вахш
1220253	az	İstərövşən
1220253	ru	Истаравшан
1220324	ru	Тавилдара
1220446	ru	Совет
1220566	ru	Шахринав
1220571	ru	Шахристон
1220576	ru	Шахритус
1220628	ru	Сарихосор
1220747	az	Bokhtar
1220747	ru	Курган Тюбе
1220747	tr	Bokhtar
1220750	ru	Пандж
1220798	ru	Пенджикент
1220826	ru	Фархор
1220853	ru	Орзу
1220855	ru	Вахдат
1220888	ru	Обигарм
1220905	ru	Норак
1220910	ru	Панджи Поён
1220920	ru	Ниджони
1220936	ru	Навобод
1220962	ru	Мургоб
1220981	ru	Мучун
1221135	ru	Бохтариён
1221194	ru	Куляб
1221259	ru	Колхозобод
1221297	ru	Киров
1221328	az	Xoroğ
1221328	ru	Хорог
1221328	tr	Khorog
1221614	ru	Ишкашим
1221714	ru	Гиссар
1221740	ru	Рашт
1221748	ru	Гаравути
1221802	ru	Джиргатол
1221808	ru	Dzhilikul’
1221871	ru	Дусти
1221874	az	Düşənbə
1221874	ru	Душанбе
1221874	tr	Duşanbe
1221965	ru	Дангара
1221970	ru	Далёни Боло
1221997	ru	Чубек
1222007	ru	Чорбог
1222286	ru	Амондара
1222387	ru	Кампунг-Паданг-Масират
1222396	ru	Куах
1222562	ru	Сулюкта
1222635	ru	Хайдаркан
1222640	ru	Катран
12226438	ru	Сьюдад-де-ла-Пас
12226438	tr	Ciudad de la Paz
1222662	ru	Исфана
1222662	tr	İsfana
1222683	ru	Дароот-Коргон
1222708	ru	Андарак
122285	ru	Нишапур
12238466	ru	Вуорес
122397	ru	Нека
1225018	ru	Вавуния
1225142	ru	Валведитураи
1225142	tr	Valvettithurai
1226260	az	Trinkomalee
1226260	ru	Тринкомали
1226260	tr	Trinkomalee
1227037	ru	Тангалла
12276940	ru	Латокартано
1228730	az	Ratnapura
1228730	ru	Ратнапуры
1228730	tr	Ratnapura
122914	az	Nəhavənd
122915	ru	Нагаванде
1229293	ru	Путталам
1229293	tr	Puttalam
1229901	ru	Полоннарува
1229901	tr	Polonnaruwa
1229989	ru	Пойнт-Педро
1231410	ru	Панадура
1231410	tr	Panadura
1232783	ru	Нувара-Элия
1233369	az	Neqombo
1233369	ru	Негомбо
1233369	tr	Negombo
1234569	ru	Дехивала-Маунт-Лавиния
1234633	ru	Моратува
1235846	az	Matara
1235846	ru	Матара
1235846	tr	Matara
1235855	ru	Матале
1235855	tr	Matale
12359330	ru	Новий Кодак
1236854	ru	Махарагама
1237980	az	Kurunegala
1237980	ru	Курунегала
1237980	tr	Kurunegala
1238992	ru	Шри-Джаяварденепура-Котте
123941	ru	Минаб
1240372	ru	Килиноччи
1240723	ru	Кегалле
1240723	tr	Kegalle
124085	az	Qoşaçay
124085	ru	Миандоаб
1241076	ru	Катарагама
1241622	az	Kandy
1241622	ru	Канди
1241622	tr	Kandy
1241750	ru	Кандана
1241964	ru	Калутара
1241964	tr	Kalutara
1242833	az	Jaffna
1242833	ru	Джафна
1242833	tr	Jaffna
1244926	ru	Хамбантота
1244926	tr	Hambantota
1246000	ru	Гампола
1246000	tr	Gambpola
1246007	az	Qampaha
1246007	ru	Гампаха
1246007	tr	Gampaha
1246294	az	Galle
1246294	ru	Галле
1246294	tr	Galle
124665	az	Məşhəd
124665	ru	Мешхед
124665	tr	Meşhed
1246924	ru	Эравуре
124721	ru	Мервдешт
1248158	ru	Девинувара
124862	ru	Маранд
1248749	ru	Дамбулла
1248991	az	Kolombo
1248991	ru	Коломбо
1248991	tr	Kolombo
1249145	ru	Чилав
1249145	tr	Chilaw
12494177	az	Nilandhoo
12494177	ru	Ниланду
12494177	tr	Nilandhoo
1249978	ru	Бентота
1249978	tr	Bentota
12500938	ru	Алексеевка
1250161	ru	Баттикалоа
1250615	az	Badulla
1250615	ru	Бадуллы
1250615	tr	Badulla
1251081	az	Anuradhapura
1251081	ru	Анурадхапура
1251081	tr	Anuradhapura
12519211	ru	Княгинин
125205	ru	Маку
12522778	ru	Щемиловка
1252395	az	Vangdu Podrang
1252395	ru	Вангди Подранг
1252395	tr	Wangdue Phodrang
1252408	az	Trongsa
1252408	ru	Тонгса
1252408	tr	Trongsa
1252416	ru	Тхимпху
1252422	az	Trashi Yangtse
1252422	ru	Траши Янгце
1252422	tr	Trashi Yangtse
1252423	az	Trashigang
1252423	ru	Трашиганг
1252423	tr	Trashigang
1252433	az	Dağa
1252433	ru	Дага
1252433	tr	Daga
1252451	az	Şemgang
1252451	ru	Шемганг
1252451	tr	Shemgang
1252460	az	Sarpang
1252460	ru	Сарпанг
1252460	tr	Sarpang
1252479	az	Punakha
1252479	ru	Пунакха
1252479	tr	Punakha
1252484	ru	Пхунчолинг
1252490	az	Paro
1252490	ru	Паро
1252490	tr	Paro
1252514	az	Mongar
1252514	ru	Монгар
1252514	tr	Mongar
1252526	az	Lhuentse
1252526	ru	Лхуэнце
1252526	tr	Lhuentse
1252563	az	Ha
1252563	ru	Ха
1252563	tr	Ha
1252578	az	Qasa
1252578	ru	Газа
1252578	tr	Gasa
1252608	az	Tsirang
1252608	ru	Цирань
1252608	tr	Tsirang
1252610	az	Tsimasham
1252610	ru	Чукха
1252610	tr	Tsimasham
1252698	ru	Заидпур
1252714	ru	Йол
1252738	ru	Еола
1252795	ru	Янам
1252822	ru	Ядгир
1252887	ru	Веллингтон
1252919	ru	Варуд
1252925	ru	Варора
1252942	ru	Вардха
1252948	ru	Варангал
1252960	ru	Ваня
1252964	ru	Ванцзин
1253013	ru	Вай
1253041	ru	Вади
1253079	ru	Вриндаван
1253084	ru	Визианагарам
1253091	ru	Вита
1253102	ru	Вишакхапатнам
1253169	ru	Вилианур
1253184	ru	Виджаявада
1253200	ru	Видиша
1253257	ru	Венгурла
1253286	ru	Веллор
1253367	ru	Васко-да-Гама
1253392	ru	Варкала
1253405	az	Bənarəs
1253405	ru	Варанаси
12534370	ru	Степное Озеро
1253471	ru	Валпой
1253490	ru	Валаванур
1253573	ru	Вадодара
1253573	tr	Vadodara
1253579	ru	Вадипатти
1253595	ru	Вадамадураи
1253702	ru	Уран
1253807	ru	Умред
1253870	ru	Умарга
1253894	ru	Улхаснагар
1253894	tr	Ulhasnagar
1253904	ru	Ухрул
1253914	ru	Удджайн
1253914	tr	Ujjain
1253952	az	Udipi
1253952	ru	Удупи
1253952	tr	Udupi
1253956	ru	Удхампур
1253979	ru	Удала
1253986	ru	Удайпур
1253987	ru	Удайпур
1253993	ru	Утакаманд
1254025	ru	Турувекере
1254080	ru	Тумсар
12541545	ru	Нурмиярви
1254163	ru	Тируванантапурам
1254187	ru	Тричура
1254241	ru	Тонк
1254282	ru	Тодарасингх
1254283	ru	Тодабхим
1254302	ru	Титрон
1254327	ru	Тируваннамалай
1254331	ru	Тируваллур
1254348	ru	Тируппур
1254360	ru	Тирупати
1254361	ru	Тирунелвели
1254385	ru	Тирученгоде
1254388	ru	Тируччираппалли
125446	ru	Махабад
1254589	ru	Тируварур
1254649	ru	Тханджавур
1254649	tr	Thanjavur
1254661	ru	Тхана
1254661	tr	Thane
1254710	ru	Тезпур
1254732	ru	Теонтхар
1254745	ru	Тхени
1254780	ru	Талассери
1254808	ru	Техри
1254832	ru	Таванг
1254904	ru	Транкебар
1254909	ru	Тарана
1255211	ru	Такой
1255212	ru	Такхатпур
1255213	ru	Такхатгарх
1255301	ru	Суснер
1255361	ru	Суратгарх
1255364	ru	Сурат
1255425	ru	Сунел
1255437	ru	Сундаргарх
1255482	ru	Суллия
1255597	ru	Суар
1255616	ru	Сривилипутхур
1255634	ru	Шринагар
1255635	ru	Шринагар
1255647	ru	Шрикакулам
1255647	tr	Srikakulam
1255704	ru	Сорон
1255763	ru	Сонепур
1255850	ru	Солана
1255860	ru	Соджат
1255870	ru	Сохна
1255927	ru	Сиван
1255953	ru	Шиваганга
1256003	ru	Сисаули
1256052	ru	Сирса
1256067	ru	Сирохи
1256119	ru	Синнар
1256119	tr	Sinnar
1256146	ru	Синголи
1256237	az	Şimla
1256237	ru	Шимла
1256245	ru	Симга
1256246	ru	Симдега
1256251	ru	Симариа
1256259	ru	Силвасса
1256269	ru	Силлод
1256287	ru	Силчар
1256295	ru	Силао
1256363	ru	Сидлагхатта
1256369	ru	Сидхи
1256388	ru	Сибсагар
1256436	ru	Солапур
1256451	ru	Шивпури
1256475	ru	Ширпуре
1256489	ru	Ширди
1256515	ru	Шимога
1256523	ru	Шиллонг
1256525	ru	Силигури
1256593	ru	Шеопур
1256650	ru	Шанкаргарх
1256713	ru	Шахпура
1256722	ru	Шахпура
1256814	ru	Серам
1256828	ru	Сеондха
1256854	ru	Сендхва
1256913	ru	Сехор
1256922	ru	Секундерабад
1256931	ru	Савьерпурам
1256949	ru	Савай-Мадхопур
1256976	ru	Саурикх
1257055	ru	Сатара
1257196	ru	Сардхана
1257307	ru	Саонер
1257316	ru	Санвордем
1257436	ru	Сангамнер
1257482	ru	Санаур
1257528	ru	Самдари
1257539	ru	Самбхара
1257540	ru	Самбал
1257542	ru	Самбалпур
1257599	ru	Салон
1257629	ru	Салем
1257673	ru	Шакти
1257682	ru	Сакри
1257802	ru	Сахаспур
1257804	ru	Сахарса
1257804	tr	Saharsa
1257845	ru	Сагар
1257908	ru	Сабрум
1257928	ru	Сабалгарх
1258044	ru	Рурки
1258044	tr	Roorkee
1258061	ru	Рона
1258076	ru	Рохтак
1258078	ru	Рохру
1258109	ru	Роберцонпет
1258111	ru	Робертсгандж
1258128	ru	Ришикеш
1258167	ru	Реаси
1258182	ru	Рева
1258201	ru	Репалле
1258203	ru	Реоти
1258229	ru	Ремуна
1258292	ru	Рая
1258294	ru	Раксаул
1258315	ru	Руркела
1258338	ru	Ратнагири
1258347	ru	Ратиа
1258352	ru	Рата
1258470	ru	Ранигандже
1258477	ru	Рания
1258526	ru	Ранчи
1258553	ru	Рамтек
1258596	ru	Рампур
1258698	ru	Рамешварам
1258740	ru	Раманатхапурама
1258744	ru	Раманагарам
1258815	ru	Алираджпур
1258847	ru	Раджкот
1258864	ru	Раджгир
1258932	ru	Раджамандри
1258980	ru	Райпур
1259005	ru	Райгарх
1259012	ru	Райчур
1259026	ru	Рахиматпур
1259064	ru	Рай-Барели
1259075	ru	Радаур
1259091	ru	Квилон
1259110	ru	Кадиан
1259148	ru	Пушкар
1259166	ru	Пурния
1259166	tr	Purnia
1259177	ru	Пурна
1259184	ru	Пури
1259229	az	Puna
1259229	ru	Пуна
1259229	tr	Pune
1259297	ru	Пудуккоттай
1259297	tr	Pudukottai
1259385	ru	Порт-Блэр
1259388	ru	Порса
1259395	ru	Порбандаром
1259425	ru	Пондишери
1259429	ru	Понда
1259446	ru	Поласара
12594567	az	La Colonia
12594567	ru	Ла Колония
12594567	tr	La Colonia
1259554	ru	Пипраич
1259571	ru	Пиплода
1259592	ru	Пипили
1259652	ru	Пимпри
1259686	ru	Пилибхит
1259784	ru	Пхек
1259813	ru	Пхалоди
1259818	ru	Пхалауда
1259869	ru	Пернем
1259875	ru	Перияпати
1259881	ru	Периталманна
1259896	ru	Перамбалур
1259939	ru	Пехова
12599638	ru	Каллахти
1260009	ru	Паваи
1260016	ru	Паури
1260040	ru	Паттукоттаи
1260046	ru	Патти
1260086	ru	Патна
1260107	ru	Патьяла
1260120	ru	Патри
1260137	ru	Патханкот
1260156	ru	Патауди
1260173	ru	Патан
1260176	ru	Патан
1260274	ru	Парола
1260341	ru	Парбхани
1260407	ru	Папарапатти
1260476	ru	Панипата
1260546	ru	Пандхарпур
1260607	ru	Панаджи
1260637	ru	Палвал
1260671	ru	Палани
1260707	ru	Палитана
1260716	ru	Пали
1260718	ru	Пали
1260728	ru	Палаккад
1260734	ru	Палера
1260833	ru	Пайтхан
1260909	ru	Падарауна
1260916	ru	Падмапур
1261008	ru	Оттапалам
1261012	ru	Османабад
1261033	ru	Орчха
1261045	ru	Онголе
1261066	ru	Оха
1261068	ru	Озар
1261181	ru	Северный Лакхимпур
1261205	ru	Нонгстоин
1261208	ru	Нонгпох
1261234	ru	Нохар
1261288	ru	Нирмала
1261396	ru	Ниланга
1261402	ru	Нилагири
1261444	ru	Недамангалам
1261451	ru	Ничлаул
1261481	ru	Нью-Дели
1261481	tr	Yeni Delhi
1261529	ru	Неллуру
1261613	ru	Навалгарх
1261669	ru	Навадвип
1261731	ru	Насик
1261772	ru	Нарнаул
1261800	ru	Наргунд
1261828	ru	Нараингарх
1261922	ru	Нангал
1261931	ru	Нандурбар
1261968	ru	Нандгаон
1261977	ru	Нандед
1261998	ru	Нанаута
1262067	ru	Налгонда
1262115	ru	Наинва
1262167	ru	Нагри
1262180	ru	Нагпур
1262253	ru	Нагар
1262321	ru	Майсур
1262321	tr	Maisur
1262330	ru	Музаффарпур
1262330	tr	Muzaffarpur
1262332	ru	Музафарнагар
1262374	ru	Муссури
1262412	ru	Муршидабад
1262426	ru	Моринда
1262463	ru	Муннар
1262482	ru	Мангер
1262510	ru	Мундгод
1262534	ru	Мултай
1262648	ru	Мудукулатхур
1262663	ru	Мудхол
1262768	ru	Морджим
1262771	ru	Морена
1262801	ru	Морадабад
1262873	ru	Мохпа
1262951	ru	Могу
1262995	ru	Мирзапур
1263051	ru	Милак
1263057	ru	Михона
1263087	ru	Мхасла
1263189	ru	Мехнагар
1263195	ru	Мехкар
1263214	ru	Меерут
1263220	ru	Миднапор
1263230	ru	Медак
1263275	ru	Мавана
1263303	ru	Маудаха
1263311	ru	Мау
1263364	ru	Матхура
1263494	ru	Мармагао
1263522	ru	Мариани
1263528	ru	Мархаура
1263580	ru	Мапуса
1263691	ru	Манджханпур
1263780	ru	Мангалуру
1263807	ru	Манера
1263814	ru	Мандья
1263824	ru	Мандви
1263852	ru	Мандла
1263862	ru	Манди
1263997	ru	Махабалипурам
12640344	az	Kompienga
12640344	ru	Компьенга
12640344	tr	Kompienga
1264115	ru	Малегаон
1264139	tr	Maloud
1264154	ru	Малаппурам
1264154	tr	Malappuram
1264198	ru	Макси
1264292	ru	Майнпури
1264323	ru	Махва
1264351	ru	Махрони
1264385	ru	Махешвар
1264403	ru	Мах
1264489	ru	Махад
1264504	ru	Магхар
1264514	ru	Магади
1264521	ru	Мадурай
1264524	ru	Мадукараи
1264527	az	Çennai
1264527	ru	Ченнаи
1264553	ru	Мадхугири
1264555	ru	Мадхубани
1264588	ru	Маргао
1264621	ru	Маданапалле
1264688	ru	Лунглеи
1264728	az	Ludhiana
1264728	ru	Лудхияна
1264733	az	Lakhnau
1264733	ru	Лакхнау
1264756	ru	Лосал
1264773	ru	Лоне
1264794	ru	Лонар
1264976	ru	Лех
1264976	tr	Leh
1265014	ru	Латур
1265157	ru	Лалитпур
1265220	ru	Лакхябад
1265376	ru	Кейлонг
1265400	ru	Котханалур
1265472	ru	Куруд
1265491	ru	Карнул
1265491	tr	Kurnool
1265583	ru	Кункури
1265591	ru	Кунигал
1265607	ru	Кундгол
1265613	ru	Кундаркхи
1265632	ru	Кунда
1265683	ru	Кумбаконам
1265709	ru	Куллу
1265711	ru	Култи
1265734	ru	Кулгам-Техсил
1265821	ru	Кучер
1265830	ru	Райрангпур
1265859	ru	Кришнанагар
1265863	ru	Кришнагири
1265873	ru	Калькутта
1265881	ru	Койнанагар
1265896	ru	Ковалам
1265911	ru	Коттаям
1266049	ru	Кота
1266050	ru	Кота
1266051	ru	Кота
1266122	ru	Корба
1266126	ru	Котагере
1266128	ru	Корапут
1266154	ru	Коппал
1266162	ru	Копаргаон
1266258	ru	Коласиб
1266305	ru	Колар
1266330	ru	Кокраджар
1266366	ru	Кохима
1266387	ru	Кодумуди
1266402	ru	Кодигенахали
1266414	ru	Кодарма
1266425	ru	Кодайканал
1266475	ru	Киштваре
1266477	ru	Кишни
1266486	ru	Кишангарх
1266518	ru	Кинват
1266540	ru	Килвелур
1266616	ru	Кхурда
1266668	ru	Кхонса
1266746	ru	Кхетиа
1266809	ru	Хеда
1266849	ru	Кхатаули
1266926	ru	Кхаргупур
1266960	ru	Кхарар
1266975	ru	Харагпур
1266975	tr	Kharagpur
1266976	ru	Харагпур
1267016	ru	Ханна
1267031	ru	Кандва
1267044	ru	Кхандела
1267076	ru	Кхаммам
1267154	ru	Кхаджурахо
1267187	ru	Кхагаул
1267331	ru	Келамангалам
1267336	ru	Кекри
1267361	ru	Каялпатинам
1267390	ru	Каваратти
1267486	ru	Катхуа
1267517	ru	Катгхора
1267579	ru	Кашипур
1267588	ru	Касгандж
1267605	ru	Касаули
1267635	ru	Карвар
1267648	ru	Карур
1267708	ru	Карнал
1267776	ru	Каргил
1267786	ru	Кареры
1267794	ru	Карели
1267819	ru	Караули
1267853	ru	Каранджа
1267911	ru	Капуртхала
1267995	az	Kanpur
1267995	ru	Канпур
1268008	ru	Каньякумари
1268011	ru	Каннаудж
1268124	ru	Кандла
1268159	ru	Канчипурам
1268159	tr	Kanchipuram
1268189	ru	Канакапура
1268266	ru	Каман
1268295	ru	Кальян
1268325	ru	Калпи
1268327	ru	Калпетта
1268341	ru	Кална
1268381	ru	Калки
1268403	ru	Калимпонг
1268561	ru	Какинада
1268593	ru	Кайтхал
1268593	tr	Kaithal
1268601	ru	Каирана
1268610	ru	Атмаллик
1268615	ru	Каимори
1268616	ru	Каимгандж
1268673	ru	Кадири
1268761	ru	Юннар
1268782	az	Calandhar
1268782	ru	Джаландхар
1268782	tr	Jalandhar
1268810	ru	Джоваи
1268820	ru	Джорхат
1268823	ru	Жора
1268865	ru	Джодхпур
1268875	ru	Джобад
1268977	ru	Джхарсугуда
1269042	ru	Джаджар
1269046	ru	Джаджа
1269053	ru	Дхабуа
1269057	ru	Джеварги
1269135	az	Caunpur
1269135	ru	Джаунпур
126914	ru	Киш
1269217	ru	Джаора
1269300	az	Cəmşidpur
1269300	ru	Джамшедпур
1269300	tr	Cemşidpur
1269317	az	Camnaqar
1269317	ru	Джамнагаром
1269317	tr	Jamnagar
1269321	ru	Джамму
1269406	ru	Джалгаоне
1269407	ru	Джалгаоне
1269507	ru	Джайсалмер
1269515	az	Caypur
1269515	ru	Джайпур
1269515	tr	Jaipur
1269578	ru	Джагдалпур
1269633	ru	Джабалпур
1269655	ru	Итанагар
1269743	ru	Индор
1269771	ru	Импхал
1269843	ru	Хайдарабад
1269873	ru	Хунсур
1269910	ru	Хугли
1269920	ru	Хубли-Дхарвад
1269935	ru	Хоспет
1269936	ru	Хоскоте
1269939	ru	Хошангабад
1269939	tr	Huşengabad
1269943	ru	Хосадурга
1269946	ru	Хосанагара
1269990	ru	Холалкере
1270021	ru	Хисуа
1270022	ru	Хисар
1270072	ru	Хинголи
1270164	ru	Хазарибаг
1270185	ru	Хатта
1270239	ru	Хасан
1270286	ru	Хараи
1270351	ru	Харидвар
1270417	ru	Ханси
1270448	ru	Хампи
1270482	ru	Халиял
1270498	ru	Халдвани
1270498	tr	Haldwani
1270523	ru	Хаджипур
1270525	ru	Хаджипур
1270583	ru	Гвалиор
1270642	ru	Гургаон
1270642	tr	Gurgaon
1270647	ru	Гурдаспур
1270668	ru	Гунтура
1270668	tr	Guntur
1270711	ru	Гуна
1270752	ru	Гульбарга
1270824	ru	Губби
1270863	ru	Говардхан
1270903	ru	Горми
1270926	ru	Горакпура
1270927	ru	Горакпура
1270990	ru	Гондия
1270996	ru	Гонда
1271064	ru	Гокарн
1271067	ru	Гокак
1271083	ru	Гохад
1271107	ru	Годхре
1271113	ru	Годда
1271259	ru	Гхоси
1271308	ru	Газиабад
1271361	ru	Гхаргхода
1271363	ru	Гхараунда
1271476	ru	Гувахати
1271582	ru	Гараутха
1271631	ru	Гангток
1271715	ru	Гандинагар
1271734	ru	Гандаи
1271834	ru	Гадхингладж
12718739	ru	Персеверанс
1271900	ru	Фатехпур Сикри
1271912	ru	Фатехпур
1271925	ru	Фатехгарх
1271939	ru	Фарукнагар
1271951	ru	Фаридабад
1271954	ru	Фарака
1271976	ru	Файзабад
1271992	ru	Этах
1272013	ru	Брод
1272025	ru	Эрандол
1272027	ru	Ерал
1272051	ru	Элуру
1272051	tr	Eluru
1272053	ru	Елумалаи
1272140	ru	Дварка
1272175	ru	Дургапур
1272181	ru	Дург
1272181	tr	Durg
1272225	ru	Думраон
1272237	ru	Думка
1272358	ru	Достпур
1272396	ru	Донгаргарх
1272400	ru	Донгаргаон
1272423	ru	Домбивли
1272502	ru	Диу
1272508	ru	Диспур
1272513	ru	Дис
1272543	ru	Диндуккал
1272552	ru	Димапур
1272606	ru	Деглур
1272634	ru	Дигапаханди
1272646	ru	Бичолим
1272648	ru	Дибругарх
1272691	ru	Дхуле
1272768	ru	Дхинг
1272832	ru	Дармсала
1272832	tr	Dharamsala
1272847	ru	Дхармапури
1272874	ru	Дхарангаон
1272892	ru	Дхар
1272979	ru	Дханбад
1273066	ru	Девас
1273083	ru	Девли
1273128	ru	Девакоттаи
1273153	ru	Дешнок
1273166	ru	Дергаон
127319	az	Xürrəmşəhr
127319	ru	Хорремшехр
127319	tr	Hürremşehr
1273193	ru	Деория
1273241	ru	Деогарх
1273265	ru	Деобанде
1273294	az	Dehli
1273294	ru	Дели
1273304	ru	Деху
1273313	ru	Дехрадуне
1273313	tr	Dehra Dun
1273369	ru	Дауса
1273374	ru	Даунд
1273383	ru	Даулатабад
1273467	ru	Дарджилинг
127349	ru	Хуррамобод
1273491	ru	Дарбханга
1273491	tr	Darbhanga
1273534	ru	Данкаур
1273574	ru	Дандели
1273618	ru	Даман
1273626	ru	Далтонгандж
1273637	ru	Далмау
1273665	ru	Дакор
1273727	ru	Дадра
1273780	ru	Каттаке
1273802	ru	Куддалоре
1273847	ru	Колва
1273858	ru	Калангут
1273865	ru	Коимбатур
1273874	ru	Кочин
1273992	ru	Чопда
1274033	ru	Читтур
1274040	ru	Читторгарх
1274040	tr	Chittorgarh
1274043	ru	Читтаранджан
1274056	ru	Читрадурга
1274099	ru	Чиргаон
1274129	ru	Чинтамани
1274229	ru	Чикитигарх
1274237	ru	Чикхли
1274256	ru	Чидамбарам
1274267	ru	Чичли
1274337	ru	Чхатарпур
1274353	ru	Чхапра
1274383	ru	Чейюр
1274406	az	Çerapunci
1274406	ru	Черапунджи
1274457	ru	Чечат
1274532	ru	Чаксу
1274533	ru	Чхатрапур
1274553	ru	Час
1274641	ru	Чаннапатна
1274642	ru	Чаннагири
1274693	ru	Чандрапур
1274693	tr	Chandrapur
12747032	ru	Итя-Хелсинки
1274746	ru	Чандигарх
1274755	ru	Чандери
1274770	ru	Чандаули
1274784	ru	Чанданнагар
1274862	ru	Чаллакере
1274961	ru	Кавелоссим
1274987	ru	Кананорском
1274987	tr	Kannur
1275004	az	Kəlkətə
1275004	ru	Колката
1275004	tr	Kalküta
12750458	ru	Семендер
12750459	ru	Сириус
12750460	ru	Горный
1275066	ru	Бурхар
1275103	ru	Бунди
1275120	ru	Буландшахре
1275120	tr	Bülendşehr
1275163	ru	Бадаюн
1275198	ru	Берхампур
1275248	ru	Боривли
1275334	ru	Бомдила
1275339	az	Mumbay
1275339	ru	Мумбаи
1275339	tr	Mumbai
1275362	ru	Бокаро
1275368	ru	Боисар
1275384	ru	Бодри
1275389	ru	Бодх-Гая
1275441	ru	Бисау
1275462	ru	Бишнупур
1275481	ru	Бисалпур
1275539	ru	Бид
1275558	ru	Биника
1275590	ru	Билси
1275601	ru	Билоли
1275637	ru	Биласпура
1275665	ru	Биканер
1275679	ru	Биджнор
1275701	ru	Биджапур
1275738	ru	Бидар
1275804	ru	Бхум
1275812	ru	Бхудж
1275817	ru	Бхубанешвар
1275818	ru	Бхубан
1275841	ru	Бхопал
1275865	ru	Бхокар
1275901	ru	Бхиванди
1275921	ru	Бхинга
1275971	ru	Бхилаи
1276014	ru	Бхаяндар
1276032	ru	Бхавнагаром
1276070	ru	Бхатинда
1276079	ru	Бхатгаон
1276103	ru	Бхартхана
1276128	ru	Бхаратпур
1276128	tr	Bharatpur
1276191	ru	Бхандара
1276265	ru	Бхайнсдехи
1276325	ru	Бхадрак
1276330	ru	Бхадра
1276393	ru	Беттиах
1276449	ru	Берасиа
1276472	ru	Бенаулим
1276486	ru	Белур
1276495	ru	Белсанд
1276509	ru	Беллари
1276533	ru	Белгаум
1276574	ru	Бела
1276600	ru	Бехат
1276609	ru	Бегусарай
1276609	tr	Begusarai
1276615	ru	Бегун
1276627	ru	Беда
1276652	ru	Баян
1276736	ru	Басти
1276754	ru	Басни
1276783	ru	Басавакальян
1276783	tr	Basavakalyan
1276829	ru	Баруни
1276856	ru	Барши
1276867	ru	Барпета
1276895	ru	Барнала
1276922	ru	Баркхера
1276977	ru	Барх
1276988	ru	Баргарх
1277005	ru	Барайли
1277013	ru	Барейли
1277022	ru	Бардоли
1277082	ru	Баранагар
1277084	ru	Баран
1277091	ru	Барамати
1277264	ru	Банкура
1277324	ru	Бангаон
1277333	ru	Бангалор
1277333	tr	Bengaluru
1277409	ru	Банат
1277539	ru	Бали
1277599	ru	Баласор
1277613	ru	Балдеогарх
1277770	ru	Баикантхпур
1277776	ru	Байхар
1277820	ru	Бахарампур
1277835	ru	Бахадургарх
1277841	ru	Бах
1277936	ru	Багалкот
1277936	tr	Bagalkot
1277950	ru	Бадурии
1278017	ru	Бадами
1278023	ru	Ватакара
1278051	ru	Бабугарх
1278058	ru	Бабина
1278083	ru	Азамгарх
1278094	ru	Айодхье
1278130	ru	Авади
1278139	ru	Ауса
1278149	ru	Аурангабад
1278152	ru	Аурайя
1278173	ru	Аттур
1278294	ru	Ашта
1278296	ru	Ашта
1278314	ru	Асансол
1278354	ru	Арсикере
1278432	ru	Аркота
1278446	ru	Арария
1278464	ru	Арамболь
1278483	ru	Ара
1278534	ru	Аншинг
1278539	ru	Анур
1278573	ru	Анджаром
1278593	ru	Ангул
1278667	ru	Анантнаг
1278672	ru	Анантапуре
1278682	ru	Ананднагар
1278685	ru	Ананд
1278692	ru	Анаималаи
1278710	az	Amritsar
1278710	ru	Амритсар
1278710	tr	Amritsar
1278715	ru	Амрели
1278758	ru	Амлох
1278808	ru	Амет
1278903	ru	Амарнатх
1278905	ru	Амаркантак
1278946	ru	Алвар
1278946	tr	Alwar
1278964	ru	Алот
1278974	ru	Альмора
1278985	ru	Алаппужа
1278994	ru	Аллахабад
1279017	ru	Алигарх
1279019	ru	Алигарх
1279027	ru	Алибаг
1279066	ru	Аланди
1279068	ru	Аланд
1279094	ru	Акот
1279105	ru	Акола
1279110	ru	Акодиа
1279134	ru	Акбарпур
1279144	ru	Акалтара
1279159	ru	Аджмер
1279186	ru	Аиджал
1279233	az	Əhmədabad
1279233	ru	Ахмадабад
1279233	tr	Ahmedabad
1279259	az	Aqra
1279259	ru	Агра
1279290	az	Aqartala
1279290	ru	Агартала
1279299	ru	Агар-агар
1279307	ru	Афзалгарх
1279334	ru	Адра
1279335	ru	Адони
1279390	ru	Ачалпур
1279396	ru	Абу
1279409	ru	Абханпур
1279715	ru	Шигадзе
1279901	ru	Ташкурган
1279945	ru	Сучжоу
1280517	ru	Нагчу
1280737	az	Lhasa
1280737	ru	Лхаса
1280737	tr	Lhasa
1280849	az	Qaşqar
1280849	ru	Кашгар
1280849	tr	Kaşgar
1280957	ru	Цзяюйгуань
1281019	az	Xotan
1281019	ru	Хотан
1281119	ru	Гьянгдзе
1281368	ru	Дечен
1281593	ru	Буранг
1281673	ru	Баошань
1282027	ru	Мале
1282027	tr	Male
1282256	az	Hithadhoo
1282256	ru	Хитхаду
1282256	tr	Hithadhoo
128226	ru	Керманшах
128226	tr	Kirmanşah
128234	ru	Керман
1282601	ru	Турсунзаде
1282714	ru	Тансен
1282770	ru	Сираха
1282898	az	Pokhara
1282898	ru	Покхара
1282898	tr	Pokhara
1282931	ru	Лалитпур
1283190	ru	Киртипур
128321	ru	Казеруна
1283240	ru	Катманду
1283240	tr	Katmandu
1283318	az	Janakpur
1283318	ru	Джанакпур
1283318	tr	Janakpur
1283339	ru	Хетауда
1283401	ru	Гаура
1283465	az	Dhankuta
1283465	ru	Дханкута
1283465	tr	Dhankuta
1283467	ru	Дхангадхи
1283562	az	Butwal
1283562	ru	Бутвал
1283562	tr	Butwal
1283582	ru	Биратнагар
1283613	ru	Бхаратпур
1283613	tr	Bharatpur
1283679	ru	Банепа
1283711	ru	Баглунг
128476	ru	Кашан
1285871	ru	Няунгдон
1285899	ru	Яметин
128665	az	Kərkəc
128747	az	Kərəc
128747	ru	Карай
128747	tr	Kerec
1289828	ru	Вакема
1290596	ru	Таунгу
12908892	ru	Новый Тайбэй
12908892	tr	Yeni Taipei
1293120	ru	Танинтайи
1293625	az	Dawei
1293625	ru	Тавой
1293625	tr	Dawei
1293960	az	Taunggyi
1293960	ru	Таунджи
1293960	tr	Taunggyi
1295301	ru	Тачайлейк
1295765	az	Sittwe
1295765	ru	Ситуэ
1295765	tr	Sittwe
1298482	ru	Сагайн
1298824	az	Yanqon
1298824	ru	Янгон
1298824	tr	Yangon
1298911	ru	Пю
1298987	ru	Пьинмана
1299154	ru	Проме
1299237	ru	Пьяпон
1300466	az	Bago
1300466	ru	Пегу
1300466	tr	Bago
130081	az	Culfa
1301614	ru	Пиндайя
130216	ru	Харк
1302439	ru	Пакокку
1302849	az	Hpa-An
1302849	ru	Хпа-Ан
1302849	tr	Hpa-An
1303351	ru	Ньяунг-У
1303351	tr	Nyaung-U
1303406	ru	Ньяунлебин
1307101	ru	Намгкан
1307101	tr	Namhkam
1307658	ru	Мьяу-У
1307741	az	Myitkyina
1307741	ru	Мьичина
1307741	tr	Myitkyina
1307835	ru	Мьинджан
1307835	tr	Myingyan
130802	ru	Илам
1308078	ru	Мяунгмья
1308204	ru	Мянаунг
1308415	ru	Мудоун
1308465	az	Mawlamyine
1308465	ru	Моламьяйн
1308465	tr	Mawlamyine
1308522	az	Monywa
1308522	ru	Моунъюа
1308522	tr	Monywa
1308910	ru	Монаин
1308910	tr	Mohnyin
1308937	ru	Могок
1308946	ru	Могаунг
1309289	ru	Минбу
1309611	ru	Мьей
1309611	tr	Myeik
1309793	ru	Мейтхила
1310460	ru	Мартабан
1311874	az	Mandalay
1311874	ru	Мандалай
1311874	tr	Mandalay
13118925	ru	Линят
13118926	ru	Ваттуниеми
1312609	az	Magway
1312609	ru	Магуэ
1312609	tr	Magway
13131989	ru	Коткавуори
13131997	ru	Ванха Мунккиниеми
13132007	ru	Еспоонлахден Кескус
13132012	ru	Ви Каупунгиноса
13132013	ru	И Каупунгиноса
13132038	ru	Херванта Луоде
13132040	ru	Херванта Лоунас
13132049	ru	Ванхатулли
13132854	ru	Озёрный
1313479	az	Loikaw
1313479	ru	Лойко
1313479	tr	Loikaw
1314759	ru	Лаша
1314759	tr	Lashio
13156582	ru	Арабкир
1315749	ru	Кьонпья
1315749	tr	Kyonpyaw
1316703	ru	Чжаусхи
1317397	ru	Кяиклат
1317402	ru	Кяиками
13192644	ru	Дарзциемс
1319573	ru	Кодаун
1320944	ru	Канбе
1321275	ru	Кало
132144	ru	Хамадан
1325211	ru	Хинтада
1325211	tr	Hinthada
1325259	ru	Хехо
1325443	az	Hakha
1325443	ru	Хаха
1325443	tr	Hakha
1326105	ru	Фалам
1327659	ru	Чаук
1328121	ru	Богале
1328218	ru	Бамо
1328421	az	Pathein
1328421	ru	Патейн
1328421	tr	Pathein
132892	ru	Горган
1329221	ru	Амарапура
1336134	ru	Кокс-Базар
1336135	az	Hulna
1336135	ru	Кхулна
1336135	tr	Khulna
1336136	ru	Бхола
1336137	az	Barisal
1336137	ru	Барисал
1336137	tr	Barishal
1336143	ru	Пабне
1337233	ru	Богра
1337301	az	Cakar
1337301	ru	Джакар
1337301	tr	Jakar
1337360	az	Samtse
1337360	ru	Самце
1337360	tr	Samtse
1337379	az	Pemagatshel
1337379	ru	Пемагатшел
1337379	tr	Pemagatshel
1337388	az	Samdrup Jongkhar
1337388	ru	Самдруп Джонгкхар
1337388	tr	Samdrup Jongkhar
1337605	az	Mahibadhoo
1337605	ru	Махибаду
1337605	tr	Mahibadhoo
1337606	az	Eydhafushi
1337606	ru	Эйдхафуши
1337606	tr	Eydhafushi
1337607	az	Kudahuvadhoo
1337607	ru	Кудахувадху
1337607	tr	Kudahuvadhoo
1337609	az	Viligili
1337609	ru	Вилигили
1337609	tr	Viligili
1337610	az	Thinadhoo
1337610	ru	Тхинаду
1337610	tr	Thinadhoo
1337611	az	Fuvahmulah
1337611	ru	Фувахмула
1337611	tr	Fuvahmulah
1337612	az	Dhihdhoo
1337612	ru	Дхидху
1337612	tr	Dhihdhoo
1337613	az	Kulhudhuffushi
1337613	ru	Кулхудуффуши
1337613	tr	Kulhudhuffushi
1337616	az	Naifaru
1337616	ru	Найфару
1337616	tr	Naifaru
1337617	az	Muli
1337617	ru	Мули
1337617	tr	Muli
1337618	az	Manadhoo
1337618	ru	Манаду
1337618	tr	Manadhoo
1337619	az	Ungoofaaru
1337619	ru	Унгуфару
1337619	tr	Ungoofaaru
1337620	az	Funadhoo
1337620	ru	Фунаду
1337620	tr	Funadhoo
1337622	az	Veymandoo
1337622	ru	Вейманду
1337622	tr	Veymandoo
1337623	az	Felidhoo
1337623	ru	Фелиду
1337623	tr	Felidhoo
13397276	ru	Ясная
13405691	ru	Либерполис
134613	az	Firdovs
134613	ru	Фердоус
134613	tr	Firdevs
1349452	ru	Савар
13513215	ru	Софиевская Борщаговка
13535606	az	Nga Nam
13535606	ru	Нга Нам
13535606	tr	Nga Nam
13535742	ru	Лазурный
13535744	ru	Голосеев
13535747	ru	Святошин
13545883	ru	Раковка
13545885	ru	Нагирна Частина
13546342	ru	Самба
13546520	ru	Соломянка
13546522	ru	Жуляни
13546532	ru	Подильськ
13561146	ru	Рутченкове
13561148	ru	Боссе
13561228	ru	Текстильник
13561774	ru	Левада
13561777	ru	Подил
13561808	ru	Район Хтз
13562212	ru	Алтын асыр
13562325	ru	имени Ашыра Какабаева
13580010	ru	Багтыярлык
13580034	ru	Правий Берег
13580041	ru	Нивки
13580094	ru	Позняки
13580095	ru	Дарниця
13580096	ru	Березняки
13580098	ru	Воскресенка
13580102	ru	Липки
13580103	ru	Виноградар
13580104	ru	Пост-Волинский
13580112	ru	Теремки
13580113	ru	Видрадний
13580114	ru	Александровская слободка
13580115	ru	Чоколовка
13580117	ru	Дарницький Масив
13580118	ru	Ливобережний Масив
13580119	ru	Лисовий Масив
13580121	ru	Райдужний Масив
13580122	ru	Корчувате
13580123	ru	Вишгородский Масив
13580124	ru	Приорка
13580125	ru	Мостицький Масив
13580126	ru	Сирець
13580127	ru	Куреновка
13580128	ru	Антифиевка
13580129	ru	Татарка
13580130	ru	Шулявка
13580131	ru	Грушки
13580132	ru	Галагани
13580135	ru	Лукяновка
13580316	ru	Микильская Борщаговка
13580317	ru	Харкивский Масив
13580318	ru	Пивнични Осокорки
13580319	ru	Клов
13580322	ru	Кибальчич
13580323	ru	Пивнично-Броварский Масив
13580324	ru	Русановка
13580325	ru	Академмистечко
13580326	ru	Авиамистечко
13589438	ru	Корривертон
13589474	ru	Саперна Слобидка
13590565	tr	Güzeltepe
13590582	az	St. Paul Kilsəsi
13590582	ru	Приход Святого Павла
13590582	tr	St. Paul Kilisesi
13607610	ru	Минский Масив
13607653	ru	Смолянский
13607656	ru	Грузький
13607718	ru	Заричний
13607722	ru	Центральний
13607725	ru	Приморский
13608468	ru	Новозаводский
13608551	ru	Гладковка
136256	ru	Дизфуль
13631374	ru	Кульбакине
13631378	ru	Ракове
13631570	ru	Верхня Теличка
13631571	ru	Нижня Теличка
13631665	ru	г. Солнечногорск
13645588	ru	Даманский
13645595	ru	Красногирка
13645596	ru	Лазурний
13645603	ru	Верстатобуд
13645608	ru	Витряни Гори
13645612	ru	Кадетский Гай
13645613	ru	Караваеви Дачи
13645622	ru	Новобиличи
13645623	ru	Нова Забудова
13645627	ru	Рембаза
13645628	ru	Синьоозерний Масив
13645711	ru	Гёкдепе
136702	ru	Дехлорана
13680381	ru	Варшавский
13680588	ru	Индустриальний
13680594	ru	Новобаварский
13680600	ru	Холодна Гора
13680650	ru	Район Ртс
13680653	ru	Район Азмол
13680656	ru	Колония
13680658	ru	Соцмистечко
13680663	ru	Кальмиуский
13680740	ru	Крымский Массив
13697170	tr	Söğütlü Mahallesi
137436	az	Dərəşəhr
137436	ru	Даррешехр
137436	tr	Dereşehr
138042	ru	Дамаванд
139223	ru	Чалус
139817	ru	Бушир
139889	ru	Букан
140044	ru	Боруджерд
140380	ru	Боджнурд
140463	ru	Бирдженд
140521	ru	Биджар
140889	ru	Бонаб
140918	ru	Бехшехр
141104	ru	Бастак
141349	az	Bərdəskən
141349	ru	Бардаскан
141349	tr	Berdesken
141584	ru	Бани
141681	az	Bəndər Abbas
141681	ru	Бендер-Аббас
141681	tr	Bender Abbas
141736	ru	Бам
142000	ru	Бахар
142255	ru	Бафк
142363	ru	Баболь
142676	ru	Астара
142872	ru	Асадабада
1429434	az	Bazarak
1429434	ru	Базарак
1429434	tr	Bazarak
143083	az	Ərdəbil
143083	ru	Ардабел
143083	tr	Erdebil
143127	ru	Эрак
143534	ru	Амоль
143860	ru	Шахрияр
143921	ru	Алигударз
144038	ru	Алиабад
1441210	ru	Чхутмалпур
144410	ru	Акбарабад
144448	az	Əhvaz
144448	ru	Ахваз
144616	az	Əhər
144616	ru	Ахар
144616	tr	Eher
145034	ru	Абхар
145233	ru	Абданан
145303	ru	Абассабад
145449	ru	Абаде
145459	ru	Абадан
145459	tr	Abadan
145531	az	Saurimo
145531	ru	Сауримо
145531	tr	Saurimo
1456960	az	Maydanshakhr
1456960	ru	Майданшахр
1456960	tr	Maydanshakhr
145724	ru	Лукапа
145757	az	Dundo
145757	ru	Дунду
145757	tr	Dundo
145952	tr	İpsona
145963	tr	Yermasoya
145964	ru	Гери
146054	ru	Строволос
146189	ru	Пергамос
146209	tr	Paralımnı
146214	az	Pafos
146214	ru	Пафос
146214	tr	Baf
146268	az	Nikosiya
146268	ru	Никосия
146268	tr	Lefkoşa
1462711	tr	Vijayapura
146384	az	Limasol
146384	ru	Лимасол
146384	tr	Limasol
146392	tr	Lefke
146400	az	Larnaka
146400	ru	Ларнака
146400	tr	Larnaka
146412	az	Kirenia
146412	ru	Кирения
146412	tr	Girne
1465090	ru	Огужан
1465114	ru	Тагтабазар
146516	tr	Aşağı Binatlı
1465594	ru	Мадхаварам
1465622	ru	Порур
1465825	ru	Мадипакам
146617	az	Famagusta
146617	ru	Фамагуста
146617	tr	Gazimağusa
146661	tr	Yukarı Derinya
146666	tr	Dalı
146858	az	Şarur
146858	ru	Шарур
146858	tr	Şarur
146862	az	Prişib
146901	az	İçəri
146901	ru	Зангелан
146901	tr	Zengilan
146958	az	Yaycı
146958	tr	Yaycı
146961	az	Yardımlı
146961	ru	Ярдымлы
146961	tr	Yardımlı
146969	az	Xocavənd
146969	ru	Ходжавенд
146969	tr	Yeni Karanlig
147059	az	Əhmədbəyli
147059	ru	Tel’mankend
147105	az	Şuşa
147105	ru	Шуша
147105	tr	Şuşa
147271	az	Salyan
147271	ru	Сальян
147271	tr	Salyan
147288	az	Saatlı
147288	ru	Саатлы
147288	tr	Saatlı
147305	az	Qubadlı
147305	ru	Кубатлы
147305	tr	Kubadlı
147368	az	Ordubad
147368	ru	Ордубад
147368	tr	Ordubad
147420	az	Nehrəm
147425	az	Neftçala
147425	ru	Нефтечала
147425	tr	Neftçala
147429	az	Naxçıvan
147429	ru	Нахичевань
147429	tr	Nahçıvan
147504	az	Mincivan
147504	ru	Миндживан
147504	tr	Mincivan
147552	az	Masallı
147552	ru	Масаллы
147552	tr	Masallı
147611	az	Lerik
147611	ru	Лерик
147611	tr	Lerik
147622	az	Lankaran
147622	ru	Ленкорань
147622	tr	Lankaran
147625	az	Laçın
147625	ru	Лачин
147625	tr	Laçın
147637	az	Qıvraq
147637	ru	Кивраг
147637	tr	Kivraq
147774	az	Xocalı
147774	ru	Ходжалы
147774	tr	Hocalı Rayonu
147982	az	İmişli
147982	ru	Имишли
147982	tr	İmişli
148003	az	Horadiz
148003	ru	Горадиз
148003	tr	Horadiz
148106	az	Füzuli
148106	ru	Физули
148106	tr	Fizuli
148141	az	Cəbrayıl
148141	ru	Джебраил
148141	tr	Cebrail
148177	az	Dünyamalılar
148177	ru	Dun’yamalylar
148251	az	Culfa
148251	ru	Джульфа
148251	tr	Culfa
148290	az	Cəlilabad
148290	ru	Джалильабад
148290	tr	Calilaabad
148291	az	Cəhri
148291	ru	Джагри
148323	az	Boradigah
148323	ru	Борадигях
148330	az	Bir May
148330	ru	Бахрамтепе
148340	az	Biləsuvar
148340	ru	Билясувар
148340	tr	Puşkino
148354	az	Beyləqan
148354	ru	Бейлаган
148354	tr	Beylaganlı
148375	az	Bankə
148375	ru	Банк
148413	az	Babək
148413	ru	Тазакент
148413	tr	Tazakend
148445	az	Astara
148445	ru	Астара
148445	tr	Astara
1484871	ru	Краснобродский
1484892	ru	Зырянское
1484923	ru	Зыково
1485020	ru	Знаменское
1485042	ru	Змеиногорск
1485193	ru	Железнодорожный
1485284	ru	Зеленогорский
1485312	ru	Здвинск
1485339	ru	Завьялово
1485357	ru	Заводоуковск
1485389	ru	Зауральский
1485439	ru	Заринск
1485445	ru	Заречный
1485487	ru	Заозёрный
1485528	ru	Залесово
1485627	ru	Южный
1485634	ru	Южноуральск
148565	az	Şirvan
148565	ru	Ширван
148565	tr	Sirvan
1485680	ru	Юрты
1485721	ru	Юргамыш
1485724	ru	Юрга
1485849	ru	Еткуль
1485904	ru	Ермаковское
1485997	ru	Енисейск
1486031	ru	Емельяново
1486039	ru	Еманжелинск
1486164	ru	Еланский
148619	az	Ağdam
148619	ru	Агдам
148619	tr	Ağdam
1486209	az	Yekaterinburq
1486209	ru	Екатеринбург
1486209	tr	Yekaterinburg
1486261	ru	Яя
1486298	ru	Яшкино
1486340	ru	Яровое
1486369	ru	Ярково
1486371	ru	Ярково
1486468	ru	Ялуторовск
1486525	ru	Ягуновский
1486601	ru	Высокий Мыс
1486795	ru	Восточный
1486910	ru	Воркута
1486913	ru	Воргашор
1486983	ru	Волчиха
1486984	ru	Волчанск
1487048	ru	Входной
1487074	ru	Вишневогорск
1487086	ru	Винзили
1487112	ru	Викулово
1487164	ru	Веселоярск
1487219	ru	Верхотурье
1487241	ru	Верх-Тула
1487272	ru	Верхняя Синячиха
1487277	az	Verxnyaya Salda
1487277	ru	Верхняя Салда
1487281	az	Verxnyaya Pışma
1487281	ru	Верхняя Пышма
148730	az	Zanzibar
148730	ru	Занзибар
148730	tr	Zanzibar
1487394	ru	Верхний Уфалей
1487599	ru	Верх-Чебула
1487615	ru	Венгерово
1487764	ru	Варна
1487784	ru	Варгаши
1487882	ru	Ужур
1487922	ru	Уяр
1487933	ru	Увельский
1488200	ru	Усть-Калманка
1488235	ru	Усть-Чарышская Пристань
1488253	ru	Зеленогорск
1488272	ru	Усть-Абакан
1488414	ru	Уренгой
148842	az	Wete
148842	ru	Вето
148842	tr	Wete
1488429	ru	Урай
1488465	ru	Упорово
1488708	ru	Убинское
1488741	ru	Тюменцево
1488754	az	Tümen
1488754	ru	Тюмень
1488754	tr	Tümen
1488774	ru	Тюхтет
1488780	ru	Тюкалинск
1488838	ru	Тяжинский
1488920	ru	Турочак
1488931	ru	Туринская Слобода
1488933	ru	Туринск
1488950	ru	Туран
1489057	ru	Тугулым
1489125	ru	Цементный
1489137	ru	Целинное
1489138	ru	Целинное
1489209	ru	Троицкое
1489218	ru	Троицкий
1489246	ru	Троицк
1489394	ru	Топки
1489398	ru	Топчиха
148942	az	Vwawa
148942	tr	Vwawa
1489425	az	Tomsk
1489425	ru	Томск
1489425	tr	Tomsk
1489499	ru	Тогур
1489508	ru	Тогучин
1489530	ru	Тобольск
1489554	ru	Тисуль
1489597	ru	Тимирязевское
1489656	ru	Тея
1489661	ru	Тевриз
1489853	ru	Тазовский
1489863	ru	Тайжина
1489870	ru	Тайшет
1489907	ru	Тайга
1489938	ru	Таврическое
1489962	ru	Тавда
1490003	ru	Татарск
1490036	ru	Таштып
1490042	ru	Таштагол
1490058	ru	Тасеево
1490085	ru	Тарко-Сале
1490140	ru	Тара
1490256	ru	Талнах
1490266	ru	Тальменка
1490277	ru	Талица
1490281	az	Taliça
1490281	ru	Талица
1490402	ru	Сысерть
1490496	ru	Светлый
1490501	ru	Светлый
1490551	ru	Сузун
1490624	az	Surqut
1490624	ru	Сургут
1490686	ru	Сухой Лог
1490796	ru	Стрежевой
1490805	ru	Стрелка
1491006	ru	Староалейское
1491159	ru	Среднеуральск
1491219	ru	Советское
1491230	ru	Советский
1491267	ru	Сосьва
1491291	ru	Сосновоборск
1491360	ru	Сорск
1491378	ru	Сорокино
1491525	ru	Сокур
1491633	ru	Смоленское
1491706	ru	Славгород
1491953	ru	Шушенское
1491953	tr	Şuşenskoye
1491999	az	Şumixa
1491999	ru	Шумиха
1492149	ru	Шира
1492160	ru	Шипуново
1492252	ru	Шерегеш
1492252	tr	Şeregeş
1492255	ru	Шербакуль
1492388	ru	Шатрово
1492401	ru	Шарыпово
1492499	ru	Шагонар
1492517	ru	Шадринск
1492566	ru	Северо-Енисейский
1492607	ru	Северное
1492663	ru	Серов
1492893	ru	Саяногорск
1493004	ru	Саргатское
1493110	ru	Самусь
1493162	ru	Салым
1493197	az	Salekhard
1493197	ru	Салехард
1493197	tr	Salekhard
1493224	ru	Салаир
1493423	ru	Русская Поляна
1493467	ru	Рубцовск
1493511	ru	Роза
1493523	ru	Ростовка
1493577	ru	Романово
1493623	ru	Родино
1493648	ru	Реж
1493687	ru	Рефтинский
1493722	ru	Ребриха
1493870	ru	Пышма
1494090	ru	Промышленновский
1494091	ru	Промышленная
1494111	ru	Прокудское
1494114	ru	Прокопьевск
1494276	ru	Пойковский
1494309	ru	Потанино
1494331	ru	Поспелиха
1494456	ru	Полысаево
1494500	ru	Полтавка
1494523	ru	Половинное
1494573	ru	Полевской
1494587	ru	Полетаево
1494787	ru	Подгорный
1494790	ru	Подгорное
1494907	ru	Пласт
1494949	ru	Пионерский
1494955	ru	Пионер
1495022	ru	Петухово
1495256	ru	Первомайское
1495259	ru	Первомайское
1495260	ru	Первомайский
1495448	ru	Павловск
1495480	ru	Павлоградка
1495586	ru	Парабель
1495613	ru	Панкрушиха
1495626	ru	Пангоды
1495974	ru	Осинники
149606	az	Tanga
149606	ru	Танга
149606	tr	Tanga
1496100	ru	Ордынское
1496130	ru	Онгудай
1496142	ru	Омутинское
1496153	az	Omsk
1496153	ru	Омск
1496153	tr	Omsk
1496329	az	Okoneşnikovo
1496329	ru	Оконешниково
1496380	ru	Одесское
1496421	ru	Обь
1496476	ru	Нягань
1496503	ru	Ноябрьск
1496511	ru	Новый Уренгой
149658	az	Tabora
149658	ru	Табора
149658	tr	Tabora
1496633	ru	Нововаршавка
1496738	ru	Новосинеглазовский
1496739	ru	Новосиликатный
1496747	az	Novosibirsk
1496747	ru	Новосибирск
1496747	tr	Novosibirsk
1496990	ru	Новокузнецк
149703	az	Sumbawanga
149703	ru	Сумбаванга
149703	tr	Sumbawanga
1497095	ru	Новогорный
1497173	ru	Новоалтайск
1497210	ru	Новоаганск
1497276	ru	Новая Ляля
1497337	ru	Норильск
1497376	ru	Нижняя Тавда
1497393	ru	Нижняя Салда
1497397	ru	Нижняя Пойма
1497406	ru	Нижняя Омка
1497497	ru	Нижний Ингаш
1497543	az	Nijnevartovsk
1497543	ru	Нижневартовск
1497543	tr	Nijnevartovsk
1497549	az	Nijneudinsk
1497549	ru	Нижнеудинск
1497795	ru	Невьянск
1497917	ru	Нефтеюганск
1497932	ru	Называевск
1497951	ru	Назарово
1498067	ru	Нагорный
1498087	ru	Надым
1498129	ru	Мыски
1498129	tr	Tomazak
1498205	ru	Муромцево
1498248	ru	Мундыбаш
1498293	ru	Щучье
1498314	ru	Мотыгино
1498381	ru	Москаленки
1498389	ru	Мошково
1498456	ru	Монетный
1498493	ru	Молчаново
1498633	ru	Мишкино
1498693	ru	Минусинск
1498775	ru	Михайловский
149879	az	Singida
149879	ru	Сингида
149879	tr	Singida
1498887	ru	Миасское
1498894	ru	Миасс
1498919	ru	Междуреченский
1498920	ru	Междуреченск
1499007	ru	Мельниково
1499053	az	Meqion
1499053	ru	Мегион
1499158	ru	Майна
1499163	ru	Майма
1499247	ru	Маслянино
1499279	ru	Марьяновка
1499350	ru	Мариинск
1499428	ru	Мамонтово
1499668	ru	Малышева
1499817	ru	Малиновка
1500036	ru	Макушино
150006	az	Shinyanga
150006	ru	Шиньянга
150006	tr	Shinyanga
1500125	ru	Любинский
1500207	ru	Лузино
1500426	ru	Лобва
1500532	ru	Линёво
1500607	ru	Лесосибирск
1500609	ru	Лесогорск
1500629	ru	Лесниково
1500665	ru	Ленинск-Кузнецкий
1500764	ru	Лебяжье
1500933	ru	Лабытнанги
1500957	ru	Кызыл-Мажалык
1500973	az	Kızıl
1500973	ru	Кызыл
1500973	tr	Kızıl
1500997	ru	Кыштым
1501000	ru	Кыштовка
1501141	ru	Куйбышев
1501255	az	Kurtamış
1501255	ru	Куртамыш
1501321	az	Kurqan
1501321	ru	Курган
1501321	tr	Kurgan
1501356	ru	Курагино
1501365	ru	Купино
1501402	ru	Кунашак
1501460	ru	Кулунда
1501690	ru	Крутинка
1501710	ru	Крутая Горка
1501795	ru	Кривошеино
1501803	ru	Криводановка
1501887	ru	Красный Яр
1501988	ru	Краснозерское
1502026	az	Krasnoyarsk
1502026	ru	Красноярск
1502026	tr	Krasnoyarsk
1502060	ru	Красноуральск
1502061	ru	Краснотурьинск
1502063	ru	Краснотуранск
1502066	ru	Краснощёково
1502091	ru	Краснообск
1502105	ru	Красногорское
1502112	ru	Красногорский
1502192	ru	Крапивинский
1502207	ru	Козулька
1502257	ru	Кожевниково
1502387	ru	Косиха
1502422	ru	Кош-Агач
1502526	ru	Кормиловка
1502536	ru	Коркино
1502603	ru	Копейск
1502725	ru	Югорск
1502822	ru	Колывань
1502847	ru	Кольцово
1502862	ru	Колпашево
1502879	ru	Колосовка
1503037	ru	Кодинск
1503082	ru	Коченёво
1503153	ru	Ключи
1503277	ru	Киселёвск
1503335	az	Kirovqrad
1503335	ru	Кировград
1503726	ru	Харп
1503772	az	Xanti-Mansi
1503772	ru	Ханты-Мансийск
1503772	tr	Hantı-Mansiysk
1503856	ru	Хабары
1503879	ru	Кетово
1503901	az	Kemerovo
1503901	ru	Кемерово
1503901	tr	Kemerovo
1503940	ru	Кедровка
1504019	ru	Казанское
1504139	ru	Кайеркан
1504212	ru	Катайск
1504251	ru	Касли
1504317	ru	Карталы
1504343	ru	Карпинск
1504380	ru	Каргат
1504382	ru	Каргасок
1504383	ru	Каргаполье
1504442	ru	Каратузское
1504489	ru	Карасук
1504636	ru	Карабаш
1504682	ru	Канск
1504769	az	Kamışlov
1504769	ru	Камышлов
1504826	ru	Каменск-Уральский
1504871	ru	Камень-на-Оби
1504972	ru	Калтан
1505074	ru	Калачинск
1505187	ru	Каа-Хем
1505187	tr	Kaa-Hem
1505228	ru	Ижморский
1505260	ru	Ивдель
1505429	ru	Искитим
1505438	ru	Исилькуль
1505453	az	İşim
1505453	ru	Ишим
1505466	ru	Исетское
1505526	az	İrbit
1505526	ru	Ирбит
1505579	az	İnta
1505579	ru	Инта
1505584	ru	Инской
1505933	ru	Иланский
1505946	ru	Иковка
1505965	ru	Игрим
1505991	ru	Игарка
1505998	ru	Идринское
1506073	ru	Гурьевск
1506192	ru	Грамотеино
1506254	ru	Горный
1506258	ru	Горняк
1506260	ru	Горняк
1506268	ru	Горноправдинск
1506271	az	Gorno-Altaysk
1506271	ru	Горно-Алтайск
1506271	tr	Gorno-Altaysk
1506422	ru	Голышманово
1507035	ru	Дзержинское
1507059	ru	Двуреченск
1507116	ru	Дудинка
1507172	ru	Дубинино
1507220	ru	Довольное
1507300	ru	Долгодеревенское
1507379	ru	Дивногорск
1507488	ru	Дегтярск
1507565	ru	Далматово
1507636	ru	Чунский
1507679	ru	Чулым
1507798	ru	Чистоозерное
1507873	ru	Чик
1507926	ru	Чесма
1508054	ru	Черногорск
1508138	ru	Черлак
1508161	ru	Черепаново
1508177	ru	Черёмушки
1508291	az	Çelyabinsk
1508291	ru	Челябинск
1508291	tr	Çelyabinsk
1508350	ru	Чебаркуль
1508458	ru	Чаны
1508501	ru	Чадан
1508715	ru	Буланаш
1508811	ru	Бреды
1508879	ru	Боровский
1508894	ru	Боровой
1508918	ru	Боровиха
1508943	ru	Бородино
1509494	ru	Большеречье
1509686	ru	Большая Мурта
1509819	ru	Болотное
1509844	ru	Богучаны
1509852	ru	Боготол
1509888	ru	Богданович
1509902	ru	Богандинский
1509929	ru	Бобровский
1509999	ru	Благовещенка
1510018	ru	Бийск
1510041	ru	Бирюсинск
1510131	ru	Бея
1510203	ru	Берёзовский
1510205	ru	Берёзовский
1510214	ru	Berëzov
1510255	ru	Берёзовка
1510335	ru	Береговой
1510350	ru	Бердск
1510366	ru	Белый Яр
1510370	ru	Белый-Яр
1510377	ru	Белый Яр
1510450	ru	Белоярский
1510451	ru	Белоярский
1510454	ru	Белоярск
1510469	ru	Белово
1510502	ru	Белокуриха
1510697	ru	Байкалово
1510709	ru	Баево
1510821	ru	Барышево
1510842	ru	Барсово
1510853	az	Barnaul
1510853	ru	Барнаул
1510853	tr	Barnaul
1510916	ru	Барабинск
1510998	ru	Балахта
1511057	ru	Бакчар
1511094	ru	Баган
1511103	ru	Бачатский
1511135	ru	Азово
1511304	ru	Аскиз
1511309	ru	Асино
1511330	ru	Асбест
1511368	ru	Артёмовский
1511381	ru	Аромашево
1511428	ru	Аргаяш
1511466	ru	Арамиль
1511494	ru	Анжеро-Судженск
1511538	ru	Антипино
1511709	ru	Алзамай
1511736	ru	Алтайский
1511783	ru	Алейск
1511846	ru	Александровское
1511954	ru	Алапаевск
1512064	ru	Ак-Довурак
1512086	ru	Академгородок
1512102	ru	Агинское
1512165	az	Açinsk
1512165	ru	Ачинск
1512165	tr	Açinsk
1512205	ru	Абаза
1512210	ru	Абатское
1512218	ru	Абан
1512223	ru	Абалак
1512236	az	Abakan
1512236	ru	Абакан
1512236	tr	Abakan
1512238	ru	Абагур
1512287	ru	Зафар
1512320	ru	Яйпан
1512339	ru	Янгиюль
1512342	ru	Янгиер
1512348	tr	Yenirabat
1512372	ru	Янгиабад
1512372	tr	Yangiabad
1512449	ru	Уйчи
1512464	ru	Уртааул
1512473	az	Ürgenç
1512473	ru	Ургенч
1512473	tr	Ürgenç
1512480	az	Dəştabad
1512480	ru	Даштабад
1512501	ru	Учкурган
1512524	ru	Тойтепа
1512524	tr	Nurafshon
1512569	az	Daşkənd
1512569	ru	Ташкент
1512569	tr	Taşkent
1512770	ru	Сырдарьинская
1512770	tr	Sirderya
1512955	ru	Риштан
1512955	tr	Riştan
1512979	ru	Коканд
1512986	az	Piskənt
1512986	ru	Пскент
1512986	tr	Pskent
1513010	ru	Пайтуг
1513011	ru	Пайшанба
1513017	ru	Паркент
1513017	tr	Parkent
1513023	ru	Поп
1513023	tr	Pap
1513064	az	Almalıq
1513064	ru	Алмалык
1513064	tr	Almalık
1513072	ru	Ахангаран
1513087	ru	Нурота
1513092	ru	Novyy Turtkul’
1513131	az	Navai
1513131	ru	Навои
1513131	tr	Nevai
1513157	az	Namangan
1513157	ru	Наманган
1513157	tr	Nemengan
1513241	ru	Мархамат
1513242	ru	Мархамат
1513243	ru	Маргилан
1513245	ru	Мангит
1513271	ru	Асака
1513288	ru	Кызылтепа
1513288	tr	Kızıltepe
1513567	ru	Кибрай
1513567	tr	Kıbray
1513578	ru	Советабад
1513604	ru	Хива
1513886	az	Cizzax
1513886	ru	Джизак
1513886	tr	Cizzak
1513889	ru	Избаскан
1513900	ru	Искандар
1513953	ru	Il’ichevsk
1513962	ru	Гурлан
1513966	az	Qulıstan
1513966	ru	Гулистан
1513966	tr	Gülistan
1513992	ru	Газган
1513996	ru	Газалкент
1514011	ru	Гагарин
1514019	az	Fərqanə
1514019	ru	Фергана
1514019	tr	Fergana
1514027	az	Əmir Timur
1514027	ru	Амир Тимур
1514027	tr	Emir Timur
1514109	ru	Джалалкудук
1514140	ru	Питнак
1514174	ru	Дардак
1514192	ru	Чуст
1514210	az	Çirçik
1514210	ru	Чирчик
1514210	tr	Çirçig
1514215	ru	Чиноз
1514215	tr	Çinaz
1514219	ru	Чинобод
1514382	ru	Бешарыкского
1514387	ru	Беруний
1514396	ru	Бектемир
1514402	ru	Бекабад
1514581	ru	Ангрен
1514588	az	Əndican
1514588	ru	Андижан
1514588	tr	Andican
1514668	ru	Аккурга
1514716	ru	Аим
151479	az	Njombe
151479	tr	Njombe
1514792	az	Qazocaq
1514792	ru	Газаджак
1514792	tr	Gazojak
1514801	ru	Дарганата
1514829	ru	Табошар
1514839	ru	Мехрабад
1514844	ru	Пахтакорон
1514856	ru	Нов
1514879	az	Xucənd
1514879	ru	Худжанд
1514879	tr	Hucand
1514883	ru	Кайроккум
1514889	ru	Консой
1514891	az	Qənibadam
1514891	ru	Канибадам
1514896	az	İsfərah
1514896	ru	Исфара
1514913	ru	Бустон
1514921	ru	Шайдон
1514929	ru	Адрасман
1515007	az	Uliasutay
1515007	ru	Улиастай
1515007	tr	Uliastay
1515029	az	Ulaangom
1515029	ru	Улангом
1515029	tr	Ulaangom
1515436	az	Öлгий
1515436	ru	Улгий
1515436	tr	Ölgii
1516048	az	Xovd
1516048	ru	Ховд
1516048	tr	Khovd
1516393	az	Altay
1516393	ru	Алтай
1516393	tr	Altai
1516438	ru	Зыряновск
1516519	ru	Джусалы
1516527	ru	Жолымбет
1516589	az	Jezqazğan
1516589	ru	Жезказган
1516589	tr	Jezkazgan
1516590	ru	Жезкент
1516601	ru	Житикара
1516634	ru	Железинка
1516788	ru	Жанатас
1516789	ru	Айтеке-Би
1516905	az	Taraz
1516905	ru	Тараз
1516905	tr	Taraz
1517020	ru	Жаксы
1517060	az	Zaysan
1517060	ru	Зайсан
151711	ru	Нгара
151711	tr	Ngara
1517323	ru	Яныкурган
1517471	ru	Пенджим
1517501	ru	Турара Рыскулова
1517610	ru	Усть-Таловка
1517637	ru	Уштобе
1517721	ru	Урджар
1517880	ru	Тюлькубас
1517945	az	Türkistan
1517945	ru	Туркестан
1517945	tr	Türkistan
1517957	ru	Турген
1518062	ru	Тургай
1518139	ru	Тобол
1518203	ru	Теренозек
1518262	ru	Темиртау
1518266	ru	Темирлановка
1518296	ru	Текели
1518431	ru	Тасбогет
1518518	ru	Талгар
1518542	az	Taldikorgan
1518542	ru	Талдыкорган
1518542	tr	Taldikorgan
1518936	ru	Смирново
1518945	ru	Мырзакент
1518980	az	Çimkənd
1518980	ru	Шымкент
1518980	tr	Çimkent
1519030	ru	Шу
1519050	ru	Шортанды
1519226	ru	Шемонаиха
1519230	ru	Чилик
1519244	ru	Щучинск
1519275	ru	Чарск
1519277	ru	Шантобе
1519327	ru	Шахтинск
1519333	ru	Шахан
1519385	ru	Сергеевка
1519422	az	Semey
1519422	ru	Семей
1519422	tr	Semey
1519516	ru	Састобе
1519580	ru	Сарыозек
1519673	ru	Сарыагаш
1519691	ru	Сарканд
1519725	ru	Сарань
1519776	ru	Саксаульский
1519843	ru	Рудный
1519922	az	Qızılorda
1519922	ru	Кызылорда
1519922	tr	Kızılorda
1519924	ru	Кушмурун
1519928	az	Qostanay
1519928	ru	Костанай
1519928	tr	Kostanay
1519932	ru	Качар
1519934	ru	Каркаралинск
1519935	ru	Каражал
1519936	ru	Карааул
1519938	ru	Каратау
1519948	az	Konayev
1519948	ru	Конаев
1519948	tr	Konayev
1520025	ru	Приозерный
1520172	az	Petropavl
1520172	ru	Петропавловск
1520172	tr	Kızılyar
1520208	ru	Первомайское
1520240	az	Pavlodar
1520240	ru	Павлодар
1520240	tr	Pavlodar
1520253	ru	Жаркент
1520281	ru	Ойтал
1520316	az	Öskemen
1520316	ru	Усть-Каменогорск
1520316	tr	Öskemen
1520327	ru	Осакаровка
1520627	ru	Новодолинский
1520660	ru	Новая Бухтарма
1520692	ru	Сатпаев
1520747	ru	Нарынкол
1520885	ru	Курчатов
1520947	ru	Сарыкемер
1520969	ru	Мерке
1521048	ru	Майкайн
1521126	ru	Маканчи
1521230	ru	Макинск
1521292	ru	Луговое
1521293	ru	Луговой
1521315	ru	Лисаковск
1521351	ru	Ленинское
1521365	ru	Атамекен
1521368	az	Baykonur
1521368	ru	Байконур
1521368	tr	Baykonur
1521370	ru	Лениногорск
1521379	ru	Ленгер
1521401	ru	Kishkenekol’
1521762	ru	Курчум
1522035	ru	Красноармейск
1522203	az	Kokshetau
1522203	ru	Кокшетау
1522203	tr	Kokshetau
152224	az	Mwanza
152224	ru	Мванза
152224	tr	Mwanza
1522348	ru	Комсомолец
1522605	ru	Нура
1522642	ru	Балпык-Би
1522643	ru	Кировский
1522751	ru	Кентау
1522818	ru	Кеген
1522862	ru	Казалинск
1523512	ru	Кантаги
1523605	ru	Калкаман
1523662	ru	Качиры
1523741	ru	Есик
1523741	tr	Isık
1523768	ru	Иртышск
1524138	ru	Ильич
1524227	ru	Глубокое
1524243	ru	Кордай
1524245	ru	Георгиевка
1524265	ru	Мойынкум
1524282	ru	Фёдоровка
1524296	ru	Yesil’
1524298	ru	Аксу
1524302	ru	Ерейментау
1524308	ru	Отеген Батыра
1524325	ru	Экибастуз
1524385	ru	Джетысай
1524478	ru	Джалагаш
152451	az	Musoma
152451	ru	Мусома
152451	tr	Musoma
1524606	ru	Державинск
1524703	ru	Чулаккурган
1524801	ru	Шиели
1524815	ru	Черняевка
1524871	ru	Чаян
1524889	ru	Шардара
1524958	ru	Бурундай
1525014	ru	Булаево
1525014	tr	Bulaev
1525121	ru	Боровской
1525126	ru	Боровое
1525134	ru	Бородулиха
1525197	ru	Bol’shenarymskoye
1525295	ru	Бишкуль
1525376	ru	Бестобе
1525462	ru	Аксу
1525490	ru	Белоусовка
1525650	ru	Баянаул
1525798	ru	Балхаш
1525809	ru	Балкашино
1525850	ru	Баканас
1525988	ru	Аягоз
1526038	ru	Атбасар
1526041	ru	Атасу
1526055	ru	Асубулак
1526059	ru	Астраханка
1526081	ru	Ащисай
1526168	ru	Арысь
1526193	ru	Аркалык
1526265	ru	Аральск
1526269	ru	Актау
1526271	ru	Аксу
1526273	az	Astana
1526273	ru	Астана
1526273	tr	Astana
1526274	ru	Агадырь
1526384	az	Almatı
1526384	ru	Алматы
1526384	tr	Almatı
1526601	ru	Актау
1526619	ru	Актас
1526797	ru	Акколь
1526970	ru	Абай
1526973	ru	Абай
1526979	ru	Кува
1527004	ru	Балыкчи
1527004	tr	Balıkçı
1527030	ru	Военно-Антоновка
1527103	ru	Уч-Коргон
1527121	ru	Тюп
1527121	tr	Tüp
1527199	ru	Токмак
1527232	ru	Ак-Суу
1527260	ru	Таш-Кумыр
1527299	az	Talas
1527299	ru	Талас
1527299	tr	Talas
1527317	ru	Сузак
1527347	ru	Советское
1527351	ru	Сосновка
1527496	ru	Покровка
1527497	ru	Покровка
1527513	az	Özkənd
1527513	ru	Узген
1527513	tr	Özçent
1527534	az	Oş
1527534	ru	Ош
1527534	tr	Oş
1527592	az	Narın
1527592	ru	Нарын
1527592	tr	Narın
1527689	ru	Ленин-Джол
1527690	ru	Лебединовка
1527719	ru	Кызыл-Кия
1527903	ru	Кочкор-Ата
1527903	tr	Koçkor-Ata
1527919	ru	Кировское
1527951	ru	Халмион
1528005	ru	Казарман
1528052	ru	Кербен
1528091	ru	Кара-Суу
1528121	az	Qarakol
1528121	ru	Каракол
1528121	tr	Karakol
1528124	ru	Kara-Kul’
1528182	ru	Кара-Балта
1528193	ru	Кант
1528234	ru	Каинды
1528249	az	Cəlal-Abad
1528249	ru	Джалал-Абад
1528249	tr	Celal-Abad
1528252	ru	Ивановка
1528283	ru	Ирадан
1528288	ru	Колхоз Имени Кирова
1528320	ru	Gul’cha
1528512	ru	Чолпон-Ата
1528606	ru	Быстровка
1528642	ru	Боз-Бешик
1528666	ru	Бокомбаевское
1528675	az	Bişkek
1528675	ru	Бишкек
1528675	tr	Bişkek
1528702	ru	Беловодское
1528717	ru	Базар-Коргон
1528735	az	Batken
1528735	ru	Баткен
1528735	tr	Batken
1528766	ru	Баетово
1528796	ru	Ат-Баши
1528875	ru	Ала-Бука
1528944	ru	Ак-Джар
1529102	az	Urumçi
1529102	ru	Урумчи
1529102	tr	Urumçi
1529114	ru	Турфан
1529195	ru	Шихэцзы
1529363	ru	Куча
1529376	ru	Корла
1529401	ru	Карамай
1529484	ru	Хами
1529531	ru	Дуньхуан
1529569	ru	Чанцзи
1529641	ru	Аральское
1529651	ru	Алтайская
1529660	ru	Аксу
153176	az	Mpanda
153176	ru	Mpanda
153176	tr	Mpanda
153209	az	Moshi
153209	ru	Моши
153209	tr	Moshi
153220	az	Morogoro
153220	ru	Морогоро
153220	tr	Morogoro
153384	ru	Млимба
1535379	ru	Новоишимский
153585	az	Mkokotoni
153585	tr	Mkokotoni
153600	ru	Мкоани
1536289	ru	Снежинск
1536648	ru	Исток
1536757	ru	Приобье
1537939	ru	Степногорск
1537947	ru	Заводской
1538311	ru	Бустон
1538533	ru	Султанабад
1538551	ru	Эскиараб
1538634	ru	Озёрск
1538635	ru	Железногорск
1538636	ru	Новоуральск
1538637	ru	Северск
1538638	ru	Локомотивный
1538639	ru	Солнечный
1538640	ru	Свободный
1538641	ru	Кедровый
1538642	ru	Сибирский
1538648	ru	Токтогул
1539153	ru	Жибек Жолы
1539209	ru	Губкинский
1539210	ru	Пурпе
1540356	az	Radujnıy
1540356	ru	Радужный
1540436	ru	Первомайский
1540475	ru	Туртас
1540656	ru	Нижняя Ала-Арча
1540657	ru	Маевка
1540711	ru	Муравленко
1540852	ru	Старокамышинск
1540882	ru	Бажово
1540905	ru	Рощино
1541359	ru	Лянтор
154380	az	Mbeya
154380	ru	Мбее
154380	tr	Mbeya
1544583	ru	Уйское
1545752	az	Port Mathurin
1545752	ru	Пор Матюрен
1545752	tr	Port Mathurin
1546102	ru	Порт-о-Франсэ
1559446	az	Koror
1559446	ru	Корор
1559446	tr	Koror
1559543	az	Ulimang
1559543	ru	Улиманг
1559543	tr	Ulimang
1559804	az	Melekeok kəndi
1559804	ru	Деревня Мелекеок
1559804	tr	Melekeok Köyü
1559820	az	Ngereklmadel
1559820	ru	Нгерекламадел
1559820	tr	Ngereklmadel
1559864	az	Imeong kəndcəsi
1559864	ru	Деревушка Имеонг
1559864	tr	Imeong Köyü
1560038	ru	Хан Винь Ен
1560349	ru	Йенбай
1562414	ru	Вунгтау
1562538	az	Vi Thanh
1562538	ru	Вi Тхань
1562538	tr	Vi Thanh
1562693	az	Vinh Long
1562693	ru	Винь Лонг
1562693	tr	Vinh Long
1562798	az	Vinh
1562798	ru	Винь
1562798	tr	Vinh
1562818	ru	Вьетйен
1562820	az	Viet Tri
1562820	ru	Вьет Три
1562820	tr	Viet Tri
1563281	az	Tuy Hoa
1563281	ru	Туихоа
1563281	tr	Tuy Hoa
1563287	az	Tuyen Quang
1563287	ru	Туйен Куанг
1563287	tr	Tuyen Quang
1563683	ru	Хонглинь
1563926	az	Thanh pho Tra Vinh
1563926	ru	Тхань Фо Тра Винь
1563926	tr	Thanh pho Tra Vinh
1565022	az	Thu Dau Mot
1565022	ru	Тхузаумот
1565022	tr	Thu Dau Mot
156589	az	Koani
156589	ru	Коани
156589	tr	Koani
1566083	az	Hoşimin
1566083	ru	Хошимин
1566166	az	Thanh Hoa
1566166	ru	Тхань Хоа
1566166	tr	Thanh Hoa
1566319	az	Thai Nguyen
1566319	ru	Тай-Нгуен
1566319	tr	Thai Nguyen
1566559	az	Tay Ninh
1566559	ru	Тэйнинь
1566559	tr	Tay Ninh
1567069	az	Tan An
1567069	ru	Тан
1567069	tr	Tan An
1567148	az	Tam Ky
1567148	ru	Там Ки
1567148	tr	Tam Ky
1567621	ru	Сон-Тай
1567681	az	Son La
1567681	ru	Сон-Ла
1567681	tr	Son La
1567788	az	Soc Trang
1567788	ru	Шокчанг
1567788	tr	Soc Trang
1568043	ru	Сапа
1568510	az	Rach Gia
1568510	ru	Ратьзя
1568510	tr	Rach Gia
1568574	az	Qui Nhon
1568574	ru	Куинён
1568574	tr	Qui Nhon
1568770	az	Quang Ngai
1568770	ru	Куангнгай
1568770	tr	Quang Ngai
1569684	az	Pleiku
1569684	ru	Плейку
1569684	tr	Pleiku
1569973	ru	Дуонг-Донг
1570449	az	Phu Ly
1570449	ru	Фу Ли
1570449	tr	Phu Ly
1571058	az	Phan Thiet
1571058	ru	Фантьет
1571058	tr	Phan Thiet
1571067	az	Phan Rang-Thap Cham
1571067	ru	Фан Ранг-Тхап Чам
1571067	tr	Phan Rang-Thap Cham
1571968	az	Ninh Binh
1571968	ru	Нинь Бинь
1571968	tr	Ninh Binh
1572151	az	Nha Trang
1572151	ru	Нячанг
1572151	tr	Nha Trang
1573517	az	Nam Dinh
1573517	ru	Намдинь
1573517	tr	Nam Dinh
1574023	az	My Tho
1574023	ru	Мита
1574023	tr	My Tho
157403	ru	Килоса
157448	ru	Килиматинде
1575627	az	Long Xuyen
1575627	ru	Лонг Суэн
1575627	tr	Long Xuyen
1576303	az	Lao Cai
1576303	ru	Лаокай
1576303	tr	Lao Cai
1576633	az	Lang Son
1576633	ru	Лангсон
1576633	tr	Lang Son
157738	az	Kigoma
157738	ru	Кигоме
157738	tr	Kigoma
1580142	az	Hung Yen
1580142	ru	Хунгйен
1580142	tr	Hung Yen
1580240	az	Hue
1580240	ru	Хюэ
1580240	tr	Hué
158027	az	Kibaha
158027	ru	Кибаха
158027	tr	Kibaha
1580410	az	Ha Long
1580410	ru	Халонг
1580410	tr	Ha Long
1580541	ru	Хойан
1581047	az	Ha Tinh
1581047	ru	Хатинь
1581047	tr	Ha Tinh
1581052	ru	Хатьен
1581130	az	Hanoy
1581130	ru	Ханой
1581130	tr	Hanoi
1581298	az	Hayfon
1581298	ru	Хайфон
1581298	tr	Haiphong
1581326	ru	Хайзыонг
158151	ru	Катумба
1581834	az	Gia Nghia
1581834	ru	Зя Нгиа
1581834	tr	Gia Nghia
158214	ru	Касулу
1582173	ru	Дык Тронг
1582436	az	Cong Xoai
1582436	ru	Зонг Хоай
1582436	tr	Gjong Xoai
1582886	ru	Донгхой
1582926	az	Dong Ha
1582926	ru	Донг Ха
1582926	tr	Dong Ha
1583477	az	Dien Bien Phu
1583477	ru	Дьенбьенфу
1583477	tr	Dien Bien Phu
1583992	az	Da Nang
1583992	ru	Дананг
1583992	tr	Da Nang
1584071	az	Da Lat
1584071	ru	Далат
1584071	tr	Da Lat
1584661	ru	Ку-Чи
1584807	ru	Кон-Шон
158597	ru	Кахама
1586052	ru	Кат Ба
1586151	az	Kao Lanh
1586151	ru	Као Ланх
1586151	tr	Cao Lanh
1586185	az	Kao Bang
1586185	ru	Каобанг
1586185	tr	Cao Bang
1586203	az	Kan Tho
1586203	ru	Кан Тхо
1586203	tr	Can Tho
1586350	ru	Камрань
1586360	ru	Камфа
1586443	az	Ka Mau
1586443	ru	Камау
1586443	tr	Ca Mau
1586896	az	Buon Ma Thuot
1586896	ru	Буон Ма Тхуот
1586896	tr	Buon Ma Thuot
1587923	az	Bien Hoa
1587923	ru	Бьен Хоа
1587923	tr	Bien Hoa
1587976	az	Ben Tre
1587976	ru	Бен Тре
1587976	tr	Ben Tre
1588275	ru	Баолок
159045	ru	Исака
159071	az	İringa
159071	ru	Иринга
159071	tr	Iringa
1591449	az	Bak Ninh
1591449	ru	Бак Нинь
1591449	tr	Bac Ninh
1591527	ru	Бакзянг
159908	az	Geita
159908	ru	Геита
159908	tr	Geita
160196	ru	Додома
160196	tr	Dodoma
160263	az	Dar əs Salam
160263	ru	Дар-эс-Салам
160263	tr	Darüsselam
1604769	az	Yasotxon
1604769	ru	Ясотхон
1604769	tr	Yasothon
1604870	az	Yala
1604870	ru	Яла
1604870	tr	Yala
1605215	az	Uttardit
1605215	ru	Уттарадит
1605215	tr	Uttaradit
1605221	az	Utay Tani
1605221	ru	Утхай-Тхані
1605221	tr	Uthai Thani
1605239	az	Udon Tani
1605239	ru	Удонтхани
1605239	tr	Udon Thani
1605245	az	Ubon Raçatani
1605245	ru	Убонратчатхани
1605245	tr	Ubon Ratchathani
1605279	az	Trat
1605279	ru	Трат
1605279	tr	Trat
1606030	az	Surin
1606030	ru	Сурин
1606030	tr	Surin
1606033	az	Suphan Buri
1606033	ru	Суфан Бури
1606033	tr	Suphan Buri
1606147	az	Songkhla
1606147	ru	Сонгкхла
1606147	tr	Songkhla
1606239	az	Si Sa Ket
1606239	ru	Си Са Кет
1606239	tr	Si Sa Ket
1606270	az	Sing Buri
1606270	ru	Синг Бури
1606270	tr	Sing Buri
1606376	az	Satun
1606376	ru	Сатун
1606376	tr	Satun
1606418	az	Saraburi
1606418	ru	Сарабури
1606418	tr	Saraburi
1606586	az	Samut Songkhram
1606586	ru	Самут Сонгкрам
1606586	tr	Samut Songkhram
1606588	az	Samut Sakhon
1606588	ru	Самут Сахон
1606588	tr	Samut Sakhon
1606590	az	Samut Prakan
1606590	ru	Самутпракан
1606590	tr	Samut Prakan
160677	az	Çakə Çakə
160677	ru	Чаке Чаке
160677	tr	Chake Chake
1606790	az	Sakon Nakhon
1606790	ru	Сакон Накхон
1606790	tr	Sakon Nakhon
1606807	az	Sa Kaeo
1606807	ru	Са Каео
1606807	tr	Sa Kaeo
1606939	ru	Садао
1607001	az	Roi Et
1607001	ru	Рои Эт
1607001	tr	Roi Et
1607017	az	Rayong
1607017	ru	Районг
1607017	tr	Rayong
1607280	az	Prachin Buri
1607280	ru	Прачин Бури
1607280	tr	Prachin Buri
1607532	az	Phra Nakhon Si Ayutthaya
1607532	ru	Аюттхая
1607532	tr	Phra Nakhon Si Ayutthaya
1607552	az	Phrae
1607552	ru	Пхрае
1607552	tr	Phrae
1607708	az	Phitsanulok
1607708	ru	Пхитсанулок
1607708	tr	Phitsanulok
1607725	az	Phichit
1607725	ru	Пхичит
1607725	tr	Phichit
1607737	az	Phetchabun
1607737	ru	Пхетчабун
1607737	tr	Phetchabun
1607779	az	Phatthalung
1607779	ru	Пхетчабун
1607779	tr	Phatthalung
1607978	az	Pattani
1607978	ru	Паттани
1607978	tr	Pattani
1607983	az	Pathum Thani
1607983	ru	Ратхум Тхани
1607983	tr	Pathum Thani
1608133	az	Mueang Nonthaburi
1608133	ru	Нонтхабури
1608133	tr	Mueang Nonthaburi
1608232	az	Nong Khai
1608232	ru	Нонгкхай
1608232	tr	Nong Khai
1608269	az	Nong Bua Lamphu
1608269	ru	Нонг Буа Лампху
1608269	tr	Nong Bua Lamphu
1608409	az	Narathiwat
1608409	ru	Наратхиват
1608409	tr	Narathiwat
1608452	az	Nan
1608452	ru	Нан
1608452	tr	Nan
1608527	az	Nakhon Sawan
1608527	ru	Накхонсаван
1608527	tr	Nakhon Sawan
1608529	az	Nakhon Ratchasima
1608529	ru	Накхонратчасима
1608529	tr	Nakhon Ratchasima
1608531	az	Nakhon Phanom
1608531	ru	Накхон Панхом
1608531	tr	Nakhon Phanom
1608534	az	Nakhon Pathom
1608534	ru	Накхонпатхом
1608534	tr	Nakhon Pathom
1608539	az	Nakhon Nayok
1608539	ru	Накхон Найок
1608539	tr	Nakhon Nayok
1608597	az	Mukdahan
1608597	ru	Мукдахан
1608597	tr	Mukdahan
1608900	az	Maha Sarakham
1608900	ru	Маха Сарахам
1608900	tr	Maha Sarakham
1609032	az	Lop Buri
1609032	ru	Лопбури
1609032	tr	Lop Buri
1609071	az	Loei
1609071	ru	Лоэ
1609071	tr	Loei
1609350	az	Banqkok
1609350	ru	Бангкок
1609350	tr	Bangkok
160961	az	Bukoba
160961	ru	Букоба
160961	tr	Bukoba
1609776	az	Khon Kaen
1609776	ru	Кхонкэн
1609776	tr	Khon Kaen
1609858	ru	Кхлунг
1610227	ru	Кантхаралак
1610469	az	Kalasin
1610469	ru	Каласин
1610469	tr	Kalasin
1610780	ru	Хатъяй
1611110	az	Chon Buri
1611110	ru	Чонбури
1611110	tr	Chon Buri
1611187	ru	Чиангсэн
1611197	ru	Чиангкхонг
1611269	az	Chanthaburi
1611269	ru	Чантхабури
1611269	tr	Chanthaburi
1611407	az	Chaiyaphum
1611407	ru	Чайяпхум
1611407	tr	Chaiyaphum
1611416	az	Chai Nat
1611416	ru	Чай Нат
1611416	tr	Chai Nat
1611439	az	Chachoengsao
1611439	ru	Чачоенгсао
1611439	tr	Chachoengsao
1611453	az	Buri Ram
1611453	ru	Бурирам
1611453	tr	Buri Ram
1611475	az	Bueng Kan
1611475	ru	Бюэнг Кан
1611475	tr	Bueng Kan
161154	ru	Бихарамуло
1611635	ru	Бетонг
161290	ru	Багамойо
161312	az	Babati
161312	ru	Бабати
161312	tr	Babati
161325	az	Aruşa
161325	ru	Аруша
161325	tr	Arusha
161371	ru	Гасан-Кули
161371	tr	Esenguly
161399	ru	Яшлык
161407	ru	Янгала
1614288	ru	Бан Пе
1614295	ru	Паттайя
161616	az	Balkanabad
161616	ru	Балканабат
161616	tr	Balkanabat
161901	ru	Кака
161908	ru	Изгант
161931	ru	Гызыларбат
161940	ru	Геами
161943	az	Qumdağ
161943	ru	Гумдаге
161943	tr	Gumdag
161950	ru	Гёкдепе
161974	ru	Газанджык
161980	ru	Махтумкули
162079	ru	Хазар
162099	ru	Абаданский этрап
1621020	ru	Араньяпратхет
1621035	az	Ang Thong
1621035	ru	Анг Тонг
1621035	tr	Ang Thong
1621060	az	Amnat Charoen
1621060	ru	Амнат Чароен
1621060	tr	Amnat Charoen
1621177	ru	Джокьякарта
162118	ru	Бокурдак
162158	az	Baharlı
162158	ru	Бахарден
162158	tr	Beherden
162160	ru	Баба-Араб
162183	az	Aşqabad
162183	ru	Ашхабад
162183	tr	Aşkabat
162192	ru	Арчман
162199	az	Aenew
162199	ru	Аннау
162199	tr	Aenew
1622318	ru	Вайнгапу
1622471	az	Viqueque
1622471	ru	Викеке
1622471	tr	Viqueque
1622786	ru	Макассар
1622846	ru	Убуд
1623180	ru	Тубан
1623424	ru	Тондано
1623502	ru	Толитоли
1624041	ru	Тернате
1624494	ru	Тегал
1624647	ru	Тасикмалая
1624725	ru	Таракан
1624863	ru	Танджунгпинанг
1624917	ru	Бандар-Лампунг
1625084	az	Tanqeranq
1625084	ru	Тангеранг
1625812	ru	Суракарте
1625822	az	Surabaya
1625822	ru	Сурабая
162627	ru	Ябруд
1626381	ru	Сукабуми
1626459	az	Suai
1626459	ru	Суаи
1626459	tr	Suai
1626542	ru	Соронг
1626703	ru	Сое
1626899	ru	Сингосари
1626932	ru	Сингараджа
1627896	az	Semaranq
1627896	ru	Семаранг
1628926	az	Same
1628926	ru	Саме
1628926	tr	Same
1629001	ru	Самаринда
1629380	ru	Рутенг
1630662	ru	Прая
1630723	ru	Посо
1630789	ru	Понтианак
1631761	az	پکانبارو
1631761	ru	Пеканбару
1631992	ru	Пати
1632533	az	Pante Makasar
1632533	ru	Панте Макасар
1632533	tr	Pante Makasar
1633034	ru	Пал
1633070	az	Palembanq
1633070	ru	Палембанг
1633118	ru	Паланкарая
1633419	az	پادانگ
1633419	ru	Паданг
163345	az	Tərtus
163345	ru	Тартус
163345	tr	Tartus
1634710	ru	Мундук
1635283	ru	Метро
1635815	ru	Маумере
1635882	ru	Матарам
1636308	ru	Маноквари
1636526	az	Manatutu
1636526	ru	Манатуту
1636526	tr	Manatutu
1636544	ru	Манадо
1636556	ru	Мамуджу
1636670	az	Maliana
1636670	ru	Малиана
1636670	tr	Maliana
1636722	ru	Маланг
1636884	ru	Магеланг
1637730	az	Likisa
1637730	ru	Ликиса
1637730	tr	Likisa
163806	ru	Тафас
1638063	ru	Лембанге
163808	ru	Пальмира
1638868	ru	Лабуанбаджо
1639002	ru	Кута
163915	ru	Суран
1639500	ru	Котамобагу
1640344	ru	Кендари
1640660	ru	Кедири
1641301	ru	Амлапура
1641792	ru	Камаль
1642858	ru	Джамби
1642911	az	Cakarta
1642911	ru	Джакарта
1642911	tr	Jakarta
164328	ru	Шейх-Мискин
1643837	ru	Горонтало
164479	ru	Шакка
1645133	ru	Думай
1645457	az	Dili
1645457	ru	Дили
1645457	tr	Dili
1645524	az	Depok
1645524	ru	Депок
1645528	ru	Денпасар
1645559	ru	Демак
1646170	ru	Чиребон
164626	ru	Шахба
1647003	ru	Сибинонге
1647142	ru	Чианджур
1647866	ru	Букиттинги
1648473	ru	Богор
1648637	ru	Битунг
1648759	ru	Бим
1649125	ru	Танжунг Беноа
1649150	ru	Бенгкулу
164917	ru	Сальхад
1649378	ru	Бекаси
1649539	az	Baukau
1649539	ru	Баукау
1649539	tr	Baukau
1649824	ru	Батый
1650213	ru	Банджармасин
1650357	az	Bandunq
1650357	ru	Бандунг
1650527	ru	Баликпапан
1650815	ru	Бэ
1650888	ru	Бабат
1651103	ru	Атамбуа
1651531	ru	Амбон
1651763	ru	Айрмадиди
1651810	az	Ainaro
1651810	ru	Айнаро
1651810	tr	Ainaro
1651816	az	Aileu
1651816	ru	Айлеу
1651816	tr	Aileu
1651944	az	Vyentyan
1651944	ru	Вьентьян
1652203	az	Xam Nua
1652203	ru	Сам Нуа
1652203	tr	Xam Nua
1653316	az	Savannakhet
1653316	ru	Саваннакхет
1653316	tr	Savannakhet
1653334	az	Salavan
1653334	ru	Саланван
1653334	tr	Salavan
1653894	az	Phongsali
1653894	ru	Фонгсали
1653894	tr	Phongsali
1654379	az	Pakse
1654379	ru	Паксе
1654379	tr	Pakse
1655078	az	Muang Xay
1655078	ru	Муангсай
1655078	tr	Muang Xay
1655084	az	Sainyabuli
1655084	ru	Сайнябули
1655084	tr	Sainyabuli
1655087	ru	Ванг Вьенг
1655094	ru	Тхатенг
1655123	az	Muang Phonsavan
1655123	ru	Муанг Фонсаван
1655123	tr	Muang Phonsavan
1655124	az	Muang Phon-Hong
1655124	ru	Муанг Фон-Хонг
1655124	tr	Muang Phon-Hong
1655140	az	Pakxan
1655140	ru	Пакхан
1655140	tr	Pakxan
1655199	az	Thakhek
1655199	ru	Такхек
1655199	tr	Thakhek
1655559	az	Luang Prabang
1655559	ru	Луангпхабанг
1655559	tr	Luang Prabang
1655562	az	Luang Namtha
1655562	ru	Луангнамтха
1655562	tr	Luang Namtha
1657819	ru	Чампасак
165997	ru	Джасим
166141	ru	Эль-Канават
1663526	az	Ban Houayxay
1663526	ru	Хуайсай
1663526	tr	Ban Houayxay
166365	ru	Нава
166365	tr	Neva
1665046	az	Attapeu
1665046	ru	Аттапы
1665046	tr	Attapeu
1665196	ru	Доулю
1665491	ru	Ингэ
1665813	ru	Улай
1665892	ru	Уфэн
166716	ru	Ярмук
1668341	az	Taypey
1668341	ru	Тайбэй
1668341	tr	Taipei
1668347	ru	Тайбао
1668355	ru	Тайнань
1668399	ru	Тайчжун
1668467	ru	Та-Си-чен
1668875	tr	Şulin
1670106	ru	Санься
1670310	ru	Пули
1670909	ru	Бадэ
1671467	ru	Нэйху
1671566	ru	Наньтоу
1672228	ru	Магун
1672551	ru	Лугу
167357	ru	Манбидж
167357	tr	Münbiç
1673820	az	Kaohsiung
1673820	ru	Гаосюн
1673820	tr	Kaohsiung
1674199	ru	Илань
167444	ru	Мадждаль-Шамс
1674504	ru	Хуалянь
1675151	ru	Синьчжу
1675393	ru	Сичжи
1677112	ru	Чжубэй
1678008	az	Jincheng
1678008	ru	Цзиньчэн
1678008	tr	Jincheng
1678228	ru	Ши-лун
1679432	ru	Замбоанга
1679802	ru	Вирак
1679980	ru	Виган
1680018	ru	Виктория
1680116	ru	Валенсия
1680932	az	Tuguegarao
1680932	ru	Тугегарао
1680932	tr	Tuguegarao
1681602	ru	Толедо
1682478	ru	Тереза
1683877	ru	Талисей
1683877	tr	Talisay
1684016	ru	Талавера
1684269	ru	Тагум
1684269	tr	Tagum
1684308	ru	Тагиг
1684497	ru	Тагбиларан
1684553	ru	Тагайтай
1684553	tr	Tagaytay
1684712	ru	Таклобан
1685146	ru	Таал
1685218	ru	Серигао Сити
1685286	ru	Сумпонг
1685378	ru	Султан-Кударат
1685875	ru	Солано
168661	ru	Кафранбель
1687186	ru	Сарангани
1687534	ru	Санто-Томас
1687894	ru	Санта-Роса
1688232	ru	Санта-Крус
1688271	ru	Санта-Крус
1688393	ru	Санта-Ана
1688398	ru	Санта-Ана
1688789	ru	Сан - Паскуаль
1688797	ru	Сан - Паскуаль
1688830	ru	Сан-Пабло
1688830	tr	San Pablo
1689144	ru	Сан - Луис
1689395	ru	Сан-Хосе-дель-Монте
1690033	ru	Сан-Фернандо
1690039	az	San Fernando
1690039	ru	Сан-Фернандо
1690039	tr	San Fernando
1690043	ru	Сан - Фернандо
1690045	ru	Сан - Фернандо
1690664	ru	Самал
1690666	ru	Самал
1691444	ru	Рохас
1691538	ru	Ромблон
1691606	ru	Ризал
169174	ru	Джарамана
169174	tr	Ceramana
1691911	ru	Рамон
1692192	ru	Кесон-Сити
1692197	ru	Кесон-Сити
1692199	ru	Кесон-Сити
1692211	ru	Кесон-Сити
1692214	ru	Кесон
1692685	ru	Пуэрто-Принсеса
1692914	ru	Порач
169304	ru	Джабла
169304	tr	Ceble
169334	ru	Джеба
169341	ru	Изра
1693870	ru	Пилы
169389	az	İdlib
169389	ru	Идлиб
169389	tr	İdlip
1694075	ru	Пеньяранда
1695097	ru	Паники
1695462	ru	Панда
169577	az	Hüms
169577	ru	Хомс
169577	tr	Humus
1695804	ru	Панабо
1695804	tr	Panabo
1696165	ru	Палаян
1696165	tr	Palayan
1696710	az	Pagadian
1696710	ru	Пагадиан
1696710	tr	Pagadian
1696899	ru	Озамис
1697018	ru	Ормок
1697023	ru	Орион
1698829	ru	Наги
1699204	ru	Моронг
1699205	ru	Моронг
1699296	ru	Родригес
170017	az	Həma
170017	ru	Хама
170017	tr	Hama
1700360	ru	Мати
170063	az	Hələb
170063	ru	Халеб
170063	tr	Halep
1700712	ru	Масбате
1700917	ru	Марилао
1701551	ru	Манок-Манок
1701668	ru	Манила
1701668	tr	Manila
1701966	ru	Мандалуионг
1701966	tr	Mandaluyong
1702166	ru	Манагок
1702540	ru	Малолос
1702934	ru	Малайбалай
1703544	ru	Маилаг
1705357	ru	Лусена
1705536	ru	Лос-Баньос
170592	az	Duma
170592	ru	Дума
170592	tr	Duma
1706090	ru	Липа
1706303	ru	Линабо
170654	az	Dəməşq
170654	ru	Дамаск
170654	tr	Şam
1707123	ru	Ла-Тринидад
1707324	ru	Ла-Пас
1707404	ru	Лаоаг
170794	az	Deyr əz-Zor
170794	ru	Дейр-эз-Зор
170794	tr	Deyrizor
1708226	ru	Ла-Карлота
1708226	tr	La Carlota
1708522	az	Koronadal
1708522	ru	Корона́даль
1708522	tr	Koronadal
1708824	ru	Кидапаван
170887	tr	Darbāsīyah
170892	ru	Дарайе
170905	az	Dəra
170905	ru	Даръа
170905	tr	Dera
170959	ru	Даиль
1709632	ru	Калибо
1710141	ru	Джоли
1710389	ru	Хаэн
1710518	ru	Изабела
1710519	ru	Изабела
1710914	ru	Имус
1711005	ru	Илоило
1711146	ru	Илаган
1711437	ru	Ибра
171147	tr	Buruç İslam
1711829	ru	Эрмоса
1712808	ru	Гоа
1712819	ru	Глан
1713004	ru	Жерона
1713022	ru	Генерал-Сантос
1714201	ru	Думагете
1714201	tr	Dumaguete
1714674	ru	Диполог
1715348	az	Davao
1715348	ru	Давао
1715348	tr	Davao
1715430	ru	Дасмариньяс
1715542	ru	Дапитан
1715542	tr	Dapitan
1716287	ru	Дает
1716618	ru	Куэнка
1716771	az	Kotabato
1716771	ru	Котабато
1716771	tr	Cotabato
1716858	ru	Кордоба
1716995	ru	Консепсьон
1717022	ru	Консепсьон
1717512	az	Sebu Şəhəri
1717512	ru	Себу
1717512	tr	Cebu Şehri
1717641	ru	Кавите
1717926	ru	Катарман
1718078	ru	Кастильехосу
171830	ru	Банияс
171830	tr	Baniyas
1718319	ru	Кармен
1718328	ru	Кармен
1718332	ru	Кармен
1718337	ru	Кармен
1718338	ru	Кармен
1718426	ru	Кардона
1718722	ru	Капас
1720151	ru	Калоокан
1720402	ru	Калбейог Сити
1720561	az	Kalapan
1720561	ru	Калапан
1720561	tr	Calapan
1720681	az	Kalamba
1720681	ru	Каламба
1720681	tr	Calamba
172082	ru	Азаз
1721080	ru	Кагаян-де-Оро
1722032	ru	Кабадбаран
1722032	tr	Cabadbaran
1722186	az	Butuan
1722186	ru	Буту́ан
1722186	tr	Butuan
1722267	ru	Бустос
172256	ru	Айн-эль-Араб
1722985	ru	Булан
172408	az	Əs-Süveyda
172408	ru	Эс-Сувейда
172408	tr	Süveyda
172469	ru	Эс-Санамейн
1725804	ru	Байаван
1725804	tr	Bayawan
1725919	ru	Бей
1726280	ru	Батангас
1726449	ru	Баско
1726765	ru	Барас
1727214	ru	Бангед
1728336	ru	Балаян
1728659	ru	Балабаг
1728772	ru	Байс
1728772	tr	Bais
1728930	az	Bagio
1728930	ru	Багио
1728930	tr	Baguio
1729085	ru	Баго
1729085	tr	Bago
1729524	ru	Бакоор
172955	az	Rəqqə
172955	ru	Ар-Ракка
172955	tr	Rakka
1730097	ru	Азия
1731528	ru	Алиага
1732050	ru	Аглаян
173230	tr	‘Āmūdah
1732741	ru	Сенаи
1732752	az	Johor Bahru
1732752	ru	Джохор-Бару
1732752	tr	Johor Bahru
1732869	ru	Муар
1732871	ru	Бакри
1732891	ru	Куала-Селангор
1732903	ru	Шах-Алам
1732903	tr	Shah Alam
1732905	az	Klanq
1732905	ru	Кланг
1732905	tr	Klang
1732927	ru	Сунгкай
173322	ru	Аль-Кусайра
173331	ru	Эль-Курайя
173334	az	Əl-Qüneytirə
173334	ru	Эль-Кунейтра
173334	tr	Kuneytire
1733432	az	Kota Kinabalu
1733432	ru	Кота-Кинабалу
1733432	tr	Kota Kinabalu
1733438	ru	Донгонгон
1733449	ru	Кинарут
1733697	ru	Семпорна
173377	az	Qamışlı
173377	ru	Эль-Камышлы
1733782	az	Labuan
1733782	ru	Виктория
1733782	tr	Labuan
1733953	ru	Лахад-Дату
1734052	ru	Сандакан
1734098	ru	Кенингау
1734098	tr	Keningau
173416	ru	Мусейфра
1734199	ru	Тавау
1734313	ru	Пак
1734316	ru	Кертих
1734586	ru	Тайпин
1734599	ru	Куала-Кангсар
1734599	tr	Kuala Kangsar
1734634	az	Ipoh
1734634	ru	Ипо
1734634	tr	Ipoh
1734705	az	Kuala Terengganu
1734705	ru	Куала-Тренгану
1734705	tr	Kuala Terengganu
1734715	ru	Маранг
1734759	az	Malakka
1734759	ru	Малакка
1734759	tr	Malakka
1734797	tr	Bangi
1734810	az	Seremban
1734810	ru	Серембан
1734810	tr	Seremban
1734821	ru	Сепанг
1734971	ru	Пекан
1735018	ru	Ментекаб
1735076	ru	Баттерворт
1735079	ru	Букит-Мертаджам
1735079	tr	Bukit Mertarajam
1735086	ru	Нибонг-Тебал
1735086	tr	Nibong Tebal
1735106	az	George Town
1735106	ru	Джорджтаун
1735106	tr	George Town
1735158	ru	Петалинг-Джая
1735161	az	Kuala-Lumpur
1735161	ru	Куала-Лумпур
1735161	tr	Kuala Lumpur
1735227	az	Kuantan
1735227	ru	Куантан
1735227	tr	Kuantan
1735262	ru	Тана Рата
1735634	az	Kuching
1735634	ru	Кучинг
1735634	tr	Kuching
173576	az	Əl-Laziqiyyə
173576	ru	Латакия
173576	tr	Lazkiye
1735902	ru	Сибу
1736278	az	Kangar
1736278	ru	Кангар
1736278	tr	Kangar
1736305	ru	Куала-Кедах
1736305	tr	Kuala Kedah
1736309	az	Alor Setar
1736309	ru	Алор-Сетар
1736309	tr	Alor Setar
1736376	az	Kota Bharu
1736376	ru	Кота-Бару
1736376	tr	Kota Bharu
1736660	ru	Кота Белуд
1736760	ru	Сараток
1736902	ru	Бетонг
1736902	tr	Betong
1737185	ru	Капит
1737486	ru	Бинтулу
1737714	ru	Лимбанг
1738050	ru	Мири
173811	az	Hasaka
173811	ru	Эль-Хасака
173811	tr	Haseke
1740836	ru	Телага Бату
174448	ru	Абу-Камаль
174710	az	Yeğeqnadzor
174710	ru	Ехегнадзор
174710	tr	Yeğegnadzor
174714	ru	Вскетап
174725	az	Vedi
174725	ru	Веди
174725	tr	Vedi
174726	az	Vayk
174726	ru	Вайк
174726	tr	Vayk
174763	az	Sisian
174763	ru	Сисиан
174763	tr	Sisian
174875	az	Kapan
174875	ru	Капан
174875	tr	Kapan
174880	az	Qacaran
174880	ru	Каджаран
174880	tr	Kacaran
174895	ru	Горис
174979	az	Artaşat
174979	ru	Арташат
174979	tr	Artaşat
174991	az	Ararat
174991	ru	Арарат
174991	tr	Ararat
174992	az	Dəvəli
174992	ru	Арарат
175499	ru	Нчеленге
1759486	ru	Куанг
176146	ru	Мбала
176555	ru	Кауамбуа
1767492	ru	Ленггонг
1767492	tr	Lenggong
177748	ru	Чиенги
1779926	ru	Бембан
1783621	ru	Цзуньи
1783633	ru	Цзоучэн
1783683	ru	Цзыян
1783745	ru	Цзыгун
1783763	az	Çyu Cou
1783763	ru	Чжучжоу
1783873	ru	Чжумадянь
1783920	ru	Чжуцзяцзяо
1784074	ru	Чжоучжуан
1784130	ru	Чжоуко
1784185	ru	Юйси
1784285	ru	Чжунвэй
1784310	ru	Чжуншу
178443	ru	Ваджир
1784658	az	Çjençjou
1784658	ru	Чжэнчжоу
1784658	tr	Çengçou
1784820	ru	Синхуа
1784841	ru	Чжаотун
1784853	ru	Чжаоцин
1784990	ru	Чжаньцзян
1785018	ru	Чжанчжоу
1785036	ru	Чжанъе
178522	ru	Вои
1785286	ru	Цзыбо
1785294	ru	Аньянг
1785453	ru	Цзаочжуан
1785545	ru	Юяо
1785623	ru	Куньшань
1785725	ru	Юньфу
1785738	ru	Юньчэн
1785777	ru	Юйлинь
1785781	ru	Юйлинь
1785964	ru	Юйдун
1785980	ru	Юйчэн
1786067	ru	Юаньлинь
1786112	ru	Хэюань
1786577	ru	Интань
1786657	az	Yinchuan
1786657	ru	Иньчуань
1786657	tr	Yinchuan
1786676	ru	Йимы
1786731	ru	Цинчжоу
1786746	ru	Ичунь
1786764	ru	Ичан
1786770	ru	Ибинь
1786855	ru	Жунчэн
1787093	ru	Яньтай
1787227	az	İnçiü
1787227	ru	Янчжоу
1787266	ru	Янчжоу
1787323	ru	Яншо
1787351	ru	Янцюань
1787601	ru	Янг
1787746	ru	Яньчэн
1787765	ru	Яньань
1787824	ru	Сюйчжоу
1787858	ru	Шанжао
1788450	ru	Синьчжоу
1788508	ru	Синьюй
1788534	ru	Цзинань
1788572	ru	Синьсян
1788852	az	Sinin
1788852	ru	Синин
1788852	tr	Xining
1788927	ru	Синтай
1789065	ru	Анкан
1789647	ru	Сичан
1789998	ru	Сяошань
1790254	ru	Сяогань
1790353	ru	Саньян
1790396	ru	Сяньнин
1790437	ru	Чжухай
1790492	ru	Сянтань
1790587	ru	Сянъян
1790630	az	Xi'an
1790630	ru	Сиань
1790630	tr	Xi'an
1790645	ru	Сямэнь
1790840	ru	Учжоу
1790842	ru	Учжун
1790923	az	Usi
1790923	ru	Уси
1791121	ru	Чандэ
1791236	ru	Уху
1791247	az	Vuhan
1791247	ru	Ухань
1791247	tr	Vuhan
1791249	ru	Ухай
1791388	ru	Вэньчжоу
1791544	ru	Вэньчан
1791636	ru	Вэйнань
1791673	ru	Вэйхай
1791681	ru	Вэйфан
1792359	ru	Туньси
1792520	ru	Тунчжоу
1792947	az	Tyantszin
1792947	ru	Тяньцзинь
1792947	tr	Tianjin
1793036	ru	Тэнчжоу
179330	ru	Тик
1793346	ru	Таншань
1793424	ru	Танго
1793505	ru	Тайчжоу
1793511	az	Tayyuan
1793511	ru	Тайюань
1793511	tr	Taiyuan
1793700	ru	Тайшань
1793724	ru	Тайань
1793743	ru	Сучжоу
1793879	ru	Суйчжоу
1793900	ru	Суйнин
1794794	ru	Шоугуан
1794903	ru	Шиянь
1795166	ru	Шима
1795196	ru	Тунчуань
1795270	az	Şiciyajuang
1795270	ru	Шицзячжуан
1795270	tr	Shijiazhuang
1795565	az	Şençjen
1795565	ru	Шэньчжэнь
1795855	ru	Шаосин
1795874	ru	Шаогуань
1795928	ru	Шаньвэй
1795940	ru	Шаньтоу
1796236	az	Şanxay
1796236	ru	Шанхай
1796236	tr	Şanghay
179634	ru	Такаунгу
1796556	ru	Санья
1796663	ru	Саньмин
1796669	ru	Саньмэнься
1797120	ru	Фуцинь
1797121	ru	Цзеян
1797264	ru	Цюйчжоу
1797318	ru	Цюйцзин
1797333	ru	Цюйфу
1797353	ru	Цюаньчжоу
1797551	ru	Циньчжоу
1797595	ru	Циньхуандао
1797658	ru	Цзиньцзян
1797793	ru	Цинцюань
1797873	ru	Хуайань
1797929	az	Sindao
1797929	ru	Циндао
1797945	ru	Цинъюань
1798082	ru	Хунцяо
1798449	ru	Путянь
1798524	ru	Пудун
1798548	ru	Поянху
1798636	ru	Пинъяо
1798654	ru	Пинсян
1798760	ru	Пинлян
1798821	ru	Пинду
1798827	ru	Пиндиншань
1799397	az	Ninbo
1799397	ru	Нинбо
1799491	ru	Нэйцзян
1799629	az	Nanyan
1799629	ru	Наньян
1799722	ru	Наньтун
1799846	ru	Наньпин
1799869	az	Nanninq
1799869	ru	Наньнин
1799869	tr	Nanning
1799962	az	Nankin
1799962	ru	Нанкин
1799962	tr	Nankin
1800146	ru	Наньчун
1800163	az	Nançan
1800163	ru	Наньчан
1800163	tr	Nanchang
1800627	ru	Мяньян
1800779	ru	Мэйчжоу
1800818	ru	Мэйшань
1801180	ru	Маомин
1801640	ru	Хэфэй
1801722	ru	Порт-Артур
1801792	ru	Лоян
1801797	ru	Лоян
1801799	ru	Лоян
1801934	ru	Лохэ
1802171	ru	Кандин
1802206	ru	Луань
1802238	ru	Лоуди
1802276	ru	Лунъянь
1802476	ru	Лунцюань
1802875	ru	Лиуянг
1803245	ru	Лишуй
1803300	ru	Лючжоу
1803318	ru	Линьи
1803331	ru	Линься
1803560	ru	Линьчэн
1803567	ru	Линьфынь
1803616	ru	Лилин
1803782	ru	Личуань
1803834	ru	Ляочэн
1804153	ru	Лэшань
1804430	az	Lançjou
1804430	ru	Ланьчжоу
1804430	tr	Lanzhou
1804540	ru	Ланфан
1804591	ru	Лайу
1804609	ru	Лайбинь
1804651	az	Kunminq
1804651	ru	Куньмин
1804651	tr	Kunming
1804850	ru	Кайюань
1804879	ru	Кайфэн
1805179	ru	Цзюцзян
1805179	tr	Ciuciang
1805298	ru	Цзиньчжоу
1805408	ru	Цзиньша
1805518	ru	Цзинин
1805528	ru	Цзиньхуа
1805540	ru	Цзинчжоу
1805611	ru	Цзинмэнь
1805680	ru	Цзиндэчжэнь
1805733	ru	Цзиньчан
1805741	ru	Цзиньчэн
1805753	az	Jinan
1805753	ru	Цзинань
1805753	tr	Jinan
1805833	ru	Цзесю
1805953	ru	Цзясин
1805987	ru	Цзяоцзо
1806299	ru	Цзянмэнь
1806408	ru	Янцзян
1806445	ru	Цзиань
1806466	ru	Гуанъюань
1806696	ru	Хумэнь
1806776	ru	Хуэйчжоу
1806840	ru	Квидонга
1807112	ru	Хуанчжоу
1807234	ru	Хуанши
1807301	ru	Даша
1807508	ru	Хуанган
1807544	ru	Дасин
1807689	ru	Хуайхуа
1807700	ru	Хуайбэй
1808198	ru	Хэцзэ
1808316	ru	Иян
1808336	ru	Хэпо
1808370	ru	Хэнъян
1808392	ru	Хэншуй
1808722	az	Hefey
1808722	ru	Хэфэй
1808722	tr	Hefei
1808744	ru	Хеде
1808770	ru	Хэби
1808857	ru	Ханьчжун
1808872	ru	Фуаня
1808926	az	Xangzhou
1808926	ru	Ханчжоу
1808926	tr	Hangzhou
1808931	ru	Ханга
1808956	ru	Чанчжи
1808963	ru	Ханьдань
1809078	az	Haykou
1809078	ru	Хайкоу
1809078	tr	Haikou
1809152	ru	Гуюань
1809412	ru	Гули
1809461	az	Quyinq
1809461	ru	Гуйян
1809461	tr	Guiyang
1809498	ru	Гуйлинь
1809532	ru	Гуйган
1809858	az	Quançjou
1809858	ru	Гуанчжоу
1809858	tr	Guangzhou
181032	ru	Руиру
1810638	ru	Ганьчжоу
1810820	ru	Фучжоу
1810821	az	Fuçjou
1810821	ru	Фучжоу
1810821	tr	Fuzhou
1810845	ru	Фуян
1810846	ru	Фуянь
1810979	ru	Фулин
1811103	ru	Фошань
1811720	ru	Эньши
1811729	ru	Эньпин
1811764	ru	Дуюн
1812101	ru	Дуньин
1812256	ru	Дуншэн
1812545	ru	Дунгуань
1812955	ru	Дэчжоу
1812961	ru	Дэян
1812988	ru	Пэнлай
1813171	ru	Чжанцзяцзе
1813253	az	Liszyan
1813253	ru	Лицзян
1813325	ru	Дачжоу
1813425	ru	Датун
1813451	ru	Датун
1813812	ru	Даньшуем
1813828	ru	Даньцзянкоу
1814082	ru	Далян
1814087	ru	Далянь
1814093	ru	Дали
1814757	ru	Чучжоу
1814870	ru	Иу
1814906	az	Çunkinq
1814906	ru	Чунцин
1814906	tr	Çongçing
1815059	ru	Чэньчжоу
1815286	az	Chengdu
1815286	ru	Чэнду
1815286	tr	Çengdu
1815395	ru	Чаочжоу
1815456	ru	Чанчжоу
1815463	ru	Чанчжи
1815577	az	Çangşa
1815577	ru	Чанша
1815577	tr	Changsha
1815585	ru	Чанцин
1815656	ru	Чанли
1816028	ru	Вэйнин
1816080	ru	Цанчжоу
1816221	ru	Бухэ
1816234	ru	Бочжоу
1816256	ru	Бота
1816269	ru	Бозе
1816336	ru	Биньчжоу
1816373	ru	Бицзе
1816440	ru	Бэнбу
1816670	az	Pekin
1816670	ru	Пекин
1816670	tr	Pekin
1816705	ru	Бэйхай
1816790	ru	Бэй
1816920	ru	Шаоян
1816971	ru	Баодин
1817240	ru	Байинь
1817858	ru	Бабу
1817968	ru	Аньшунь
1817993	ru	Аньцин
1818428	ru	Козуэй-Бей
1818446	ru	Туен Мун
1818501	ru	Чимсачёй
1818501	tr	Tsim Sha Tsui
1818775	ru	Сок-Кву-Ван
1818883	ru	Шек-О
1818916	ru	Шатяньвэй
1819609	ru	Цзюлун
1819729	ru	Гонконг
1819729	tr	Hong Kong
1819757	ru	Абердин
1819855	ru	Фо Тан
1819980	ru	Стэнли
1820071	az	Tutong
1820071	ru	Тутонг
1820071	tr	Tutong
1820491	az	Kuala Belait
1820491	ru	Куала-Белайт
1820491	tr	Kuala Belait
1820903	az	Bangar
1820903	ru	Бангар
1820903	tr	Bangar
1820906	az	Bandar Seri Begavan
1820906	ru	Бандар-Сери-Бегаван
1820906	tr	Bandar Seri Begavan
1821274	az	Makao
1821274	ru	Макао
1821274	tr	Makao
1821306	az	Pnompen
1821306	ru	Пномпень
1821306	tr	Phnom Penh
1821935	az	Ta Khmau
1821935	ru	Такхмау
1821935	tr	Ta Khmau
1821940	az	Takeo
1821940	ru	Такео
1821940	tr	Takeo
1821993	az	Svay Rieng
1821993	ru	Свай Риенг
1821993	tr	Svay Rieng
1822019	az	Suong
1822019	ru	Суонг
1822019	tr	Suong
1822029	az	Stung Treng
1822029	ru	Стунг Тренг
1822029	tr	Stung Treng
1822207	az	Sisophon
1822207	ru	Сисофон
1822207	tr	Sisophon
1822214	az	Siem Reap
1822214	ru	Сием-Реап
1822214	tr	Siem Reap
1822227	az	Sen Monorom
1822227	ru	Сен Монором
1822227	tr	Sen Monorom
1822610	az	Prey Veng
1822610	ru	Прей Венг
1822610	tr	Prey Veng
1822768	az	Pursat
1822768	ru	Пурсат
1822768	tr	Pursat
1825093	az	Samraong
1825093	ru	Самраонг
1825093	tr	Samraong
182701	ru	Ньери
1830098	az	Tbeng Meanchey
1830098	ru	Тбенг Меанчей
1830098	tr	Tbeng Meanchey
1830194	ru	Пойпет
1830205	az	Pailin
1830205	ru	Паилин
1830205	tr	Pailin
1830231	ru	Удонг
1830467	az	Kep
1830467	ru	Кеп
1830467	tr	Kep
1830468	az	Koh Kong
1830468	ru	Кохконг
1830468	tr	Koh Kong
1830564	az	Kratie
1830564	ru	Кратие
1830564	tr	Kratie
1830756	ru	Ловек
1831112	az	Kampot
1831112	ru	Кампот
1831112	tr	Kampot
1831125	az	Kampong Thom
1831125	ru	Кампонг Том
1831125	tr	Kampong Thom
1831133	az	Kampong Speu
1831133	ru	Кампонг Спеу
1831133	tr	Kampong Speu
1831142	az	Sihanukville
1831142	ru	Сиануквиль
1831142	tr	Sihanoukville
1831167	az	Kampong Chhnang
1831167	ru	Кампонгчнанг
1831167	tr	Kampong Chhnang
1831173	az	Kampong Cham
1831173	ru	Кампонгтям
1831173	tr	Kampong Cham
1831732	az	Banlung
1831732	ru	Банлунг
1831732	tr	Banlung
1831797	az	Battambang
1831797	ru	Баттамбанг
1831797	tr	Battambang
1832771	ru	Есан
1832828	ru	Янсан
1832847	ru	Янджу
1833105	ru	Вонджу
1833747	az	Ulsan
1833747	ru	Ульсан
1833747	tr	Ulsan
1835235	az	Daejeon
1835235	ru	Тэджон
1835235	tr	Daejeon
1835329	az	Daegu
1835329	ru	Тэгу
1835329	tr	Daegu
1835515	ru	Тхэбэк
1835553	az	Suwon
1835553	ru	Сувон
1835553	tr	Suwon
1835848	ru	Сеул
1835848	tr	Seul
1835895	ru	Сосан
1836553	ru	Сокчхо
1836839	ru	Шинтанжин
1837706	ru	Санджу
1838069	ru	Самчхок
1838469	ru	Пхёнчхан
1838508	ru	Пуйо
1838524	az	Pusan
1838524	ru	Пусан
1838524	tr	Pusan
1839652	ru	Осан
1839726	ru	Асан
1840211	ru	Нонсан
1840379	ru	Намвон
1840536	ru	Наджу
1840862	ru	Мунсан
1840886	ru	Мунгён
1840982	az	Muan
1840982	ru	Муан
1840982	tr	Muan
1841066	ru	Могпхо
1841149	ru	Мирян
1841603	ru	Кёнджу
1841810	ru	Кванджу
1841811	az	Kvanju
1841811	ru	Кванджу
1841811	tr	Gwangju
1842025	ru	Кунсан
1842225	ru	Куми
1842518	ru	Косон
1842616	ru	Конджу
1842943	ru	Кимхэ
1842944	ru	Кимчхон
1843082	ru	Капхён
1843137	ru	Каннын
1843491	ru	Иксан
1843564	az	İnçxon
1843564	ru	Инчхон
1843564	tr	İncheon
1843841	ru	Хвасун
1843847	ru	Хвасон
1844174	az	Hongseong
1844174	ru	Хонсон
1844174	tr	Hongseong
184433	ru	Нанюки
1845033	ru	Чхунджу
1845033	tr	Çungcu
1845136	az	Chuncheon
1845136	ru	Чхунчхон
1845136	tr	Çunçeon
1845457	az	Jeonju
1845457	ru	Чонджу
1845457	tr	Jeonju
1845604	az	Cheongju-si
1845604	ru	Чхунджу
1845604	tr	Cheongju-si
1845759	ru	Чхонан
1846052	ru	Чинджу
184622	ru	Накуру
1846266	az	Jeju Şəhəri
1846266	ru	Чеджу
1846266	tr	Jeju Şehri
1846326	az	Changwon
1846326	ru	Чханвон
1846326	tr	Changwon
1846912	ru	Ансон
1846986	az	Andong
1846986	ru	Андон
1846986	tr	Andong
184707	ru	Найваша
184745	az	Nayrobi
184745	ru	Найроби
184745	tr	Nairobi
1847947	ru	Синг
1847963	ru	Ацуги
1847966	az	Akaşi
1847966	ru	Акаси
1848004	ru	Зама
1848015	ru	Юдзава
1848055	az	Qero
1848055	ru	Геро
1848087	ru	Юкухаси
1848096	ru	Юки
1848188	ru	Есикава
1848277	ru	Йонаго
1848313	ru	Йокосука
1848354	az	Yokohama
1848354	ru	Иокогама
1848373	ru	Йоккаичи
1848439	az	Yavata
1848439	ru	Явата
1848445	ru	Яцусиро
1848445	tr	Yatsuşiro
1848522	ru	Яо
1848550	ru	Янаи
1848573	ru	Янагава
1848667	ru	Ямакита
1848689	ru	Ямагути
1848705	ru	Ямага
1848774	ru	Яидзу
1848776	ru	Яита
1848976	ru	Вадзима
1849053	ru	Уцуномия
1849094	ru	Усуки
1849186	ru	Ураясу
1849237	ru	Уодзу
1849372	ru	Удзи
1849407	ru	Уэнохара
1849429	ru	Уэда
1849498	ru	Убе
1849519	ru	Цуяма
1849539	ru	Цусима
1849563	ru	Цуруока
1849592	ru	Цуруга
1849788	ru	Цубамэ
1849796	ru	Цу
1849814	ru	Тоёта
1849831	ru	Тоёока
1849845	ru	Тоёкава
1849846	az	Toyohaşi
1849846	ru	Тойохаши
1849876	ru	Тояма
1849892	ru	Тоттори
1849904	ru	Тосу
1850091	ru	Томиока
1850147	ru	Токио
1850147	tr	Tokyo
1850158	ru	Токусима
1850181	ru	Токородзава
1850185	ru	Токонамэ
1850207	ru	Тока
1850217	ru	Токамати
1850311	ru	Тотиги
1850345	ru	Тоба
1850396	ru	Тэнри
1850523	ru	Татеяма
1850559	ru	Татебаяси
1850600	ru	Таруи
1850708	ru	Танабэ
1850742	ru	Тамано
1850745	ru	Тамана
1850834	ru	Такео
1850860	ru	Такехара
1850892	ru	Такаяма
1851002	ru	Такасаки
1851012	ru	Такарадзука
1851032	ru	Такаока
1851100	ru	Такамацу
1851137	ru	Такахаси
1851155	ru	Такахама
1851193	ru	Тадзими
1851259	ru	Тахара
1851273	ru	Тагава
1851348	ru	Судзука
1851368	ru	Сува
1851426	ru	Сумото
1851483	ru	Суита
1851604	ru	Сок
1851711	ru	Себу
1851713	ru	Сёбара
1851717	az	Şizuoka
1851717	ru	Сидзуока
1851935	ru	Ширахама
1852003	ru	Сиодзири
1852046	ru	Синсиро
1852109	ru	Синг
1852225	az	Şimonoseki
1852225	ru	Симоносеки
1852225	tr	Şimonoseki
1852357	az	Şimoda
1852357	ru	Симода
1852472	ru	Симада
1852479	ru	Симабара
1852502	ru	Сики
1852588	ru	Сибуси
1852595	ru	Сибукава
1852607	ru	Шибата
1852663	ru	Сету
1852736	ru	Сендай
1852899	ru	Сасебо
1852901	ru	Сасаяма
1852964	ru	Сана
1852984	ru	Сандзе
1853008	ru	Санда
1853066	ru	Сакураи
1853081	ru	Саку
1853140	ru	Саката
1853174	ru	Сакаиминато
1853193	ru	Сакаи
1853195	ru	Сакаи
1853209	ru	Сакадо
1853237	ru	Саики
1853303	ru	Сага Япония
1853433	ru	Одзу
1853483	ru	Ояма
1853485	ru	Ояма
1853514	ru	Овасэ
1853564	ru	Оцуки
1853574	az	Otsu
1853574	ru	Оцу
1853662	ru	Отакэ
1853677	ru	Ота
1853909	ru	Осака
1853909	tr	Osaka
1853992	ru	Ономити
1854022	ru	Оно
1854026	ru	Оно
1854028	ru	Оно
1854037	ru	Онна
1854083	ru	Омута
1854093	ru	Омура
1854162	ru	Оме
1854186	ru	Омати
1854376	ru	Окадзаки
1854383	ru	Окаяма
1854405	ru	Окава
1854487	ru	Оита
1854665	ru	Огава
1854703	ru	Огаки
1854747	ru	Одавара
1854774	ru	Ода
1854803	ru	Обу
1854849	ru	Обама
1854902	ru	Нумадзу
1854905	ru	Нумата
1854979	ru	Ноноичи
1855078	ru	Нода
1855095	ru	Нобеока
1855134	ru	Нишиваки
1855189	ru	Нисио
1855203	ru	Нисиноомоте
1855207	ru	Нисиномия
1855380	ru	Ниномия
1855395	az	Nikko
1855395	ru	Никко
1855416	ru	Ниими
1855425	ru	Ниихама
1855431	ru	Ниигата
1855476	ru	Нитинан
1855612	ru	Нара
1855670	ru	Нанао
1855694	ru	Намэрикава
1855713	ru	Накидзин
1855753	ru	Накацугава
1855757	ru	Накацу
1855863	ru	Накано
1855891	ru	Накамура
1855907	ru	Накама
1856035	ru	Наха
1856057	az	Naqoya
1856057	ru	Нагоя
1856068	ru	Нага
1856177	ru	Нагасаки
1856184	ru	Нагареяма
1856199	ru	Нагаока
1856215	ru	Нагано
1856243	ru	Нагахама
1856367	ru	Мусасино
1856434	ru	Мураками
1856456	ru	Мука
1856569	ru	Морияма
1856584	ru	Моригути
1856586	ru	Море
1856667	ru	Мидзунами
1856698	ru	Миёси
1856703	ru	Миядзу
1856717	ru	Миядзаки
1856741	ru	Мияноура
1856775	ru	Мияконодзё
1856977	az	Mişima
1856977	ru	Мисима
185702	ru	Мумиас
1857062	ru	Мина
1857208	ru	Минамата
1857276	ru	Мики
1857334	ru	Михара
1857379	ru	Мибу
1857519	ru	Мацумото
1857550	ru	Мацуэ
1857553	ru	Мацудо
1857594	ru	Масуд
1857659	ru	Маруко
1857665	az	Maruqame
1857665	ru	Маругаме
1857766	ru	Майдзуру
1857769	ru	Майбара
1857843	ru	Маэбаси
1857871	ru	Мачида
1857910	ru	Киото
1857910	tr	Kyoto
1858033	ru	Кусимото
1858066	ru	Кусацу
1858067	ru	Кусацу
1858088	ru	Куруме
1858249	ru	Курода
1858296	ru	Куре
1858301	ru	Кураёси
1858311	az	Kuraşiki
1858311	ru	Курашики
1858421	ru	Кумамото
1858428	ru	Кумагая
1858445	ru	Куки
1858729	ru	Косигая
1858740	ru	Коседа
1858836	ru	Конан
1858858	ru	Коморо
1858910	ru	Комацу
1858926	ru	Комаки
1858964	ru	Кокубундзи
1858972	ru	Кокубу
1859093	ru	Кога
1859094	ru	Кога
1859100	az	Kofu
1859100	ru	Кофе
1859113	ru	Кодама
1859146	ru	Кочин
1859171	ru	Кобе
1859171	tr	Kobe
1859175	ru	Кобаяси
1859210	ru	Киёсу
1859234	ru	Кицуки
1859307	az	Kitakyüşü
1859307	ru	Китакюсю
1859319	ru	Китаката
1859383	ru	Кисивада
1859393	ru	Кисарадзу
1859405	ru	Кири
1859492	ru	Кикути
1859586	ru	Кадзо
1859642	ru	Кавасаки
1859675	ru	Каваниси
1859730	az	Kavaquçi
1859730	ru	Кавагути
1859740	ru	Кавагоэ
1859765	ru	Кацуяма
1859884	ru	Касукабе
1859891	ru	Касугай
1859908	ru	Касивадзаки
1859924	az	Kaşiva
1859924	ru	Касива
1859941	ru	Касима
1860034	ru	Кария
1860063	ru	Карацу
1860098	ru	Канума
1860112	ru	Каноя
1860234	ru	Канда
1860243	ru	Канадзава
1860341	ru	Камо
1860437	ru	Митака
1860635	ru	Камеока
1860672	ru	Камакура
1860728	ru	Какэгава
1860735	ru	Какамигахара
1860785	ru	Кайнан
1860827	ru	Кагошима
1860871	ru	Кадоме
1861084	ru	Идзумо
1861091	ru	Идзумисано
1861095	ru	Идзумотсу
1861108	ru	Изуми
1861171	az	İvata
1861171	ru	Ивата
1861212	ru	Ивакуни
1861285	ru	Итоигава
1861290	ru	Ито
1861310	az	İtami
1861310	ru	Итами
1861393	ru	Исикава
1861400	ru	Исии
1861416	ru	Ишигаки
1861416	tr	İshigaki
1861436	ru	Исэсаки
1861450	ru	Исэ
1861464	ru	Исахая
1861528	ru	Инуяма
1861584	ru	Ино
1861602	ru	Инадзава
1861641	ru	Ина
1861677	ru	Имари
1861749	ru	Икома
1861795	ru	Икеда
1861835	ru	Иидзука
1861864	ru	Иида
1861949	az	İtinomiya
1861949	ru	Итиномия
1862010	ru	Ибусуки
1862033	ru	Ибараки
1862034	ru	Ибара
1862136	ru	Икаруга
1862198	ru	Хондзё
1862230	ru	Хондо
1862352	ru	Хитоёси
1862373	ru	Хиты
1862415	ru	Хиросима
1862415	tr	Hiroşima
1862462	ru	Хирацука
1862555	ru	Хирадо
1862599	ru	Хино
1862627	az	Himeci
1862627	ru	Химэдзи
1862636	ru	Хиконэ
1862912	ru	Хекинан
1862992	ru	Хаяма
186301	ru	Момбаса
1863018	ru	Хацукаити
1863082	ru	Хасимото
186315	ru	Моло
1863173	ru	Ханьюй
1863183	ru	Ханно
1863209	ru	Ханда
1863289	ru	Хамамацу
1863310	ru	Хамада
1863357	ru	Хаконе
1863418	ru	Хаги
1863431	ru	Хадано
1863440	ru	Хатиодзи
1863451	ru	Омихатиман
1863482	ru	Гёда
1863528	ru	Готемба
1863540	ru	Госен
1863541	ru	Госе
1863592	ru	Годзё
1863611	ru	Года
1863614	ru	Гобо
1863641	ru	Гифу
1863693	ru	Гамагори
1863713	ru	Фуццу
1863905	az	Funabaşi
1863905	ru	Фунабаси
1863917	ru	Фукуяма
1863945	ru	Фукурои
1863967	az	Fukuoka
1863967	ru	Фукуока
1863985	ru	Фукуй
1864009	ru	Фукутияма
1864092	ru	Фудзисава
1864098	ru	Фудзиока
1864099	ru	Фудзиока
1864105	ru	Фудзиномия
1864132	ru	Фудзиэда
1864134	ru	Фудзи
1864155	ru	Фучу
1864523	ru	Тидзу
1864549	ru	Тирю
1864557	ru	Тино
1864624	ru	Тигасаки
1864637	ru	Титибу
1864750	ru	Бэппу
1864873	ru	Аябе
1864894	ru	Авара
1864945	ru	Атами
1864967	ru	Асука
1864985	az	Aşiya
1864985	ru	Асия
1865005	ru	Асикага
1865047	ru	Асакуса
1865290	ru	Аннака
1865294	ru	Андзё
1865309	ru	Анан
1865412	ru	Ако
1865449	ru	Аки
1866923	az	Vonsan
1866923	ru	Вонсан
1866923	tr	Wonsan
186827	ru	Меры
1869021	ru	Сунан
1870883	az	Sarivon
1870883	ru	Саривоне
1870883	tr	Sariwon
1871859	az	Pxenyan
1871859	ru	Пхеньян
1871859	tr	Pyongyang
1871871	az	Pyongsong
1871871	ru	Пхеньсон
1871871	tr	Pyongsong
1873172	ru	Ончжин
1873757	az	Nampo
1873757	ru	Нампхо
1873757	tr	Nampo
187506	ru	Масено
1875588	ru	Ковон-до
1876373	az	Kaesong
1876373	ru	Кэсон
1876373	tr	Kaesong
187661	ru	Мариакани
1877449	az	Hamhung
1877449	ru	Хамхын
1877449	tr	Hamhung
1877615	az	Haeju
1877615	ru	Хэджу
1877615	tr	Haeju
187896	ru	Мандере
187968	ru	Малинди
187968	tr	Malindi
1880252	ru	Сингапур
188123	ru	Макинду
1884138	ru	Йосу
188492	ru	Мачакосский
1886760	ru	Сучжоу
1886762	ru	Чжоушань
18918	ru	Протарас
189280	ru	Лодвар
189367	ru	Литеин
1894616	ru	Окинава
1895695	ru	Кусима
1896348	ru	Хикари
1897122	ru	Намянджу
189741	ru	Лама
1898359	ru	Муду
1898494	ru	Сунлин
1899102	ru	Нагато
1902387	ru	Санур
1904391	ru	Бан  Хойяксяу
1907146	ru	Саяма
1907148	ru	Фусса
1907299	ru	Асака
1907300	ru	Вако
1907301	ru	Тода
1907307	ru	Кимицу
1907309	ru	Миура
191220	ru	Китале
191245	ru	Кисуму
192067	ru	Килифи
192126	ru	Кикую
1926004	ru	Вакаяма
1926006	ru	Ие
1926020	ru	Увадзима
1926054	ru	Сайдзё
1926055	ru	Одзу
1926099	ru	Мацуяма
1926142	ru	Ходзе
192710	ru	Киамбу
1927639	ru	Юэян
192967	ru	Кенду-Бей
1937274	az	Lospalos
1937274	ru	Лоспалос
1937274	tr	Lospalos
1942811	ru	Глену
1942811	tr	Gleno
1945206	ru	Бобонару
195272	ru	Какамеге
196231	ru	Исиоло
197745	ru	Гарисса
198476	ru	Эмба
198629	ru	Элдорет
200067	ru	Бунгома
200308	az	Bomet
200308	ru	Бомет
200308	tr	Bomet
2012349	ru	Красный Чикой
2012484	ru	Зима
2012532	ru	Жигалово
2012557	ru	Железногорск-Илимский
2012561	ru	Железнодорожный
2012570	ru	Жатай
2012593	ru	Зея
2012623	ru	Заводской
2012626	ru	Завитинск
2012655	ru	Заречный
2012702	ru	Залари
2012728	ru	Закаменск
2012735	ru	Заиграево
2012780	ru	Забайкальск
2012874	ru	Ытык-Кюёль
2012938	ru	Ерофей Павлович
2013032	ru	Екатеринославка
2013089	ru	Ярославский
2013159	az	Yakutsk
2013159	ru	Якутск
2013159	tr	Yakutsk
2013225	ru	Выдрино
2013226	ru	Выдрино
2013229	ru	Вяземский
2013258	ru	Врангель
2013272	ru	Воздвиженка
2013332	ru	Вольно-Надеждинское
2013348	az	Vladivostok
2013348	ru	Владивосток
2013348	tr	Vladivostok
2013362	ru	Владимиро-Александровское
2013392	ru	Вилюйск
2013399	ru	Вихоревка
2013442	ru	Вершино-Дарасунский
2013639	ru	Верхневилюйск
2013865	ru	Усть-Уда
2013894	ru	Усть-Ордынский
2013923	ru	Усть-Кут
2013952	ru	Усть-Илимск
2013986	ru	Усть-Баргузин
2014006	ru	Уссурийск
2014022	ru	Усолье-Сибирское
2014369	ru	Улёты
2014407	az	Ulan-Ude
2014407	ru	Улан-Удэ
2014407	tr	Ulan Ude
2014571	ru	Угловое
2014573	ru	Углекаменск
2014624	ru	Удачный
201463	az	Rvamagana
201463	ru	Рвамагана
201463	tr	Rwamagana
2014718	ru	Тында
2014779	ru	Турунтаево
2014833	ru	Тура
2014833	tr	Tura
2014927	ru	Тулун
2015051	ru	Трудовое
2015179	ru	Томмот
201521	ru	Рухенгери
2015306	ru	Тикси
2015310	ru	Фокино
2015428	ru	Тайтурка
2015455	ru	Тавричанка
2015608	ru	Тамбовка
2015686	ru	Талакан
2015701	ru	Таксимо
2015833	ru	Свободный
2015842	ru	Свирск
2015913	ru	Сунтар
2016110	ru	Сретенск
2016170	ru	Среднебелая
2016183	ru	Спасское
2016187	ru	Спасск-Дальний
2016216	ru	Сосново-Озёрское
2016307	ru	Солнечный
2016308	ru	Солнечный
2016334	ru	Сокол
2016402	ru	Смоляниново
2016412	ru	Смидович
2016422	ru	Слюдянка
2016430	ru	Славянка
2016443	ru	Сковородино
2016588	ru	Сибирцево
2016651	ru	Шкотово
2016701	ru	Шимановск
2016708	ru	Шилка
2016735	ru	Шерловая Гора
2016764	az	Şelexov
2016764	ru	Шелехов
2016910	ru	Северобайкальск
2016942	ru	Серышево
2016961	ru	Сергеевка
2017059	ru	Селенгинск
2017364	ru	Русский
2017478	ru	Раздольное
2017487	ru	Райчихинск
2017615	ru	Прогресс
2017646	ru	Приаргунск
2017658	ru	Преображение
2017705	ru	Поярково
2017824	ru	Покровск
2017838	ru	Покровка
2017851	ru	Пограничный
2017912	ru	Пластун
2017945	ru	Петровск-Забайкальский
2017979	ru	Петропавловка
2018021	ru	Первомайский
2018040	ru	Переяславка
2018116	ru	Партизанск
2018436	ru	Онохой
2018498	ru	Оловянная
2018571	ru	Олёкминск
2018719	ru	Облучье
2018735	ru	Нюрба
2018864	ru	Новошахтинский
2018925	ru	Новокручининский
2018964	ru	Новобурейский
2019004	ru	Нов.Игирма
2019135	ru	Нижний Куранах
2019199	ru	Нижнеангарск
2019266	ru	Николаевка
2019309	ru	Нерюнгри
2019326	ru	Нерчинск
2019388	ru	Некрасовка
2019488	ru	Намцы
2019528	az	Naxodka
2019528	ru	Находка
2019710	ru	Мухоршибирь
2019867	ru	Мохсоголлох
2019892	ru	Могойтуй
2019912	ru	Могоча
2019945	ru	Мишелевка
2019951	ru	Мирный
2019951	tr	Mirney
2020001	ru	Михайловка
2020013	ru	Михайловка
2020095	ru	Мегет
2020121	ru	Майя
2020208	ru	Марково
2020221	ru	Марха
2020584	ru	Магистральный
2020591	ru	Магдагачи
202061	az	Kiqali
202061	ru	Кигали
202061	tr	Kigali
202065	az	Kibuye
202065	ru	Кибуе
202065	tr	Kibuye
202068	ru	Кибунго
2020689	ru	Лучегорск
2020734	ru	Ливадия
2020752	ru	Липовцы
2020812	ru	Лесозаводск
2020838	ru	Ленск
2020841	ru	Ленинское
2021031	ru	Кырен
2021066	ru	Кяхта
2021093	ru	Куйтун
2021116	ru	Кутулик
2021188	ru	Курумкан
2021618	ru	Краснокаменск
2021766	ru	Корфовский
2021799	ru	Константиновка
2021851	ru	Комсомольск-на-Амуре
2021908	ru	Кокуй
2021954	ru	Князе-Волконское
2022003	ru	Кижинга
2022064	ru	Кировский
2022083	ru	Киренск
202217	ru	Гитараме
2022174	ru	Хурба
2022289	ru	Хороль
2022304	ru	Хоринск
2022317	ru	Хор
2022463	ru	Хилок
2022773	ru	Хандыга
2022890	az	Khabarovsk
2022890	ru	Хабаровск
2022890	tr	Habarovsk
2023058	ru	Кавалерово
2023094	ru	Карымское
2023225	ru	Каменск
2023226	ru	Камень-Рыболов
202326	ru	Сиангугу
2023333	ru	Качуг
2023350	ru	Кабанск
2023377	ru	Иволгинск
2023469	az	İrkutsk
2023469	ru	Иркутск
2023469	tr	İrkutsk
2023782	ru	Гусиноозёрск
2023918	ru	Горные Ключи
2024449	ru	Эльбан
2024800	ru	Дунай
2024812	ru	Дульдурга
2024893	ru	Домна
2025121	ru	Дарасун
2025159	ru	Дальнереченск
2025241	ru	Чурапча
2025261	ru	Чульман
2025286	ru	Чугуевка
2025339	az	Çita
2025339	ru	Чита
2025339	tr	Çita
2025404	ru	Чигири
2025456	ru	Чернышевский
2025458	ru	Чернышевск
2025489	ru	Черниговка
2025527	ru	Черемхово
202557	ru	Нгорореро
2025579	ru	Чегдомын
2025917	ru	Бурея
2026126	ru	Борзя
2026160	ru	Борогонцы
2026303	ru	Большой Камень
2026544	ru	Бохан
2026583	ru	Бодайбо
2026609	az	Blagoveshchensk
2026609	ru	Благовещенск
2026609	tr	Blagoveşçensk
2026643	az	Birobican
2026643	ru	Биробиджан
2026643	tr	Birobidzhan
2026696	ru	Бикин
2026708	ru	Бичура
2026786	ru	Берёзовый
2026861	ru	Бердигестях
2026895	az	Beloqorsk
2026895	ru	Белогорск
2026979	ru	Байкальск
2027109	ru	Баргузин
2027184	ru	Балей
2027275	ru	Бада
2027296	az	Ayxal
2027296	ru	Айхал
2027373	ru	Атаманская
2027456	ru	Артём
2027468	ru	Арсеньев
2027487	ru	Архара
2027667	az	Anqarsk
2027667	ru	Ангарск
2027740	ru	Амурзет
2027749	ru	Амурск
2027786	ru	Амга
2027968	ru	Алдан
2028078	ru	Агинское
2028462	ru	Улан-Батор
2028462	tr	Ulan Batur
2028606	az	Tsetserleg
2028606	ru	Цэцэрлэг
2028606	tr	Tsetserleg
2028614	ru	Тосон-Цэнгэл
202905	ru	Гисеньи
2029156	az	Sukhbaatar
2029156	ru	Сухэ-Батор
2029156	tr	Sükhbaatar
2029315	ru	Шарынгол
2029656	az	Undurkhaan
2029656	ru	Ундурхаан
2029656	tr	Undurkhaan
2029945	az	Moron
2029945	ru	Мурэн
2029945	tr	Möron
2030065	az	Mandalgovi
2030065	ru	Мандалгови
2030065	tr	Mandalgovi
2030474	ru	Богд
203104	az	Byumba
203104	ru	Биумба
203104	tr	Byumba
203112	ru	Бутаре
2031405	az	Erdenet
2031405	ru	Эрдэнэт
2031405	tr	Erdenet
2031517	az	Dzuunmod
2031517	ru	Дзуунмод
2031517	tr	Dzuunmod
2031533	ru	Зуунэхараа
2031964	az	Darhan
2031964	ru	Дархан
2031964	tr	Darhan
2032007	az	Dalanzadgad
2032007	ru	Даланзадгад
2032007	tr	Dalandzadgad
2032050	az	Çoyr
2032050	ru	Чойр
2032050	tr	Choyr
2032054	az	Çoybalsan
2032054	ru	Чойбалсан
2032054	tr	Choibalsan
2032081	az	Saynshand
2032081	ru	Сайншанд
2032081	tr	Saynshand
2032201	az	Bulgan
2032201	ru	Булган
2032201	tr	Bulgan
2032533	az	Bayanhongor
2032533	ru	Баянхонгор
2032533	tr	Bayanhongor
2032614	az	Baruun-Urt
2032614	ru	Баруун-Урт
2032614	tr	Baruun-Urt
2032814	az	Arvayheer
2032814	ru	Арвайхээр
2032814	tr	Arvayheer
2033147	ru	Чжаочжоу
2033196	ru	Чжанцзякоу
2033225	ru	Чжаланьтунь
2033242	ru	Юйшу
2033370	ru	Инкоу
2033413	ru	Ичунь
2033467	ru	Яньцзи
2033536	ru	Якэши
2033675	ru	Синьминь
2033685	ru	Синьлинь
2033766	ru	Синчэн
2034141	ru	Учан
2034221	ru	Ванцине
2034340	ru	Тюменский
2034400	ru	Тунляо
2034414	ru	Тунхуа
2034439	ru	Телин
2034497	ru	Таонань
2034638	ru	Суцзятунь
2034655	ru	Суйхуа
2034714	ru	Сыпин
2034754	ru	Шуньи
2034761	ru	Шулань
2034786	ru	Шуанъяшань
2034937	az	Şenyanq
2034937	ru	Шэньян
2034937	tr	Shenyang
2034996	ru	Шаньхайгуань
2035265	ru	Цицикар
2035399	ru	Сунъюань
2035511	ru	Паньши
2035521	ru	Паньгу
2035610	ru	Нэхэ
2035715	ru	Муданьцзян
2035746	ru	Мишань
2035836	ru	Маньчжурия
2035970	ru	Лонцзян
2036033	ru	Люхэ
2036055	ru	Лишать
2036069	ru	Линьцзяне
2036109	ru	Ляоюань
2036113	ru	Ляоян
2036266	ru	Лабудалинь
2036337	ru	Кайюань
2036389	ru	Цзиси
2036427	ru	Цзиньчжоу
2036458	ru	Цзинин
2036502	ru	Цзилинь
2036536	ru	Цзяохэ
2036581	ru	Цзямусы
2036595	ru	Чжалайнор
2036653	ru	Хуньчунь
2036671	ru	Хулан
2036892	az	Hoxhot
2036892	ru	Хух-Хото
2036892	tr	Huhhot
2036933	ru	Хэлуне
2036973	ru	Хэйхэ
2036986	ru	Хэган
2037013	az	Harbinq
2037013	ru	Харбин
2037013	tr	Harbin
2037075	ru	Хайлин
2037078	ru	Хайлар
2037222	ru	Гунчжулин
2037330	ru	Фуюань
2037346	ru	Фусинь
2037355	ru	Фушунь
2037370	ru	Фули
2037375	ru	Фуцзинь
2037393	ru	Фенгсианг
2037485	ru	Эрэн-Хото
2037534	ru	Дуньхуа
2037620	ru	Донлин
2037799	ru	Датун
2037860	ru	Дацин
2037886	ru	Даньдун
2038067	ru	Чифэн
2038087	ru	Чэндэ
2038118	ru	Чаоян
2038120	ru	Чаоян
2038139	ru	Чанту
2038154	ru	Чанпин
2038180	az	Çançun
2038180	ru	Чанчунь
2038180	tr	Çangçun
2038274	ru	Боли
2038300	ru	Бэньси
2038421	ru	Баян
2038432	ru	Баотоу
2038438	ru	Баошань
2038446	ru	Баоцин
2038569	ru	Байчен
2038584	ru	Байшань
2038632	ru	Аньшань
2038650	ru	Анда
2038665	ru	Алихэ
2038679	ru	Ахенг
2038800	ru	Фукаура
2040674	ru	Сонбон
2040893	az	Sinuiju
2040893	ru	Синыйджу
2040893	tr	Sinuiju
2042498	ru	Нанам
2042645	az	Rajin
2042645	ru	Радзин
2042645	tr	Rajin
2043484	ru	Кильджу
2043531	ru	Капсане-до
2043572	az	Kanggye
2043572	ru	Канге
2043572	tr	Kanggye
2043837	az	Hyesan
2043837	ru	Хёсан
2043837	tr	Hyesan
204405	ru	Увира
2044757	az	Chongjin
2044757	ru	Чхончжине
2044757	tr	Chongjin
2045311	ru	Аоди-ри
2047258	ru	Новый Ургал
204953	ru	Чикапа
2051471	ru	Дальнегорск
2051523	ru	Братск
2055166	ru	Саянск
2055815	ru	Куанда
2056881	ru	Маркова
2057087	az	Kupanq
2057087	ru	Купанге
2058430	az	Vayalla
2058430	ru	Уайалла
2058430	tr	Whyalla
205970	ru	Саке
206047	ru	Рутшуру
2062338	az	Rokinqem
2062338	ru	Рокингем
2062338	tr	Rockingham
2062944	ru	Проспект
2063030	az	Port Piri
2063030	ru	Порт-Пири
2063030	tr	Port Pirie
2063036	ru	Порт-Линкольн
2063042	ru	Порт-Хедленд
2063056	ru	Порт-Огаста
2063056	tr	Port Augusta
2063523	az	Pert
2063523	ru	Перт
2063523	tr	Perth
2064768	ru	Ньюмен
2065176	ru	Марри-Бридж
2065594	az	Mount Iza
2065594	ru	Маунт-Айза
2065594	tr	Mount Isa
2065665	ru	Маунт Баркер
2066981	ru	Маргарет
2067119	az	Mandura
2067119	ru	Мандъюра
2067119	tr	Mandurah
2068079	ru	Куинана
2068655	ru	Кэтрин
2068823	ru	Калгурли
2070998	az	Heraldton
2070998	ru	Джералдтон
2070998	tr	Geraldton
2071059	az	Qoler
2071059	ru	Голер
2071059	tr	Gawler
2071223	ru	Фримантл
2071860	ru	Эсперанс
2073124	az	Darvin
2073124	ru	Дарвин
2073124	tr	Darwin
2075230	ru	Байфорд
2075265	az	Basselton
2075265	ru	Бассельтон
2075265	tr	Busselton
2075432	az	Banberi
2075432	ru	Банбери
2075432	tr	Bunbury
207570	ru	Мвене-Диту
2075720	ru	Брум
207596	ru	Мвека
2077579	ru	Армадейл
2077895	az	Elis Springs
2077895	ru	Алис-Спрингс
2077895	tr	Alice Springs
2077963	az	Albani
2077963	ru	Олбани
2077963	tr	Albany
2078025	az	Adelaide
2078025	ru	Аделаида
2078025	tr	Adelaide
2078127	az	Flayinq Fiş Kouv
2078127	ru	Флайинг-Фиш-Коув
2078894	ru	Ист-Фримантл
2078904	ru	Клермонт
2080115	az	Likiep
2080115	ru	Ликиеп
2080115	tr	Likiep
2080422	az	Jabor
2080422	ru	Джабор
2080422	tr	Jabor
2080970	az	Ailuk
2080970	ru	Аилук
2080970	tr	Ailuk
2081114	ru	Вено
2081986	ru	Паликир
2081986	tr	Palikir
2082539	ru	Мерауке
2082600	ru	Джаяпура
2083537	az	Wewak
2083537	ru	Вевак
2083537	tr	Wewak
2084246	az	Wabag
2084246	ru	Вабаг
2084246	tr	Wabag
2084442	az	Vanimo
2084442	ru	Ванимо
2084442	tr	Vanimo
2085772	az	Tari
2085772	ru	Тари
2085772	tr	Tari
2087894	az	Rabaul
2087894	ru	Рабаул
2087894	tr	Rabaul
2088122	az	Port Morsbi
2088122	ru	Порт-Морсби
2088163	az	Popondetta
2088163	ru	Попондетта
2088163	tr	Popondetta
2090409	az	Mount Hagen
2090409	ru	Маунт-Хаген
2090409	tr	Mount Hagen
2090990	az	Mendi
2090990	ru	Менди
2090990	tr	Mendi
2091996	az	Madang
2091996	ru	Маданг
2091996	tr	Madang
2092164	az	Lorengau
2092164	ru	Лоренгау
2092164	tr	Lorengau
209228	az	Mbuji-Mayi
209228	ru	Мбужи-Майи
209228	tr	Mbuji-Mayi
2092740	az	Lae
2092740	ru	Лаэ
2092740	tr	Lae
2092952	az	Kurumul
2092952	ru	Курумул
2092952	tr	Kurumul
2093059	az	Kundiawa
2093059	ru	Кундиава
2093059	tr	Kundiawa
2093685	az	Kokopo
2093685	ru	Кокопо
2093685	tr	Kokopo
2093967	az	Kimbe
2093967	ru	Кимбе
2093967	tr	Kimbe
2094144	az	Kerema
2094144	ru	Керема
2094144	tr	Kerema
2094342	az	Kavieng
2094342	ru	Кавиенг
2094342	tr	Kavieng
2095038	ru	Каинанту
2095925	ru	Йалибу
2096742	az	Goroka
2096742	ru	Горока
2096742	tr	Goroka
2098329	az	Daru
2098329	ru	Дару
2098329	tr	Daru
2100633	ru	Арава
2101169	ru	Аитапе
2102384	az	Tulagi
2102384	ru	Тулаги
2102384	tr	Tulagi
210379	az	Lusambo
210379	ru	Лусамбо
210379	tr	Lusambo
2108502	ru	Хониара
2108857	az	Gizo
2108857	ru	Гизо
2108857	tr	Gizo
2109528	az	Buala
2109528	ru	Буала
2109528	tr	Buala
2109701	az	Auki
2109701	ru	Ауки
2109701	tr	Auki
2110257	ru	Южная Тарава
2110302	az	Toqa kəndi
2110302	ru	Деревня Тога
2110302	tr	Toga Köyü
2110322	az	Tanrake kəndi
2110322	ru	Деревня Танраке
2110322	tr	Tanrake Köyü
2110377	az	Kulya kəndi
2110377	ru	Деревня Кулиа
2110377	tr	Kulia Köyü
2110415	az	Asau kəndi
2110415	ru	Деревня Асау
2110415	tr	Asau Köyü
2110419	az	Yangor
2110419	ru	Янгор
2110419	tr	Yangor
2110421	az	Uaboe
2110421	ru	Уабое
2110421	tr	Uaboe
2110427	az	Baiti
2110427	ru	Баити
2110427	tr	Baiti
2110433	az	Ijuw
2110433	ru	Ижув
2110433	tr	Ijuw
2110447	az	Anibare
2110447	ru	Анибаре
2110447	tr	Anibare
2110450	az	Anabar
2110450	ru	Анабар
2110450	tr	Anabar
2110460	ru	Юдзава
2110498	ru	Йонезава
2110538	ru	Янагава
2110556	ru	Ямагата
2110560	ru	Ямада
2110579	ru	Ятимата
2110586	ru	Ватари
2110629	ru	Усику
2110681	ru	Цукуба
2110729	ru	Ториде
2110735	ru	Тона
2110774	ru	Тогане
2110793	ru	Тендо
2110891	ru	Такахата
2110893	ru	Такахаги
2111018	ru	Сирои
2111049	ru	Сиогама
2111065	ru	Синдзе
2111149	ru	Сендай
2111220	ru	Сакура
2111248	ru	Сагаэ
2111258	ru	Рюгасаки
2111325	ru	Отавара
2111332	ru	Отаки
2111530	ru	Офунато
2111559	ru	Обанадзава
2111684	ru	Нарита
2111781	ru	Нагаи
2111824	ru	Мотомия
2111831	ru	Мория
2111834	ru	Мориока
2111836	ru	Моока
2111855	ru	Мобара
2111859	ru	Мидзусава
2111884	ru	Мияко
2111964	ru	Мацусима
2112141	ru	Корияма
2112227	ru	Китаками
2112232	ru	Китаибараки
2112263	ru	Кесеннума
2112297	ru	Камогаwа
2112309	ru	Кацуура
2112343	ru	Касама
2112409	ru	Каминояма
2112444	ru	Камаиси
2112454	ru	Какунодате
2112455	ru	Какудский
2112521	ru	Ивасэ
2112539	ru	Иваки
2112543	ru	Иваидзуми
2112555	ru	Итако
2112571	ru	Исиока
2112576	ru	Исиномаки
2112583	ru	Исикава
2112656	ru	Итиносеки
2112664	ru	Итихара
2112688	ru	Хокота
2112708	ru	Хитати
2112758	ru	Хигасине
2112823	ru	Ханамаки
2112923	ru	Фукусима
2112989	ru	Даиго
2113015	ru	Чиба
2113077	ru	Асахи
2113115	ru	Ами
2113126	ru	Акита
2113164	ru	Абико
2113779	ru	Маджуро
211647	ru	Лодж
211734	ru	Лисале
2118647	ru	Вилючинск
2119370	ru	Заветы Ильича
2119441	az	Yujno-Saxalinsk
2119441	ru	Южно-Сахалинск
2119441	tr	Yujno-Sahalinsk
2119447	ru	Южно-Курильск
2119538	ru	Елизово
2119932	ru	Ванино
2120048	ru	Усть-Нера
2120261	az	Uqleqorsk
2120261	ru	Углегорск
2120334	ru	Тымовское
2120864	ru	Сусуман
2121052	ru	Советская Гавань
2121126	ru	Смирных
2121367	ru	Шахтёрск
2121909	ru	Поронайск
2122104	az	Petropavlovsk-Kamçatski
2122104	ru	Петропавловск-Камчатский
2122104	tr	Petropavlovsk-Kamçatski
2122574	ru	Ола
2122584	ru	Октябрьский
2122605	ru	Охотск
2122614	ru	Оха
2122783	ru	Ноглики
2122850	ru	Николаевск-на-Амуре
2122894	ru	Невельск
2123278	ru	Мильково
212360	ru	Конголо
2123614	ru	Макаров
2123628	az	Maqadan
2123628	ru	Магадан
2123628	tr	Magadan
2124286	ru	Корсаков
2124440	ru	Ключи
2124615	ru	Холмск
2125472	ru	Горнозаводск
2125945	ru	Долинск
2126682	ru	Билибино
2127154	ru	Анива
2127202	az	Anadır
2127202	ru	Анадырь
2127202	tr	Anadır
2127282	ru	Александровск-Сахалинский
212730	az	Kisangani
212730	ru	Кисангани
212730	tr	Kisangani
2127419	az	Yübari
2127419	ru	Юбари
2127515	az	Vakkanai
2127515	ru	Вакканай
2127545	az	Utaşinai
2127545	ru	Утасинай
2127733	ru	Томакомай
2127878	ru	Муцу
2127955	az	Sunaqava
2127955	ru	Сунагава
2128206	ru	Сибецу
2128295	az	Sapporo
2128295	ru	Саппоро
2128382	ru	Румои
2128430	ru	Раусу
2128574	ru	Отару
2128787	ru	Одате
2128815	ru	Обихиро
2128867	ru	Носиро
2128894	ru	Ноборибецу
2128975	ru	Нэмуро
2128983	ru	Наеро
2129005	ru	Намиока
212902	az	Kindu
212902	ru	Кинду
212902	tr	Kindu
2129034	ru	Накасибецу
2129101	ru	Муроран
2129163	ru	Момбецу
2129211	ru	Мисава
2129376	az	Kuşiro
2129376	ru	Кусиро
2129395	ru	Куроиси
2129537	ru	Киты
2129870	az	İvamizava
2129870	ru	Ивамидзава
2129909	az	İşikari
2129909	ru	Исикари
2130054	az	Kitahiroşima
2130054	ru	Хиросима
2130057	ru	Хиросаки
2130146	ru	Кадзуно
2130188	ru	Хакодате
2130215	ru	Хапоро
2130306	ru	Фурано
2130332	az	Fukaqava
2130332	ru	Фукагава
2130364	ru	Эсаси
2130387	ru	Энгару
2130404	ru	Эбецу
2130452	az	Çitose
2130452	ru	Титосе
2130534	ru	Бибай
2130612	az	Aşibetsu
2130612	ru	Асибецу
2130629	az	Asahikava
2130629	ru	Асахикава
2130658	ru	Аомори
2130705	ru	Акабира
2130708	ru	Адзигасава
2130741	az	Abaşiri
2130741	ru	Абасири
2131612	ru	Госёгавара
2133990	az	Alotau
2133990	ru	Алотау
2133990	tr	Alotau
2134814	az	Sola
2134814	ru	Сола
2134814	tr	Sola
2135171	ru	Порт-Вила
2136150	az	Luganville
2136150	ru	Люганвиль
2136150	tr	Luganville
2136697	az	Lakatoro
2136697	ru	Лакаторо
2136697	tr	Lakatoro
2136825	az	Isangel
2136825	ru	Исангел
2136825	tr	Isangel
2137690	az	We
2137690	ru	Уэ
2137690	tr	We
2138285	ru	Тадин
213940	ru	Касонго
2139521	ru	Нумеа
2140466	az	La Foa
2140466	ru	Ла-Фоа
2140466	tr	La Foa
2140691	az	Kone
2140691	ru	Конe
2140691	tr	Kone
2142316	ru	Еппун
2142412	ru	Ясс
2142447	ru	Ярравонга
2143103	ru	Ууденд
2143285	ru	Уодонга
2143285	tr	Wodonga
2143561	ru	Уилльямстаун
2143747	ru	Уитлси
2144502	ru	Уорик
2144528	ru	Уорнамбул
2144528	tr	Warnambool
2144604	ru	Уоррагул
2144764	ru	Уангаратта
2144764	tr	Wangratta
214481	az	Kananga
214481	ru	Кананга
214481	tr	Kananga
2145110	az	Uoaqqa-Uoaqqa
2145110	ru	Уогга Уогга
2145532	ru	Улверстон
2145554	ru	Улладулла
2145765	ru	Туид Хедс
2145875	ru	Тьюмут
2145936	ru	Таггеранонг
2146108	ru	Траралгон
2146108	tr	Traralgon
214614	az	Kamina
214614	ru	Камины
214614	tr	Kamina
2146142	ru	Таунсвилл
2146218	ru	Торки
2146268	ru	Тувумба
2147381	ru	Тари
2147381	tr	Taree
2147497	az	Tamvort
2147497	ru	Тамуорт
2147497	tr	Tamworth
2147714	az	Sidney
2147714	ru	Сидней
2147714	tr	Sidney
2147756	ru	Суон-Хилл
2147849	ru	Сёрферс Парадайз
2147914	ru	Санбери
2148431	ru	Стоэлл
2148507	ru	Стэнтхорп
2149475	ru	Синглтон
2149645	ru	Шеппартон
2149645	tr	Shepparton
214974	ru	Калемие
2149797	ru	Симор
2150216	ru	Сарина
2150615	ru	Сейл
2151437	ru	Рокхемптон
2151437	tr	Rockhampton
2151650	ru	Ричмонд
2151943	ru	Ред-Клифс
2152286	ru	Куинбеян
2152286	tr	Quenbeyan
2152659	ru	Порт Маккуори
2152667	ru	Портленд
2153887	ru	Палмвудз
2154219	az	Orinc
2154219	ru	Орандж
2154219	tr	Orange
2154787	ru	Новра
2154787	tr	Nowra
215527	ru	Кабинда
2155415	ru	Нью-Норфолк
2155472	az	Nyukasl
2155472	ru	Ньюкасл
2155472	tr	Newcastle
2155562	ru	Нельсон Бэй
2155796	ru	Наракорт
2155862	ru	Намбор
2156404	ru	Маджи
2156643	ru	Маунт-Гамбиер
2156643	tr	Mount Gambier
2156683	ru	Маунт Коттон
2156813	ru	Мосман
2156825	ru	Моруэлл
2156825	tr	Morwell
2156878	ru	Морнингтон
2156974	ru	Мурупна
2157109	ru	Мулулаба
2157343	ru	Мои
2157698	ru	Милдьюра
215771	az	Isiro
215771	ru	Исиро
215771	tr	Isiro
2158151	ru	Мелтон
2158177	az	Melburn
2158177	ru	Мельбурн
2158177	tr	Melbourne
2158561	ru	Мэриборо
2158562	ru	Мэриборо
2158562	tr	Maryborough
2158867	ru	Манли
2159045	az	Meytlend
2159045	ru	Мейтленд
2159045	tr	Maitland
2159131	ru	Мафра
2159220	az	Makay
2159220	ru	Макей
2159220	tr	Mackay
215976	ru	Илебо
2159851	az	Liverpul
2159851	ru	Ливерпуль
2159851	tr	Liverpool
2160053	ru	Литгоу
2160053	tr	Lithgow
2160258	ru	Лидкомб
2160336	ru	Леопольд
2160339	ru	Леонгата
2160413	ru	Литон
2160517	az	Lonseston
2160517	ru	Лонсестон
2160517	tr	Launceston
2160885	ru	Кайнтон
2161314	az	Kinqston
2161314	ru	Кингстон
2161608	ru	Кенсингтон
2161609	ru	Кенсингтон
2161658	az	Kempsi
2161658	ru	Кемпси
2161658	tr	Kempsey
2161776	az	Katumba
2161776	ru	Катумба
2161776	tr	Katoomba
2162276	ru	Джимбумба
216281	az	Goma
216281	ru	Гома
216281	tr	Goma
2163055	ru	Хоршем
2163055	tr	Horsham
2163137	ru	Хорнсби
2163355	az	Hobart
2163355	ru	Хобарт
2163355	tr	Hobart
2163641	ru	Хеленсбург
2163701	ru	Хилсвилл
2164025	ru	Гамильтон
216404	az	Gbadolite
216404	ru	Гбадолите
216404	tr	Gbadolite
2164129	ru	Гимпи
2164422	ru	Гриффит
2164771	ru	Графтон
2164771	tr	Grafton
2164837	ru	Гулберн
2164837	tr	Goulburn
2164972	ru	Гундивинди
2165087	ru	Голд Коуст
2165478	az	Gledston
2165478	ru	Глэдстон
2165478	tr	Gladstone
2165798	ru	Джилонг
2165828	ru	Гаттон
2166143	ru	Френкстон
2166368	ru	Форбс
2167312	ru	Энгадин
2167425	ru	Эмералд
2167426	ru	Эмеральд
2167817	az	Eçuka
2167817	ru	Ичука
2168305	az	Dabbo
2168305	ru	Даббо
2168305	tr	Dubbo
2168943	ru	Девонпорт
2168943	tr	Devonport
2169460	ru	Данденонг
2169535	ru	Далби
2169868	ru	Кройдон
2170430	ru	Кутамундра
2170577	ru	Кума
2171069	ru	Колак
2171069	tr	Colac
2171085	ru	Кофс-Харбор
2171085	tr	Coffs Harbour
2171173	ru	Кобрам
2171320	ru	Клифтон Спрингс
2171507	az	Vollonggong
2171507	ru	Вуллонгонг
2171507	tr	Wollongong
2171596	ru	Чинчилла
2171722	ru	Чартерс-Тауэрс
2171845	ru	Сеснок
2171845	tr	Cessnock
2171948	ru	Колфилд
2172106	ru	Каслмейн
2172517	az	Kanberra
2172517	ru	Канберра
2172517	tr	Kanberra
2172710	ru	Калундра
2172797	ru	Кернс
2172797	tr	Cairns
2172880	ru	Байрон-Бей
2173125	az	Berni
2173125	ru	Берни
2173125	tr	Burnie
2173323	ru	Бандаберг
2173911	ru	Брокен-Хилл
2173911	tr	Broken Hill
2174003	az	Brisben
2174003	ru	Брисбен
2174003	tr	Brisbane
2174444	az	Bouen
2174444	ru	Бауэн
2174444	tr	Bowen
2174976	ru	Бомадерри
217562	ru	Бутембо
217570	az	Buta
217570	ru	Бут
217570	tr	Buta
2175819	ru	Билоила
2176187	az	Bendigo
2176187	ru	Бендиго
2176187	tr	Bendigo
2176225	ru	Беналла
2176225	tr	Benalla
2176373	ru	Белконнен
2176542	ru	Беконсфилд
2176632	az	Baterst
2176632	ru	Бэтхерст
2176632	tr	Bathurst
2176868	ru	Баргара
217695	az	Bunia
217695	ru	Буниа
217695	tr	Bunia
2177091	az	Ballarat
2177091	ru	Балларат
2177091	tr	Ballarat
2177233	ru	Бэрнсдейл
2177394	ru	Баккус-Марш
217745	ru	Бумба
217745	tr	Bumba
2177541	ru	Атертон
2177671	ru	Армидейл
2177671	tr	Armidale
2177756	ru	Арарат
2177756	tr	Ararat
2178174	ru	Олбери
217831	az	Bukavu
217831	ru	Букаву
217831	tr	Bukavu
2178750	az	Lata
2178750	ru	Лата
2178750	tr	Lata
2178753	az	Kirakira
2178753	ru	Киракира
2178753	tr	Kirakira
2179089	tr	Wigram
2179537	az	Vellinqton
2179537	ru	Веллингтон
2179639	ru	Уоркуэрт
2179670	ru	Вангануи
2179670	tr	Whanganui
2181133	ru	Тимару
2181742	ru	Таупо
2183472	az	Richmond
2183472	ru	Ричмонд
2183472	tr	Richmond
2184397	ru	Порируа
2184397	tr	Porirua
2184904	ru	Парапарауму
2185018	az	Palmerston North
2185018	ru	Палмерстон-Норт
2185018	tr	Palmerston North
2185579	tr	Onerahi
2185587	tr	Onekawa
2185964	ru	Норт-Шор
2185994	tr	North East Valley
2186239	az	New Plymouth
2186239	ru	Нью-Плимут
2186239	tr	New Plymouth
2186280	az	Nelson
2186280	ru	Нельсон
2186280	tr	Nelson
2186313	az	Napier
2186313	ru	Нейпир
2186313	tr	Napier
218680	az	Boende
218680	ru	Боэнде
218680	tr	Boende
2188164	ru	Лоуэр-Хатт
2188164	tr	Lower Hutt
2188371	ru	Линкольн
2189028	tr	Karori
2189529	az	Invercargill
2189529	ru	Инверкаргилл
2189529	tr	Invercargill
2189854	tr	Homai
2190224	ru	Хейстингс
2190324	az	Hamilton
2190324	ru	Гамильтон
2190324	tr	Hamilton
2190329	ru	Халсвелл
2190329	tr	Halswell
219057	ru	Бени
2191562	az	Dunedin
2191562	ru	Данидин
2191562	tr	Dunedin
2191911	ru	Даргавилл
2192313	tr	Claudelands
2192362	az	Kraysçörç
2192362	ru	Крайстчёрч
2192362	tr	Christchurch
2193733	az	Auckland
2193733	ru	Окленд
2193733	tr	Auckland
2194046	ru	Албани
2197035	ru	Ватукоула
2198148	ru	Сува
2202064	ru	Нанди
220448	ru	Акети
2204506	ru	Лаутока
2206854	az	Gisborne
2206854	ru	Гисборн
2206854	tr	Gisborne
2206890	ru	Мастертон
2206895	az	Greymouth
2206895	ru	Греймут
2206895	tr	Greymouth
2207598	ru	Лавертон
2207740	ru	Такапуна
2207740	tr	Takapuna
220782	az	Tadjoura
220782	ru	Таджура
220782	tr	Tadjourah
2208032	ru	Тауранга
2208041	ru	Маунт Маунгануи
2208330	az	Whakatane
2208330	ru	Факатане
2208330	tr	Whakatane
2208333	ru	Темс
2208425	az	Zuara
2208425	ru	Зуара
2208425	tr	Zuara
2208485	ru	Злитен
2208518	ru	Зилла
2208791	ru	Яфран
2210221	ru	Тархуны
2210247	ru	Триполи
2210247	tr	Trablus
2210554	az	Sirte
2210554	ru	Сурт
2210554	tr	Sirte
2212775	az	Sabha
2212775	ru	Сабха
2212775	tr	Sebha
2214433	az	Nalut
2214433	ru	Налут
2214433	tr	Nalut
2214603	az	Murzuk
2214603	ru	Мурзук
2214603	tr	Murzuk
2214846	az	Misrata
2214846	ru	Мисурата
2214846	tr	Misrata
221527	az	Obock
221527	ru	Обок
221527	tr	Obuk
2216645	az	Hun
2216645	ru	Хун
2216645	tr	Hun
2217351	az	Ghat
2217351	ru	Гат
2217351	tr	Ghat
2217362	az	Qaryan
2217362	ru	Гарян
2217362	tr	Garyan
2217440	ru	Гадамес
2218478	ru	Бирак
2218478	tr	Brak
2218840	ru	Бени-Валид
2218963	ru	Эз-Зинтан
2218970	az	Az Zawiya
2218970	ru	Эз-Завия
2218970	tr	Ez Zaviye
2219235	az	Ubari
2219235	ru	Убари
2219235	tr	Ubari
2219905	az	El Xums
2219905	ru	Хомс
2219905	tr	El Hums
2219960	ru	Аль-Джадид
2220139	az	Al Aziziya
2220139	ru	Эль-Азизия
2220139	tr	El Aziziye
2220309	az	İdri
2220309	ru	Идри
2220309	tr	İdri
2220957	az	Yaunde
2220957	ru	Яунде
2220957	tr	Yaunde
2222230	ru	Сангмелима
2223763	ru	Нконгсамба
2224827	az	Ngaundere
2224827	ru	Нгаундере
2224827	tr	Ngaoundere
2225991	ru	Море
2227402	ru	Мейганге
2228079	ru	Мбальмайо
2228373	az	Marua
2228373	ru	Маруа
2228373	tr	Maroua
2228902	ru	Макак
2229152	ru	Лум
2229411	ru	Лимбе
2229752	ru	Кумбой
2229761	ru	Криби
2231320	az	Garua
2231320	ru	Гаруа
2231320	tr	Garoua
2231506	ru	Фумбан
2232239	ru	Эдеа
2232283	az	Ebolova
2232283	ru	Эболова
2232283	tr	Ebolowa
2232444	ru	Джанг
2232593	az	Duala
2232593	ru	Дуала
2232593	tr	Douala
2233410	az	Buea
2233410	ru	Буэа
2233410	tr	Buea
2234359	az	Bertua
2234359	ru	Бертуа
2234359	tr	Bertoua
2234536	ru	Белабо
2234974	az	Bamenda
2234974	ru	Баменды
2234974	tr	Bamenda
2235029	ru	Бали
2235189	az	Bafussam
2235189	ru	Бафуссама
2235189	tr	Bafoussam
2236568	az	Uige
2236568	ru	Уиже
2236568	tr	Uige
2236967	ru	Сойо
223817	az	Cibuti
223817	ru	Джибути
223817	tr	Cibuti
223890	az	Dikhil
223890	ru	Дикиль
223890	tr	Dikhil
2239001	ru	Нзето
2239069	ru	Негаге
2239076	az	N'dalatando
2239076	ru	Ндалатандо
2239076	tr	N'dalatando
2239149	ru	Муссенде
2239520	az	Mbanza Kongo
2239520	ru	Мбанза-Конго
2239520	tr	Mbanza Kongo
2239862	az	Malanje
2239862	ru	Маланже
2239862	tr	Malanje
2240449	ru	Луанда
2240975	ru	Голунгу Альту
2241502	ru	Дамба
2241623	ru	Куимба
2241954	ru	Казомбо
2242001	az	Caxito
2242001	ru	Кашито
2242001	tr	Caxito
2242584	ru	Кангандала
2242885	ru	Камабатела
2243127	ru	Какузу
2243271	az	Kabinda
2243271	ru	Кабинда
2243271	tr	Cabinda
2243866	ru	Байлунду
2243914	ru	Амбриз
2243940	az	Ziguinchor
2243940	ru	Зигиншор
2243940	tr	Ziguinchor
2244322	ru	Туба
2244786	ru	Тиадиайе
2244991	az	Tambacounda
2244991	ru	Тамбакунда
2244991	tr	Tambacounda
2245704	az	Sedhiou
2245704	ru	Седжиу
2245704	tr	Sedhiou
2246452	az	Saint-Louis
2246452	ru	Сен-Луи
2246452	tr	Saint-Louis
2246512	ru	Рюфиск
2246512	tr	Rufisque
2246678	ru	Пикин
2246922	ru	Уро-Соги
2247684	ru	Ндиум
2248698	ru	Мбаке
2248752	az	Matam
2248752	ru	Матам
2248752	tr	Matam
2249222	az	Louga
2249222	ru	Луга
2249222	tr	Louga
2249576	ru	Кумпентум
2249782	az	Kolda
2249782	ru	Колда
2249782	tr	Kolda
225037	az	Arta
225037	ru	Арта
225037	tr	Arta
2250645	az	Kedougou
2250645	ru	Кедугу
2250645	tr	Kedougou
2250659	ru	Кебемер
2250805	az	Kaolack
2250805	ru	Каолак
2250805	tr	Kaolack
2251007	az	Kaffrine
2251007	ru	Каффрин
2251007	tr	Kaffrine
2251473	ru	Гудири
2251688	ru	Гандиайе
2251911	az	Fatick
2251911	ru	Фатик
2251911	tr	Fatick
2252309	az	Diourbel
2252309	ru	Диурбель
2252309	tr	Diourbel
225284	az	Ali Sabih
225284	ru	Али-Сабие
225284	tr	Ali Sabih
2253277	ru	Дар
2253354	az	Dakar
2253354	ru	Дакар
2254441	ru	Бакель
2255285	az	Sibiti
2255285	ru	Сибити
2255285	tr	Sibiti
2255414	az	Pointe-Noire
2255414	ru	Пуэнт-Нуар
2255414	tr	Pointe-Noire
2255542	az	Owando
2255542	ru	Овандо
2255542	tr	Owando
2255564	az	Ouesso
2255564	ru	Уэссо
2255564	tr	Ouesso
2257990	az	Madingou
2257990	ru	Мадингу
2257990	tr	Madingou
2258261	az	Dolisie
2258261	ru	Долиси
2258261	tr	Dolisie
2258375	az	Loango
2258375	ru	Лоанго
2258375	tr	Loango
2258984	az	Kinkala
2258984	ru	Кинкала
2258984	tr	Kinkala
2259383	ru	Кайес
2259655	az	Impfondo
2259655	ru	Импфондо
2259655	tr	Impfondo
2260009	az	Ewo
2260009	ru	Эво
2260009	tr	Ewo
2260014	ru	Этумби
2260401	az	Djambala
2260401	ru	Джамбала
2260401	tr	Djambala
2260535	az	Brazzavil
2260535	ru	Браззавиль
2260535	tr	Brazavil
226110	ru	Тороро
2261598	tr	Vila Real de Santo António
2261648	ru	Вила-ду-Бишпу
2262581	ru	Торреш
2262644	ru	Томар
2262644	tr	Tomar
2262744	ru	Тавира
2262744	tr	Tavira
2262912	ru	Синтра
2262912	tr	Sintra
2262917	ru	Синиш
2262926	ru	Силвеш
2262926	tr	Silves
2262957	ru	Сесимбра
2262963	az	Setubal
2262963	ru	Сетубал
2262963	tr	Setúbal
2263049	ru	Серпа
2263197	ru	Сан-Висенте
2263377	ru	Сан-Браш-ди-Алпортел
2263480	az	Santarem
2263480	ru	Сантарен
2263480	tr	Santarém
2263491	ru	Сантана
2263540	ru	Санта-Круш
2263667	ru	Сакавен
2263974	ru	Регенгош Де Монсараж
2264268	ru	Келуш
2264268	tr	Queluz
2264359	ru	Повуа-де-Санта-Ирия
2264456	ru	Портиман
2264508	az	Portalegre
2264508	ru	Порталегре
2264508	tr	Portalegre
2264575	ru	Помбал
2264923	tr	Peniche
2265180	ru	Паршал
2265223	tr	Palmela
2265432	ru	Санта-Мария-дуз-Оливайш
2265432	tr	Santa Maria dos Olivais
2265467	tr	Odivelas
2265485	ru	Обидуш
2265485	tr	Óbidos
2265494	ru	Монте
2265552	ru	Назаре
2265552	tr	Nazaré
2265686	ru	Мора
2265788	ru	Монтихо
2266249	ru	Монсанто
2266442	ru	Мертола
2266940	ru	Лумиар
2266961	tr	Lourinhã
2266977	tr	Loures
2266988	ru	Лола
2267057	az	Lissabon
2267057	ru	Лиссабон
2267057	tr	Lizbon
2267095	az	Leiria
2267095	ru	Лейрия
2267095	tr	Leiria
2267226	ru	Лагош
2267538	ru	Грандола
2267827	az	Funchal
2267827	ru	Фуншал
2267827	tr	Funchal
226823	ru	Паллиса
2268326	ru	Фатима
2268339	az	Faro
2268339	ru	Фару
2268339	tr	Faro
2268406	az	Evora
2268406	ru	Эвора
2268406	tr	Évora
2268411	ru	Ештремож
2268436	ru	Эшторил
2268436	tr	Estoril
2269282	ru	Шарнека
2269514	az	Castelo Branco
2269514	ru	Каштелу-Бранку
2269514	tr	Castelo Branco
2269594	ru	Кашкайш
2269594	tr	Cascais
2269946	ru	Карвоейро
2270157	ru	Карнашиде
2270338	ru	Камполиде
2270377	ru	Камарате
2270380	ru	Камара-де-Лобос
2270386	ru	Камаша
2270437	ru	Калдаш-да-Раинья
2270770	tr	Bombarral
2270985	az	Beja
2270985	ru	Беха
2270985	tr	Beja
2271006	ru	Баталья
2271006	tr	Batalha
2271071	ru	Баррейру
2271071	tr	Barreiro
2271337	ru	Азамбужа
2271473	ru	Аррентела
2271772	ru	Амадора
2271772	tr	Amadora
2271947	ru	Алмансил
2271961	ru	Алмада
2271961	tr	Almada
2272147	ru	Алкобаса
2272147	tr	Alcobaça
2272212	ru	Алкасер-ду-Сал
2272215	ru	Алкабидеше
2272222	ru	Албуфейра
2272222	tr	Albufeira
2272447	ru	Абрантиш
2272447	tr	Abrantes
2272491	az	Zwedru
2272491	ru	Зведру
2272491	tr	Zwedru
2272534	ru	Зорзор
2273312	az	Voinjama
2273312	ru	Воинджама
2273312	tr	Voinjama
2273435	az	Tubmanburg
2273435	ru	Тубманбург
2273435	tr	Tubmanburg
2273638	az	Fish Town
2273638	ru	Фиш-Таун
2273638	tr	Fish Town
2274129	az	Sanniquellie
2274129	ru	Саннийкелли
2274129	tr	Sanniquellie
2274275	az	Robertsport
2274275	ru	Робертспорт
2274275	tr	Robertsport
2274288	az	River Cess
2274288	ru	Ривер-Сесс
2274288	tr	River Cess
2274372	ru	Плибо
2274895	az	Monroviya
2274895	ru	Монровия
2276086	az	Kakata
2276086	ru	Какта
2276086	tr	Kakata
2276492	az	Harper
2276492	ru	Харпер
2276492	tr	Harper
2276600	az	Greenville
2276600	ru	Гринвилл
2276600	tr	Greenville
2277060	az	Gbarnga
2277060	ru	Гбарнге
2277060	tr	Gbarnga
2278158	az	Byukenen
2278158	ru	Бьюкенен
2278158	tr	Buchanan
2278248	az	Bopolu
2278248	ru	Боползу
2278248	tr	Bopolu
2278682	az	Bensonville
2278682	ru	Бенсонвилле
2278682	tr	Bensonville
2278889	az	Barclayville
2278889	ru	Барклейвилл
2278889	tr	Barclayville
2279755	az	Yamosukro
2279755	ru	Ямусукро
2279755	tr	Yamoussoukro
2280045	ru	Вавуа
2281951	ru	Сассандра
2282006	az	San-Pedro
2282006	ru	Сан-Педро
2282006	tr	San-Pedro
2283016	az	Odienne
2283016	ru	Одиенне
2283016	tr	Odienne
2284647	az	Man
2284647	ru	Ман
2284647	tr	Man
2285449	ru	Лакота
2286304	az	Korhogo
2286304	ru	Корого
2286304	tr	Korhogo
2288115	ru	Гран-Бассам
2288829	az	Gagnoa
2288829	ru	Ганьоа
2288829	tr	Gagnoa
2289049	ru	Феркеседугу
2289887	ru	Диво
2289983	az	Dimbokro
2289983	ru	Димбокро
2289983	tr	Dimbokro
2290412	ru	Даукро
2290462	ru	Данане
2290486	az	Daloa
2290486	ru	Далоа
2290486	tr	Daloa
2290582	ru	Даб
2290836	ru	Бундиали
2290849	ru	Буна
2290956	az	Bouake
2290956	ru	Буаке
2290956	tr	Bouake
2291113	ru	Бонгуану
2291136	az	Bondoukou
2291136	ru	Бондуку
2291136	tr	Bondoukou
229139	ru	Митьяна
229268	az	Mbarara
229268	ru	Мбарара
229268	tr	Mbarara
229278	ru	Мбале
2292852	ru	Аньяме
2293268	ru	Агбовиле
2293342	ru	Адзопе
2293507	ru	Абуассо
2293538	az	Abidjan
2293538	ru	Абиджан
2293538	tr	Abidjan
2293549	az	Abengourou
2293549	ru	Абенгуру
2293549	tr	Abengourou
229362	ru	Масинди
229380	ru	Масаки
2294034	ru	Виннебе
2294206	ru	Ва
2294665	ru	Тещи
2294700	ru	Тема
2294700	tr	Tema
2294768	ru	Тарква
2294877	ru	Тамале
2295065	ru	Сухум
2295458	ru	Секонди
2295517	ru	Савелугу
2295672	ru	Солтпонд
2295684	ru	Салага
2295840	ru	Престеа
2296564	ru	Ода
2296606	ru	Обуаси
2297126	ru	Нсоатре
2298264	ru	Мампонг
2298890	ru	Кумаси
2299233	ru	Кпанду
2299522	ru	Кофоридуа
2299645	ru	Кета
2300379	ru	Хо
2301190	ru	Элмина
2301639	ru	Дом
230166	ru	Лира
2302357	ru	Кейп-Кост
2302821	ru	Болгатанге
2304121	ru	Ашаиман
2304121	tr	Ashiaman
2304220	ru	Асаманкесе
2304389	ru	Апам
2304548	ru	Анлога
2306079	ru	Ачиаман
2306104	az	Akkra
2306104	ru	Аккра
2306104	tr	Accra
2306224	ru	Абосо
2306774	ru	Сан-Антонио-де-Пале
2306824	ru	Ребола
230893	ru	Китгум
2309332	ru	Эбебьин
2309527	ru	Малабо
2309528	ru	Луба
2310046	ru	Бата
2310309	az	Anisok
2310309	ru	Анисок
2310309	tr	Añisoc
2311968	ru	Ниоки
2312888	ru	Мбанза-Нгунгу
2312895	az	Mbandaka
2312895	ru	Мбандака
2312895	tr	Mbandaka
2313002	az	Matadi
2313002	ru	Матади
2313002	tr	Matadi
2313762	ru	Либенж
2313762	tr	Libenge
2314302	az	Kinşasa
2314302	ru	Киншаса
2314302	tr	Kinşasa
2314705	ru	Киквите
2314705	tr	Kikwit
2315417	az	Inongo
2315417	ru	Инонго
2315417	tr	Inongo
2315728	az	Gemena
2315728	ru	Гемене
2315728	tr	Gemena
2316702	ru	Бома
2316702	tr	Boma
2317285	ru	Басанкусу
2317285	tr	Basankusu
2317397	az	Bandundu Vilayəti
2317397	ru	Бандунду
2317397	tr	Bandundu Bölgesi
2317569	ru	Зунгеру
2317569	tr	Zungeru
2317765	ru	Заря
2318044	az	Yola
2318044	ru	Йола
2318044	tr	Yola
2318123	az	Yenaqoa
2318123	ru	Йенагоа
2318123	tr	Yenagoa
2319133	ru	Варри
2319480	az	Uyо
2319480	ru	Уйо
2319480	tr	Uyo
2319668	ru	Уроми
2320576	az	Umuahia
2320576	ru	Умуахия
2320576	tr	Umuahia
232066	ru	Касесе
2322794	ru	Абуджа
2322911	az	Sokoto
2322911	ru	Сокото
2322911	tr	Sokoto
2323390	ru	Саки
232422	az	Kampala
232422	ru	Кампала
232422	tr	Kampala
2324774	az	Port Harkurt
2324774	ru	Порт-Харкорт
2324774	tr	Port Harcourt
2325200	ru	Ойо
2325314	ru	Ово
2325330	az	Owerri
2325330	ru	Оверри
2325330	tr	Owerri
2325590	az	Osogbo
2325590	ru	Осогбо
2325590	tr	Osogbo
2325713	ru	Ородо
2326016	ru	Онича
2326171	ru	Ондо
2327513	ru	Огваши-Уку
2327879	ru	Оффа
2328090	ru	Ода
2328684	ru	Нсукка
2328765	ru	Ннюви
2328811	ru	Нкпор
2329451	ru	Нассарава
2329821	ru	Муби
2330028	ru	Модакеке
2330100	az	Minna
2330100	ru	Минна
2330100	tr	Minna
233070	ru	Кабале
233114	az	Cinja
233114	ru	Джинджа
233114	tr	Jinja
2331140	az	Makurdi
2331140	ru	Макурди
2331140	tr	Makurdi
2331447	az	Maiduguri
2331447	ru	Майдугури
2331447	tr	Maiduguri
2331939	az	Lokoja
2331939	ru	Локоджа
2331939	tr	Lokoja
2332079	ru	Лера
2332459	az	Laqos
2332459	ru	Лагос
2332459	tr	Lagos
2332515	az	Lafia
2332515	ru	Лафия
2332515	tr	Lafia
233275	ru	Иганга
233312	ru	Хоима
233346	az	Qulu
233346	ru	Гул
233346	tr	Gulu
233476	ru	Форт-Портал
2334802	az	Katsina
2334802	ru	Катсина
2334802	tr	Katsina
233508	ru	Энтеббе
2335204	az	Kano
2335204	ru	Кано
2335204	tr	Kano
2335333	ru	Камба
2335727	az	Kaduna
2335727	ru	Кадуна
2335727	tr	Kaduna
2335953	az	Cos
2335953	ru	Йос
2335953	tr	Jos
2336589	az	Jalingo
2336589	ru	Джалинго
2336589	tr	Jalingo
2336905	ru	Иво
2337639	az	Ilorin
2337639	ru	Илорин
2337639	tr	Ilorin
2338313	az	Ikeja
2338313	ru	Икеджа
2338313	tr	Ikeja
2338640	ru	Игбо-Укву
2338640	tr	İgbo-Ukwu
2339354	az	İbadan
2339354	ru	Ибадан
2339354	tr	İbadan
2339937	az	Gusau
2339937	ru	Гусау
2339937	tr	Gusau
2340086	ru	Кунми
2340451	az	Gombe
2340451	ru	Гомбе
2340451	tr	Gombe
2343252	ru	Эпе
2343279	az	Enugu
2343279	ru	Энугу
2343279	tr	Enugu
2343943	ru	Егбе
2343985	ru	Ефиум
2344245	az	Dutse
2344245	ru	Дутсе
2344245	tr	Dutse
2344760	ru	Дисина
2345094	ru	Даура
2345521	az	Damaturu
2345521	ru	Даматуру
2345521	tr	Damaturu
2346229	az	Kalabar
2346229	ru	Калабар
2346229	tr	Calabar
2347059	az	Birnin Kebbi
2347059	ru	Бирнин Кебби
2347059	tr	Birnin Kebbi
2347209	ru	Бида
2347283	az	Benin Şəhəri
2347283	ru	Бенин-Сити
2347283	tr	Benin City
2347470	az	Bauchi
2347470	ru	Баучи
2347470	tr	Bauchi
2347592	ru	Баро
2348773	az	Avka
2348773	ru	Авка
2348773	tr	Avka
2349276	az	Asaba
2349276	ru	Асаба
2349276	tr	Asaba
2350249	ru	Амаигбо
235039	ru	Аруа
2350841	az	Akure
2350841	ru	Акуре
2350841	tr	Akure
2351979	ru	Агбор
2352379	az	Ado-Ekiti
2352379	tr	Ado-Ekiti
2352778	az	Abuca
2352778	ru	Абуджа
2352947	az	Abeokuta
2352947	ru	Абеокута
2352947	tr	Abeokuta
2353099	az	Abakaliki
2353099	ru	Абакалики
2353099	tr	Abakaliki
2353151	ru	Аба
2353197	az	Zorgo
2353197	ru	Зорго
2353197	tr	Zorgo
2353257	az	Ziniare
2353257	ru	Зиниаре
2353257	tr	Ziniare
2353688	az	Yako
2353688	ru	Яко
2353688	tr	Yako
2354176	az	Tougan
2354176	ru	Туган
2354176	tr	Tougan
2354265	az	Toma
2354265	ru	Тома
2354265	tr	Toma
2354349	az	Titao
2354349	ru	Титао
2354349	tr	Titao
2354675	az	Tenkodogo
2354675	ru	Тенкодого
2354675	tr	Tenkodogo
2355404	az	Solenzo
2355404	ru	Соленцо
2355404	tr	Solenzo
2355548	az	Sindou
2355548	ru	Синду
2355548	tr	Sindou
2355803	az	Sebba
2355803	ru	Себба
2355803	tr	Sebba
2355869	az	Sapouy
2355869	ru	Сапуй
2355869	tr	Sapouy
2356228	az	Reo
2356228	ru	Рео
2356228	tr	Reo
2356454	az	Po
2356454	ru	По
2356454	tr	Po
2356738	az	Pama
2356738	ru	Пама
2356738	tr	Pama
2357012	az	Ouargaye
2357012	ru	Уаргайе
2357012	tr	Ouargaye
2357043	az	Ouahigouya
2357043	ru	Вахигуя
2357043	tr	Ouahigouya
2357048	az	Uaqaduqu
2357048	ru	Уагадугу
2357062	ru	Ородара
2357062	tr	Orodara
235715	ru	Каронга
2357163	az	Nouna
2357163	ru	Наунна
2357163	tr	Nouna
2357371	ru	Ньянголоко
2358100	az	Manga
2358100	ru	Манга
2358100	tr	Manga
2358382	az	Leo
2358382	ru	Лев
2358382	tr	Leo
2358738	az	Koupela
2358738	ru	Купела
2358738	tr	Koupela
2358946	az	Koudougou
2358946	ru	Кудугу
2358946	tr	Koudougou
2359142	az	Kongoussi
2359142	ru	Конгуси
2359142	tr	Kongoussi
2359227	az	Kombissiri
2359227	ru	Комбисири
2359227	tr	Kombissiri
2359608	az	Kaya
2359608	ru	Кая
2359608	tr	Kaya
2360073	az	Hounde
2360073	ru	Унде
2360073	tr	Hounde
2360238	az	Gourcy
2360238	ru	Гурси
2360238	tr	Gourcy
2360372	az	Gorom-Gorom
2360372	ru	Горум-Горум
2360372	tr	Gorom-Gorom
2360541	az	Gayeri
2360541	ru	Гаери
2360541	tr	Gayeri
2360615	ru	Гаранго
2360615	tr	Garango
2360620	ru	Гауа
2360886	az	Fada N'gourma
2360886	ru	Фада-Нгурма
2360886	tr	Fada N'gourma
2361082	az	Dori
2361082	ru	Дори
2361082	tr	Dori
2361177	az	Djibo
2361177	ru	Джибо
2361177	tr	Djibo
2361342	az	Diebougou
2361342	ru	Дьебугу
2361342	tr	Diebougou
2361373	az	Diapaga
2361373	ru	Диапага
2361373	tr	Diapaga
2361477	az	Dedougou
2361477	ru	Дедугу
2361477	tr	Dedougou
2361586	az	Dano
2361586	ru	Дано
2361586	tr	Dano
2361845	az	Bousse
2361845	ru	Буссе
2361845	tr	Bousse
2361946	az	Boulsa
2361946	ru	Булса
2361946	tr	Boulsa
2362150	az	Boromo
2362150	ru	Боромо
2362150	tr	Boromo
2362323	az	Bogande
2362323	ru	Богунде
2362323	tr	Bogande
2362344	az	Bobo-Dioulasso
2362344	ru	Бобо-Диуласо
2362344	tr	Bobo-Dioulasso
2362669	az	Batie
2362669	ru	Батье
2362669	tr	Batie
2362909	az	Banfora
2362909	ru	Банфору
2362909	tr	Banfora
2363490	ru	Воган
2363534	az	Tsevie
2363534	ru	Цевие
2363534	tr	Tsevie
2363908	ru	Чамба
2364041	ru	Таблигбо
2364079	ru	Сотоубоуа
2364104	az	Sokode
2364104	ru	Сокоде
2364104	tr	Sokode
2364812	ru	Ниамтугу
2364812	tr	Niamtougou
2365190	ru	Манго
2365190	tr	Sansanné-Mango
2365195	ru	Мандури
2365267	az	Lome
2365267	ru	Ломе
2366152	az	Kara
2366152	ru	Кара
2366152	tr	Kara
2366168	ru	Канде
2366168	tr	Kandé
2367164	az	Dapaong
2367164	ru	Дапаонге
2367164	tr	Dapaong
2367568	ru	Басар
2367656	ru	Бафило
2367660	ru	Бад
2367886	az	Atakpame
2367886	ru	Атакпаме
2367886	tr	Atakpamé
2367990	ru	Анехо
2367990	tr	Aného
2368035	ru	Амламе
236950	az	Obo
236950	ru	Обо
236950	tr	Obo
2371467	ru	Мансоа
2371467	tr	Mansôa
237379	az	Ndele
237379	ru	Нделе
237379	tr	Ndele
2374583	ru	Бубаке
2374775	az	Bisau
2374775	ru	Бисау
237478	az	Mobaye
237478	ru	Мобайе
237478	tr	Mobaye
2375558	az	Zouerat
2375558	ru	Зуэрат
2375558	tr	Zouerat
2376193	az	Tidjikja
2376193	ru	Тидждикджа
2376193	tr	Tidjikja
2376719	az	Selibaby
2376719	ru	Селиба
2376719	tr	Selibaby
2376898	az	Rosso
2376898	ru	Росо
2376898	tr	Rosso
2377450	az	Nuakşot
2377450	ru	Нуакшот
2377450	tr	Nuakşot
2377457	az	Nouadhibou
2377457	ru	Нуадибу
2377457	tr	Nouadhibou
2377539	az	Nema
2377539	ru	Нема
2377539	tr	Nema
2378538	az	Kiffa
2378538	ru	Киффа
2378538	tr	Kiffa
2378736	az	Kaedi
2378736	ru	Каэди
2378736	tr	Kaedi
2381291	az	Ayoun El Atrous
2381291	ru	Аюн-эль-Атрус
2381291	tr	Ayoun El Atrous
2381334	az	Atar
2381334	ru	Атар
2381334	tr	Atar
2381659	az	Aleg
2381659	ru	Алег
2381659	tr	Aleg
2381690	az	Akjoujt
2381690	ru	Акджуджт
2381690	tr	Akjoujt
2383119	az	Sibut
2383119	ru	Сибут
2383119	tr	Sibut
2383523	az	Paoua
2383523	ru	Паоуа
2383523	tr	Paoua
238373	ru	Кембе
238373	tr	Kembé
2383827	az	Nola
2383827	ru	Нола
2383827	tr	Nola
2384770	az	Mbaiki
2384770	ru	Мбаики
2384770	tr	Mbaiki
2386012	az	Kaga-Bandoro
2386012	ru	Кага-Бандоро
2386012	tr	Kaga-Bandoro
2386042	ru	Кабо
2386042	tr	Kabo
2387435	ru	Дамара
2387495	az	Carnot
2387495	ru	Карно
2387495	tr	Carnot
2387546	az	Bozoum
2387546	ru	Бозуме
2387546	tr	Bozoum
2387890	ru	Бука
2387890	tr	Bouca
2387926	az	Bouar
2387926	ru	Буаре
2387926	tr	Bouar
2388036	az	Bossangoa
2388036	ru	Босангоа
2388036	tr	Bossangoa
2388614	ru	Бода
2388614	tr	Boda
2388625	ru	Бокаранга
2388625	tr	Bocaranga
2388693	ru	Бобанги
2388873	az	Bimbo
2388873	ru	Бимбо
2388873	tr	Bimbo
2389086	az	Berberati
2389086	ru	Берберати
2389086	tr	Berberati
2389691	az	Batangafo
2389691	ru	Батангафо
2389691	tr	Batangafo
2389853	ru	Банги
2392087	ru	Порто-Ново
2392204	az	Parakou
2392204	ru	Параку
2392204	tr	Parakou
2392308	ru	Виды
2392505	ru	Никки
2392601	az	Natitingou
2392601	ru	Натитингу
2392601	tr	Natitingou
2392837	ru	Маланвилем
2392897	az	Lokossa
2392897	ru	Локосса
2392897	tr	Lokossa
2393693	az	Kandi
2393693	ru	Канди
2393693	tr	Kandi
2394560	az	Djougou
2394560	ru	Джугу
2394560	tr	Djougou
2394711	az	Dassa-Zoume
2394711	ru	Дасса-Зуме
2394711	tr	Dassa-Zoume
2394819	ru	Котону
2395568	az	Aplahoue
2395568	ru	Апладу
2395568	tr	Aplahoue
2395635	az	Allada
2395635	ru	Аллада
2395635	tr	Allada
2395752	ru	Агуэ
2395914	ru	Абомей-Калави
2395915	az	Abomey
2395915	ru	Абомей
2395915	tr	Abomey
2396518	az	Port-Jantil
2396518	ru	Порт-Жантиль
2398269	ru	Моанда
2398269	tr	Moanda
239899	az	Bria
239899	ru	Бриа
239899	tr	Bria
2399371	ru	Макоку
2399697	az	Librevil
2399697	ru	Либревиль
2399888	ru	Ламбарене
2399959	ru	Куламуту
2400555	ru	Франсвиль
240210	az	Birao
240210	ru	Бирао
240210	tr	Birao
2403094	ru	Уотерлу
2403094	tr	Waterloo
2403324	ru	Томбоду
2404041	ru	Сегбвема
2404433	az	Port Loko
2404433	ru	Порт-Локо
2404433	tr	Port Loko
240498	az	Bangassou
240498	ru	Бангасу
240498	tr	Bangassou
2405013	ru	Моямба
240604	az	Bambari
240604	ru	Бамбари
240604	tr	Bambari
2406407	az	Makeni
2406407	ru	Макени
2406407	tr	Makeni
2406576	ru	Магбурака
2406916	ru	Лунсаре
2407656	ru	Сефаду
2407656	tr	Koidu
2407790	az	Kenema
2407790	ru	Кенеме
2407790	tr	Kenema
2408154	ru	Камакви
2408250	ru	Кайлахун
2408329	ru	Кабала
2409214	ru	Гандорхун
2409306	az	Fritaun
2409306	ru	Фритаун
2409823	ru	Бумпе
2409914	ru	Бонте
2410048	az	Bo
2410048	ru	Бо
2410048	tr	Bo
2410763	az	San-Tome
2410763	ru	Сан-Томе
2410805	az	Santo Antonio
2410805	ru	Санту-Антонью
2410805	tr	Santo Antonio
241131	ru	Виктория
2411397	az	Corctaun
2411397	ru	Джорджтаун
2411397	tr	Georgetown
241150	az	Takamaka
241150	ru	Такамака
241150	tr	Takamaka
2411585	ru	Гибралтар
2411585	tr	Cebelitarık
2411880	ru	Сукута
241214	az	Port Glaud
241214	ru	Порт-Глод
241214	tr	Port Glaud
2412855	ru	Кололи
2413533	ru	Есау
2413753	ru	Брикаме
2413866	ru	Бансанг
2413866	tr	Bansang
2413876	ru	Банжул
2413876	tr	Banjul
241395	az	Cascade
241395	ru	Каскад
241395	tr	Cascade
2413990	ru	Абуко
241423	az	Bel Ombre
241423	ru	Бель-Омбр
241423	tr	Bel Ombre
241427	az	Beau Vallon
241427	ru	Бо-Валлон
241427	tr	Beau Vallon
241443	az	Anse Royale
241443	ru	Анс-Рояль
241443	tr	Anse Royale
241448	az	Anse Boileau
241448	ru	Анс-Буало
241448	tr	Anse Boileau
2415703	ru	Сигири
2416969	ru	Нзерекоре
2417988	ru	Масента
2418362	ru	Лаба
2419472	ru	Кисидугу
2419533	ru	Киндиа
2419992	ru	Канкан
2420884	ru	Фриа
2421690	ru	Доуако
242179	ru	Унианга-Кебир
2422442	ru	Дабола
2422465	ru	Конакри
2425791	az	Sarh
2425791	ru	Сарх
2425791	tr	Sarh
2426240	az	Pala
2426240	ru	Пала
2426240	tr	Pala
2427123	ru	Нджамена
2427336	az	Moussoro
2427336	ru	Мусоро
2427336	tr	Moussoro
2427455	az	Mundu
2427455	ru	Мунду
2427455	tr	Moundou
2427637	az	Mongo
2427637	ru	Монго
2427637	tr	Mongo
2427697	ru	Моисала
2427697	tr	Moissala
2428216	az	Massenya
2428216	ru	Массения
2428216	tr	Massenya
2428228	az	Massakory
2428228	ru	Массакори
2428228	tr	Massakory
2428394	az	Mao
2428394	ru	Мао
2428394	tr	Mao
2429296	az	Lai
2429296	ru	Лаи
2429296	tr	Lai
2429605	az	Koumra
2429605	ru	Коумра
2429605	tr	Koumra
2430506	ru	Кел
2432639	ru	Фианга
2432678	az	Faya-Largeau
2432678	ru	Файя-Ларжо
2432678	tr	Faya-Largeau
2433437	az	Doba
2433437	ru	Доба
2433437	tr	Doba
2434584	ru	Бусо
2434910	az	Bongor
2434910	ru	Бонгор
2434910	tr	Bongor
2434979	az	Bol
2434979	ru	Боль
2434979	tr	Bol
2434985	ru	Бокоро
2435124	ru	Биткине
2435837	ru	Бебото
243590	ru	Ириба
2435976	az	Bardai
2435976	ru	Бардаи
2435976	tr	Bardai
2436400	az	Ati
2436400	ru	Ати
2436400	tr	Ati
2437732	ru	Бирнин-Конни
2437798	az	Zinder
2437798	ru	Зиндер
2437798	tr	Zinder
243787	az	Goz Beida
243787	ru	Гоз-Бейда
243787	tr	Goz Beida
2438678	az	Tillaberi
2438678	ru	Тиллабери
2438678	tr	Tillaberi
2438775	ru	Тибири
2438855	ru	Тера
2439376	az	Tahoua
2439376	ru	Тахуа
2439376	tr	Tahoua
2440485	ru	Ниамей
2440921	ru	Мирриа
2441194	ru	Майахи
244128	az	Fada
244128	ru	Фада
244128	tr	Fada
2441291	az	Maradi
2441291	ru	Маради
2441291	tr	Maradi
2445488	az	Dosso
2445488	ru	Доссо
2445488	tr	Dosso
2445704	az	Diffa
2445704	ru	Диффа
2445704	tr	Diffa
2446796	ru	Бильма
2447513	ru	Арлит
2448085	az	Agadez
2448085	ru	Агадес
2448085	tr	Agadez
2448442	ru	Йоросо
244878	az	Biltine
244878	ru	Билтин
244878	tr	Biltine
2449067	az	Timbuktu
2449067	ru	Томбукту
2449067	tr	Timbuktu
2450173	az	Taoudenni
2450173	ru	Таоденни
2450173	tr	Taoudenni
2451185	az	Sikasso
2451185	ru	Сикасо
2451185	tr	Sikasso
2451478	az	Segou
2451478	ru	Сеги
2451478	tr	Segou
2452655	ru	Нионо
2453348	az	Mopti
2453348	ru	Мопти
2453348	tr	Mopti
245338	az	Am Timan
245338	ru	Ам-Тиман
245338	tr	Am Timan
2453514	az	Menaka
2453514	ru	Менака
2453514	tr	Menaka
2454268	ru	Кутиала
2454530	az	Koulikoro
2454530	ru	Куликоро
2454530	tr	Koulikoro
2454955	ru	Колокани
2455290	az	Kidal
2455290	ru	Кидаль
2455290	tr	Kidal
2455518	az	Kayes
2455518	ru	Каес
2455518	tr	Kayes
2455558	ru	Кати
2455735	ru	Кангаба
2457163	az	Gao
2457163	ru	Гао
2457163	tr	Gao
245785	az	Abeşe
245785	ru	Абеше
245785	tr	Abeche
2458589	ru	Джене
246008	ru	Петра
2460596	ru	Бамако
2460596	tr	Bamako
2461874	ru	Смара
2461874	tr	Smara
2462881	ru	Эль-Аюн
2463447	ru	Дахла
2463679	ru	Корфу
2464041	az	Zaghouan
2464041	ru	Загуан
2464041	tr	Zağvan
2464470	ru	Тунис
2464470	tr	Tunus
2464648	az	Tozeur
2464648	ru	Тозер
2464648	tr	Tuzer
2464701	az	Tataouine
2464701	ru	Татавин
2464701	tr	Tatavin
2464871	ru	Табарка
2464915	az	Sus
2464915	ru	Сусс
2464915	tr	Sousse
2464979	ru	Сбейтла
2465030	az	Siliana
2465030	ru	Силиана
2465030	tr	Siliana
2465840	az	Sidi Bouzid
2465840	ru	Сиди-Бу-Зид
2465840	tr	Sidi Bu Zeyd
2467454	az	Sfaks
2467454	ru	Сфвкс
2467454	tr	Safakes
2467815	ru	Радес
2467815	tr	Rades
2467920	ru	Корба
2467959	ru	Келибия
2468018	az	Kebili
2468018	ru	Кебили
2468018	tr	Kebili
2468245	ru	Карфаген
2468329	ru	Калат-аль-Андалус
2468353	az	Qafsa
2468353	ru	Гафса
2468353	tr	Gafsa
2468369	az	Qabes
2468369	ru	Габес
2468369	tr	Gabes
2468561	ru	Нефта
2468579	az	Nabel
2468579	ru	Набул
2468579	tr	Nabeul
2468925	ru	Мидун
2469140	ru	Мсакен
2469274	az	Manouba
2469274	ru	Мануба
2469274	tr	Manuba
2469473	az	Medenine
2469473	ru	Меденин
2469473	tr	Medenin
2470088	az	Jenduba
2470088	ru	Джендуба
2470088	tr	Jendouba
2470173	ru	Зарзис
2470189	ru	Джемна
2470191	ru	Джамаль
2470384	ru	Хумт-Сук
2470579	ru	Хаммам Сус
2470588	ru	Хаммам-Лиф
2470656	ru	Хальк-эль-Уэд
247068	ru	Сакиб
2470996	ru	Гар-эль-Мела
247105	ru	Сахаб
2471287	ru	Дуз
2472479	az	Ben Arous
2472479	ru	Бен-Арус
2472479	tr	Ben Arus
2472675	ru	Бардо
2472706	az	Bizerta
2472706	ru	Бизерта
2472706	tr	Bizerte
2472774	az	Beja
2472774	ru	Беджа
2472774	tr	Bace
2473161	ru	Шхира
2473247	az	Ariana
2473247	ru	Арьяна
2473247	tr	Aryana
2473449	az	Qayravan
2473449	ru	Кайруан
2473449	tr	Kayravan
2473457	az	Kasserine
2473457	ru	Кассерин
2473457	tr	Kassarin
2473493	az	Monastır
2473493	ru	Монастир
2473493	tr	Munastır
2473533	ru	Метлин
2473572	az	Mahdiya
2473572	ru	Махдия
2473572	tr	Mehdiye
2473634	az	El Kef
2473634	ru	Эль-Кеф
2473634	tr	El Kef
2473654	ru	Эль Джем
2473716	ru	Эль-Хауария
2473744	ru	Хаммамет
2473747	ru	Эль-Хамма
2473876	ru	Эль-Алия
2474141	az	Boumerdas
2474141	ru	Бумердес
2474141	tr	Boumerdas
2474862	ru	Зауия-Дебаг
2475475	az	Touggourt
2475475	ru	Туггурт
2475475	tr	Touggourt
2475612	ru	Толга
2475687	az	Tlemsen
2475687	ru	Тлемсен
2475687	tr	Tilimsan
2475744	az	Tizi Uzou
2475744	ru	Тизи-Узу
2475744	tr	Tizi Ouzou
2475860	az	Tissemsilt
2475860	ru	Тиссемсилт
2475860	tr	Tissemsilt
2476028	az	Tipasa
2476028	ru	Типаза
2476028	tr	Tipasa
2476301	az	Tindouf
2476301	ru	Тиндуф
2476301	tr	Tindouf
2476403	az	Timimoun
2476403	ru	Тимимун
2476403	tr	Timimoun
2476409	ru	Тимгад
2476897	az	Tiaret
2476897	ru	Тиарет
2476897	tr	Tiaret
2477461	az	Tebessa
2477461	ru	Тебесса
2477461	tr	Tebessa
2478216	az	Tamanrässət
2478216	ru	Таманрассете
2478216	tr	Tamanghasset
2479215	az	Suk Aharas
2479215	ru	Сук-Ахрас
2479215	tr	Souk Ahras
2479536	az	Skikda
2479536	ru	Скикда
2479536	tr	Skikda
2481007	az	Sidi Bel Abbas
2481007	ru	Сиди-Бель-Аббес
2481007	tr	Sidi Belabbas
2481246	ru	Сиди-Аисса
2481700	az	Setif
2481700	ru	Сетиф
2481700	tr	Setif
2482572	az	Saida
2482572	ru	Сайда
2482572	tr	Saida
2483668	az	Relizan
2483668	ru	Релизан
2483668	tr	Relizane
248370	ru	Мадаба
2483936	ru	Рас-эль-Уэд
2484620	az	Umm el Buvayi
2484620	ru	Умм-эль-Бувайи
2484620	tr	Oum el Bouaghi
2484933	az	Oulad Jellal
2484933	ru	Улед-Джеллаль
2484933	tr	Ouled Djellal
24851	ru	Нурабад
2485636	ru	Торки-ле-Дюк
2485801	az	Varcla
2485801	ru	Уаргла
2485801	tr	Ouargla
2485926	az	Oran
2485926	ru	Оран
2485926	tr	Oran
2486523	az	Naama
2486523	ru	Наама
2486523	tr	Naama
2486690	az	M'Sila
2486690	ru	Мсила
2486690	tr	M'Sila
2487134	az	Mostaganem
2487134	ru	Мостаганем
2487134	tr	Mostaganem
2487452	az	Mila
2487452	ru	Мила
2487452	tr	Mila
2487772	ru	Мессад
2487852	ru	Мерс-эль-Кебир
2488616	ru	Махдия
2488722	ru	Мефтах
248875	ru	Джераш
2488835	az	Medea
2488835	ru	Медея
2488835	tr	Medea
248946	ru	Ирбид
248946	tr	İrbid
2490098	az	Maskara
2490098	ru	Маскара
2490098	tr	Muaskar
2490180	ru	Мансур
2490183	ru	Мансура
2491050	ru	Ларба
2491191	az	Lagvat
2491191	ru	Лагуат
2491191	tr	Laghouat
2491889	az	Xençela
2491889	ru	Хенчела
2491889	tr	Khenchela
2492913	az	Cical
2492913	ru	Джиджель
2492913	tr	Jijel
2493273	az	In Guezzam
2493273	ru	Ин Геззам
2493273	tr	In Guezzam
2493456	az	Illizi
2493456	ru	Иллизи
2493456	tr	Illizi
2494029	ru	Хасси-Мессауд
2494548	ru	Хаммамет
2495662	az	Guelma
2495662	ru	Гельма
2495662	tr	Guelma
2496049	az	Qardaya
2496049	ru	Гардая
2496049	tr	Gardaya
2497323	az	El Tarf
2497323	ru	Эль-Тараф
2497323	tr	El Tarf
2497411	az	El Oued
2497411	ru	Эль-Уэд
2497411	tr	El Oued
2497655	az	El Meghaier
2497655	ru	Эль-Мегайер
2497655	tr	El Meghaier
2497988	ru	Эль-Калы
2498305	az	El Menia
2498305	ru	Эль-Голеа
2498305	tr	El Menia
2498543	az	El Bayadh
2498543	ru	Эль-Байад
2498543	tr	El Bayadh
2498590	ru	Эль-Аттафом
2498611	az	Hlef
2498611	ru	Шлеф
2498611	tr	Chlef
2499104	ru	Дра-эль-Мизан
2500017	az	Jelfa
2500017	ru	Джелфа
2500017	tr	Djelfa
2500275	az	Janet
2500275	ru	Джанет
2500275	tr	Djanet
2500889	ru	Дар-эль-Бейда
250090	ru	Эз-Зарка
250095	ru	Азрак
2501152	az	Constantine
2501152	ru	Константина
2501152	tr	Constantine
2501289	ru	Чорфа
2501440	ru	Шаршал
2501440	tr	Şerşel
250198	ru	Тафила
250258	ru	Ас-Сальт
250267	ru	Сафи
2502924	ru	Бу-Кадир
2502939	ru	Бу-Исмаил
2502958	az	Buira
2502958	ru	Буира
2502958	tr	Bouira
2503701	az	Bordj Bou Arreridj
2503701	ru	Бордж-Бу-Арреридж
2503701	tr	Bordj Bou Arreridj
2503769	az	Blida
2503769	ru	Блида
2503769	tr	Buleyde
2503826	az	Biskra
2503826	ru	Бискра
2503826	tr	Biskra
250441	ru	Амман
250441	tr	Amman
2504755	az	Beni Abbas
2504755	ru	Бени-Аббес
2504755	tr	Beni Abbes
2505329	az	Bejayd
2505329	ru	Беджая
2505329	tr	Bejaia
2505530	az	Beşar
2505530	ru	Бешаре
2505530	tr	Bechar
2505572	az	Batna
2505572	ru	Батна
2505572	tr	Batna
2505629	ru	Барика
250582	ru	Эль-Мафрак
2505915	ru	Аззаба
2506043	ru	Азазга
250624	ru	Эль-Карак
2506851	ru	Аугрут
2506999	az	Annaba
2506999	ru	Аннаба
2506999	tr	Annaba
2507480	az	Əlcəzair
2507480	ru	Алжир
2507480	tr	Cezayir
250774	ru	Акаба
250774	tr	Akabe
2507901	az	Ain Temouchent
2507901	ru	Эйн-Темушент
2507901	tr	Ain Temouchent
250799	ru	Аджлун
2508119	ru	Айн-эль-Терк
2508130	ru	Айн-эль-Мельх
2508152	ru	Айн-эль-Хаммам
2508184	ru	Айн-эль-Белла
2508228	az	Ain Defla
2508228	ru	Эйн-Дефла
2508228	tr	Ain Defla
2508295	ru	Айн-Азель
2508813	az	Adrar
2508813	ru	Адрар
2508813	tr	Adrar
2509271	ru	Абадла
2509377	ru	Сафра
2509402	ru	Екла
2509408	ru	Яиса
2509463	ru	Вильена
2509491	ru	Вильярробледо
2509491	tr	Villarrobledo
2509509	ru	Вильярреаль
2509553	ru	Вильянуэва-де-ла-Серена
2509606	ru	Вильякаррильо
2509650	ru	Викар
2509693	ru	Вера
2509769	ru	Велес-Малага
2509783	ru	Вехер-де-ла-Фронтера
2509783	tr	Vejer de la Frontera
2509950	ru	Валенсия-де-Алькантара
2509954	az	Valensiya
2509954	ru	Валенсия
2509954	tr	Valensiya
2509982	ru	Вальдепеньясе
2510073	ru	Утрера
2510075	ru	Утьель
2510098	ru	Умбрете
2510112	tr	Ubrique
2510116	ru	Убеда
2510116	tr	Úbeda
2510165	ru	Тригерос
2510186	tr	Trebujena
2510224	ru	Тотана
2510245	ru	Торрокс
2510253	ru	Торревьеха
2510271	ru	Торре-Пачеко
2510279	ru	Торрент
2510281	ru	Торремолинос
2510301	ru	Торредонхимено
2510392	ru	Томельосо
2510394	ru	Томарес
2510409	ru	Толедо
2510426	ru	Тобарра
2510508	ru	Терор
2510542	ru	Тельде
2510582	ru	Тасакорте
2510599	ru	Тарифа
2510599	tr	Tarifa
2510689	ru	Талаюэла
2510693	ru	Талавера де ла Рейна
2510725	ru	Такоронте
2510799	ru	Сон-Сервера
2510799	tr	Son Servera
2510821	ru	Сольер
2510821	tr	Sóller
2510852	ru	Сокуэльямос
2510911	az	Sevilya
2510911	ru	Севилья
2510911	tr	Sevilla
2511050	ru	Сантомера
2511102	ru	Санта-Пола
2511106	tr	Santanyí
2511143	tr	Santa Margalida
2511162	ru	Санта-Эулалия-дель-Рио
2511162	tr	Santa Eulària des Riu
2511174	az	Santa Kruz de Tenerife
2511174	ru	Санта-Крус-де-Тенерифе
2511180	ru	Санта-Крус-де-ла-Пальма
2511230	ru	Сан-Себастьян-де-ла-Гомера
2511230	tr	San Sebastián de La Gomera
2511250	ru	Сан-Педро-де-Алькантара
2511277	ru	Сан Мигуэль
2511302	ru	Сан-Луис
2511306	ru	Санлукар-де-Баррамеда
2511306	tr	Sanlúcar de Barrameda
2511329	ru	Сан-Хуан-де-Аснальфараче
2511371	ru	Сан Исидро
2511388	ru	Сан-Фернандо
2511388	tr	San Fernando
2511401	ru	Ла-Лагуна
2511447	ru	Сан - Бартоломе
2511448	ru	Сан-Антонио-Абад
2511503	tr	Salobreña
2511619	ru	Сагунто
2511649	ru	Руте
2511649	tr	Rute
2511700	ru	Рота
2511700	tr	Rota
2511716	ru	Рокетас-де-Мар
2511730	ru	Ронда
2511752	ru	Рохалес
2511852	ru	Ринкон-де-ла-Виктория
2511930	ru	Рекена
2511969	ru	Редован
2512164	tr	Puerto Serrano
2512169	ru	Пуэрто-Реаль
2512169	tr	Puerto Real
2512177	ru	Пуэртольяно
2512186	ru	Пуэрто-дель-Росарио
2512196	ru	Пуэрто-де-ла-Крус
2512282	ru	Прьего-де-Кордоба
2512294	tr	Prado del Rey
2512340	ru	Пособланко
2512367	ru	Посадас
2512398	ru	Порререс
2512432	tr	Pollença
2512465	ru	Плайя Бланка
2512509	ru	Пинос-Пуэнте
2512510	ru	Пиносо
2512578	ru	Пилас
2512581	ru	Пилар-де-ла-Орадада
2512730	ru	Пеньярроя-Пуэблонуэво
251280	ru	Закинтос
2512824	ru	Педрера
2512862	ru	Патерна
2512933	ru	Парадас
2512950	ru	Палос-де-ла-Фронтера
2512950	tr	Palos de la Frontera
2512989	ru	Пальма
2512989	tr	Palma de Mallorca
2512990	ru	Пальма-дель-Рио
2513029	ru	Пайпорта
2513035	ru	Падул
2513045	ru	Отура
2513052	ru	Осуна
2513073	ru	Оргива
2513073	tr	Órgiva
2513076	ru	Ориуэла
2513106	ru	Онтеньенте
2513113	ru	Ониль
2513114	ru	Ондара
2513115	ru	Онда
2513120	ru	Ольвера
2513120	tr	Olvera
2513140	ru	Оливарес
2513143	ru	Олива-де-ла-Фронтера
2513145	ru	Олива
2513180	ru	Нулес
2513195	ru	Новельда
2513222	ru	Нихар
2513237	ru	Нерва
2513285	ru	Назарет
2513324	ru	Навальмораль-де-ла-Мата
2513406	ru	Муро
2513416	ru	Мурсия
2513416	tr	Murcia
2513436	ru	Мула
2513477	ru	Мотриль
2513477	tr	Motril
2513509	ru	Морон-де-ла-Фронтера
2513509	tr	Morón de la Frontera
2513588	ru	Мора
2513595	ru	Монторо
2513601	ru	Монтилья
2513601	tr	Montilla
2513640	ru	Монтефрио
2513674	ru	Монсеррат
2513680	ru	Моновар
2513691	ru	Монфорте-дель-Сид
2513703	ru	Монкада
2513759	ru	Молина-де-Сегура
2513791	ru	Могер
2513791	tr	Moguer
2513811	ru	Мислата
2513882	ru	Михас
2513885	ru	Мигельтурра
2513893	ru	Мьяхадас
2513917	ru	Мерида
2513947	ru	Мелилья
2513947	tr	Melilla
2513961	tr	Medina-Sidonia
2513983	ru	Масаррон
2513983	tr	Mazarrón
2514042	ru	Маспаломас
2514073	ru	Мартос
2514097	ru	Маррачи
2514097	tr	Marratxí
2514107	ru	Мармолехо
2514158	tr	Marchena
2514169	ru	Марбелья
2514197	ru	Манисес
2514199	ru	Манилва
2514216	ru	Манакор
2514216	tr	Manacor
2514252	ru	Малагон
2514256	az	Malaqa
2514256	ru	Малага
2514256	tr	Malaga
2514287	ru	Майрена-дель-Альхарафе
2514301	ru	Мао
2514301	tr	Maó
2514334	ru	Мадридехос
2514360	ru	Макаэль
2514370	ru	Пуэрто-Лумбрерас
2514651	ru	Лос-Льянос-де-Аридане
2514824	ru	Лос-Барриос
2514891	ru	Лорка
2514893	ru	Лора-дель-Рио
2514946	ru	Лоха
2514984	tr	Llucmajor
2514988	tr	Lloseta
2515002	ru	Льерена
2515045	ru	Линарес
2515072	ru	Лепе
2515072	tr	Lepe
2515096	ru	Лебриха
2515096	tr	Lebrija
2515151	ru	Ла-Уньон
2515270	ru	Лас-Пальмас-де-Гран-Канария
2515555	ru	Ла-Рода
2515562	ru	Ла-Ринконада
2515597	ru	Ла-Рамбла
2515624	tr	sa Pobla
2515679	ru	Ла-Пальма-дель-Кондадо
2515692	ru	Ла-Оротава
2515701	ru	Ла-Нусиа
2515772	ru	Ла-Матанса-де-Асентехо
2515812	ru	Ла-Линеа-де-ла-Консепсьон
2515812	tr	La Línea de la Concepción
2516089	ru	Ла-Карлота
2516255	ru	Хумилье
2516315	ru	Химена-де-ла-Фронтера
2516315	tr	Jimena de la Frontera
2516325	ru	Херес-де-лос-Кабальерос
2516326	ru	Херес-де-ла-Фронтера
2516326	tr	Jerez de la Frontera
2516345	ru	Хатива
2516395	ru	Хаэн
2516395	tr	Jaén
2516431	ru	Исла-Кристина
2516449	ru	Инфантес
2516452	ru	Инка
2516474	ru	Икод-де-лос-Винос
2516479	ru	Ибица
2516480	ru	Иби
2516499	ru	Уэтор-Тахар
2516499	tr	Huétor Tájar
2516507	ru	Уэскар
2516542	ru	Уэркаль-Овера
2516548	ru	Уэльва
2516548	tr	Huelva
2516695	ru	Инохоса-дель-Дуке
2516773	ru	Эррера
2516797	ru	Эльине
2516860	ru	Гия-де-Исора
2516925	ru	Гвадикс
2517111	ru	Гранадилья-де-Абона
2517117	az	Qranada
2517117	ru	Гранада
2517117	tr	Granada
2517236	ru	Хибралеон
2517236	tr	Gibraleón
2517349	ru	Гарачико
2517350	ru	Гарачико
2517367	ru	Гандия
2517436	ru	Гальдар
2517595	ru	Фуэнхирола
2517679	ru	Фортуна
2517740	ru	Фернан-Нуньес
2517750	tr	Felanitx
251780	ru	Вуле
2517816	ru	Эстепона
2517820	ru	Эстепа
2518207	ru	Эль-Пуэрто-де-Санта-Мария
2518207	tr	El Puerto de Santa María
2518277	ru	Эль-Пасо
251833	ru	Волос
251833	tr	Volos
2518494	ru	Эль-Эхидо
2518505	ru	Эльда
2518559	ru	Эльч
2518723	ru	Ареналь
2518770	ru	Эсиха
2518770	tr	Écija
2518794	ru	Дос Ерманас
2518794	tr	Dos Hermanas
2518820	ru	Дон-Бенито
2518842	ru	Долорес
2518878	ru	Дения
2518924	ru	Даймьель
2518949	ru	Кульера
2518988	ru	Куэвас-дель-Альмансора
2519068	ru	Куарт-де-Поблет
2519110	ru	Кревильенте
2519217	ru	Коральехо
2519233	ru	Кориа-дель-Рио
2519233	tr	Coria del Río
2519240	az	Kordova
2519240	ru	Кордова
2519240	tr	Córdoba
2519277	ru	Консуэгра
2519278	ru	Константина
2519289	tr	Conil de la Frontera
2519382	ru	Косентайна
2519402	ru	Сьюдад-Реаль
2519425	ru	Сьеса
2519464	ru	Чива
2519466	ru	Чиривелья
2519477	ru	Чипиона
2519477	tr	Chipiona
2519513	ru	Чиклана-де-ла-Фронтера
2519513	tr	Chiclana de la Frontera
2519672	ru	Касорла
2519688	ru	Катраль
2519690	ru	Катаррох
2519696	ru	Кастуэра
2519697	ru	Кастро-дель-Рио
2519752	ru	Кастельон-де-ла-Плана
2519783	ru	Касталья
2519979	ru	Касариче
2520055	ru	Картама
2520058	ru	Картахена
2520118	ru	Кармона
2520121	ru	Карлет
2520150	ru	Каркахенте
2520163	ru	Карбонерас
2520200	ru	Капдепера
2520200	tr	Capdepera
2520283	ru	Канделарии
2520403	tr	Campos
2520413	ru	Кампо-де-Криптана
2520456	ru	Кампанарио
2520477	ru	Камас
2520493	ru	Кальвия
2520493	tr	Calvià
2520496	ru	Кальп
2520502	ru	Кальоса-де-Сегура
2520558	ru	Каласпарра
2520570	ru	Кала-Мильо
2520600	ru	Кадис
2520600	tr	Cádiz
2520611	ru	Касерес
2520645	ru	Кабра
2520672	ru	Кабеса-дель-Буэй
2520709	ru	Бурриана
2520712	ru	Бурхасот
2520724	tr	Bunyola
2520726	ru	Буньоль
2520735	ru	Бухалансе
2520760	ru	Буэнависта-дель-Норте
2520798	ru	Бренес
2520832	ru	Борнос
2520850	ru	Бонарес
2520875	ru	Боланьос-де-Калатрава
2520943	ru	Биниссалем
2520943	tr	Binissalem
2521016	ru	Берха
2521050	ru	Бенисса
2521088	ru	Бенидорм
2521139	ru	Бенальмадена
2521207	ru	Беас-де-Сегура
2521215	ru	База
2521335	ru	Барбате
2521335	tr	Barbate
2521410	ru	Байлен
2521413	tr	Baeza
2521415	ru	Баэна
2521420	ru	Бадахос
2521436	ru	Асуага
2521451	ru	Айора
2521456	ru	Айямонте
2521456	tr	Ayamonte
2521485	ru	Атарфе
2521486	ru	Атамария
2521510	ru	Аспе
2521519	ru	Арукас
2521534	ru	Арта
2521534	tr	Artà
2521555	ru	Арройо-де-ла-Лус
2521570	ru	Аресифе
2521582	ru	Арон
2521590	ru	Армилья
2521594	ru	Архона
2521615	ru	Архес
2521665	ru	Аркос-де-ла-Фронтера
2521665	tr	Arcos de la Frontera
2521673	ru	Арчидона
2521692	ru	Арафо
2521694	ru	Арасена
2521710	ru	Антекера
2521738	ru	Андухар
2521741	tr	Andratx
2521804	tr	Altea
2521840	ru	Алора
2521845	ru	Алмуссафес
2521847	ru	Альмуньекар
2521847	tr	Almuñécar
2521855	ru	Альморади
2521857	ru	Альмонте
2521857	tr	Almonte
2521886	ru	Альмерия
2521886	tr	Almería
2521893	ru	Альмендралехо
2521899	ru	Алменара
2521909	ru	Алмассора
2521923	ru	Альманса
2521978	ru	Аликанте
2521985	ru	Алаурин-эль-Гранде
2521986	ru	Алаурин-де-ла-Торре
2521992	ru	Альхама-де-Мурсия
2521993	ru	Альхама-де-Гранада
2522012	ru	Альхемеси
2522013	ru	Альхесирас
2522013	tr	Algeciras
2522057	ru	Альфафар
2522077	ru	Альдайя
2522091	tr	Alcúdia
2522098	ru	Алька
2522129	ru	Альсира
2522131	ru	Алькасар-де-Сан-Хуан
2522152	ru	Алькантарилья
2522160	ru	Алькала-ла-Реаль
2522161	ru	Алькала-дель-Валье
2522161	tr	Alcalá del Valle
2522162	tr	Alcalá de los Gazules
2522165	ru	Алькала-де-Гвадаира
2522165	tr	Alcalá de Guadaira
2522203	ru	Альборайя
2522208	ru	Алболоте
2522228	ru	Альбатера
2522250	ru	Албал
2522258	ru	Альбасете
2522291	ru	Аламеда
2522297	ru	Алакуас
2522325	ru	Агуимес
2522333	ru	Агилас
2522423	ru	Агаэте
2522430	ru	Адра
2522437	ru	Адехе
2522505	ru	Абанилья
2522767	ru	Виллабате
2522776	ru	Вибо-Валентия
2522776	tr	Vibo Valentia
2522816	ru	Ута
2522876	ru	Трапани
2522890	ru	Тортоли
2522958	ru	Терралба
2522975	ru	Таормина
2523083	az	Sirakuz
2523083	ru	Сиракуза
2523083	tr	Siraküza
2523192	ru	Шикли
2523297	ru	Сант-Антиоко
2523347	ru	Сант-Агата-ди-Милителло
2523434	ru	Санлури
2523569	ru	Руффано
2523578	ru	Россано
2523595	ru	Роччелла-Йоника
2523619	ru	Рибера
2523630	ru	Реджо-ди-Калабрия
2523630	tr	Reggio Calabria
2523650	ru	Рагуза
2523654	ru	Раффадали
2523687	ru	Прая-а-Маре
2523762	ru	Пиццо
2523845	ru	Пелларо
2523850	ru	Педара
2523864	ru	Патти
2523866	ru	Патерно
2523872	ru	Партанна
2523888	ru	Паола
2523890	ru	Пантеллерия
2523902	ru	Палми
2523920	ru	Палермо
2523920	tr	Palermo
2523938	ru	Пакино
2523964	ru	Ористано
2523998	ru	Ното
2524006	ru	Нишеми
2524010	ru	Николози
2524013	ru	Никастро
2524022	ru	Наро
2524085	ru	Монреаль
2524119	ru	Модика
2524129	ru	Мирто
2524155	ru	Милаццо
2524170	ru	Мессина
2524179	ru	Менфи
2524186	ru	Мелилли
2524200	ru	Мадзарино
2524236	ru	Маскалуча
2524245	ru	Марсала
2524371	ru	Локри
2524410	ru	Лентини
2524533	ru	Иглезиас
2524618	ru	Джарре
2524734	ru	Флоридии
2524786	ru	Фавара
2524819	ru	Энна
2524881	ru	Кротоне
2524907	ru	Козенца
2524907	tr	Cosenza
2524928	ru	Корлеоне
2524928	tr	Corleone
2524955	ru	Комизо
2524976	ru	Читтанова
2525041	ru	Чефалу
2525059	ru	Катандзаро
2525059	tr	Catanzaro
2525068	ru	Катания
2525070	ru	Кастровиллари
2525083	ru	Кастельветрано
2525102	ru	Кастельдачча
2525350	ru	Карина
2525362	ru	Карбония
2525379	ru	Капотерра
2525448	ru	Кальтаниссетта
2525450	ru	Кальтаджироне
2525473	az	Kalyari
2525473	ru	Кальяри
2525473	tr	Cagliari
2525498	ru	Бронте
2525513	ru	Бовалино
2525566	ru	Белведере
2525628	ru	Багерия
2525643	ru	Авола
2525655	ru	Ассемини
2525693	tr	Aragona
2525729	ru	Алтофонте
2525755	ru	Алькамо
2525764	ru	Агридженто
2525769	ru	Адрано
2525772	ru	Акри
252601	ru	Триполи
2526239	ru	Сти-Фадма
2526359	ru	Завийя аш Шейх
2526452	ru	Загора
252664	ru	Трикала
252664	tr	Tırhala
252685	ru	Лалисос
2527089	ru	Тизнит
252848	ru	Трново
2528910	ru	Тетуан
2528910	tr	Tetuan
2529317	ru	Таза
2529649	ru	Тарудант
2529872	ru	Таргвист
2529923	ru	Тарфая
2530155	ru	Таунат
2530241	ru	Тан-Тан
253025	ru	Таврос
253025	tr	Tavros
2530335	az	Tanjer
2530335	ru	Танжер
2530335	tr	Tanca
2532945	ru	Сиди-Слимане
253394	ru	Спарта
2534515	ru	Сиди Ифни
2537406	ru	Сеттат
253759	ru	Сития
2537763	ru	Сале
2537802	ru	Саидия
2537881	ru	Сафи
2538027	ru	Рисани
2538475	ru	Рабат
2538475	tr	Rabat
2538898	ru	Ульмес
2539139	ru	Улад Тайиб
2540483	az	Ujda
2540483	ru	Уджда
2540483	tr	Ucda
2540850	ru	Варзазат
2541068	ru	Уалидия
254144	ru	Саламина
2541479	ru	Надор
2542051	az	Məhəmmədiyyə
2542051	ru	Мохаммедия
2542051	tr	Muhammediye
2542230	ru	Мидар
2542715	ru	Мекнес
2542898	ru	Мдик
2542997	az	Marakeş
2542997	ru	Марракеш
2542997	tr	Marakeş
2543394	ru	Ифран
254352	ru	Ретимнон
254352	tr	Resmo
2543549	ru	Лараша
2544333	ru	Хенифра
2544571	az	Kenitre
2544571	ru	Кенитра
2544571	tr	Kenitre
2545017	ru	Джерада
2546917	ru	Ифран
254698	tr	Preveze
2548526	az	Guelmim
2548526	ru	Гулимин
2548526	tr	Guelmim
2548818	ru	Фнидек
2548885	az	Fes
2548885	ru	Фес
2548885	tr	Fes
2549263	ru	Эссуэйра
2549263	tr	Suvayr
2549356	ru	Эрфуд
2549981	ru	Келаат Мгуна
2550078	ru	Эль-Джадида
255229	ru	Пиргос
255274	ru	Пирей
255274	tr	Pire
2553455	ru	Шефшауен
2553604	az	Kasablanka
2553604	ru	Касабланка
2553604	tr	Dâr-ül-Beydâ
2553751	ru	Бузнике
255377	ru	Петроуполис
255524	ru	Перистерион
2555467	ru	Беркан
2555745	az	Beni Mellal
2555745	ru	Бени-Меллаль
2555745	tr	Beni Mellal
255588	ru	Перама
2556464	ru	Азру
255683	ru	Патра
255683	tr	Patras
2557055	ru	Асилах
255721	ru	Парос
255736	ru	Парга
255736	tr	Parga
2558766	tr	Ajdir
255971	ru	Палини
255971	tr	Pallini
2560813	ru	Айн Лёх
2560922	ru	Айн Бни Матар
2561668	az	Ağadir
2561668	ru	Агадир
2561668	tr	Ağadir
2562247	az	Marsaxlokk
2562247	ru	Марсашлокк
2562247	tr	Marsaxlokk
2562250	az	Zurrieq
2562250	ru	Зуррик
2562250	tr	Zurrieq
2562258	az	Zejtun
2562258	ru	Зейтун
2562258	tr	Zejtun
2562260	az	Zebbug
2562260	ru	Зеббуг
2562260	tr	Zebbug
2562261	az	Haz-Zebbug
2562261	ru	Зеббудж
2562261	tr	Haz-Zebbug
2562266	az	Zabbar
2562266	ru	Заббар
2562266	tr	Zabbar
2562273	az	Xghajra
2562273	ru	Кхайра
2562273	tr	Xghajra
2562274	az	Xewkija
2562274	ru	Кьюкия
2562274	tr	Xewkija
2562280	az	Xaghra
2562280	ru	Кахра
2562280	tr	Xaghra
2562305	ru	Валлетта
2562305	tr	Valletta
2562320	az	Ta' Xbiex
2562320	ru	Та-Шбиш
2562320	tr	Ta' Xbiex
2562349	az	Tarxien
2562349	ru	Таршин
2562349	tr	Tarxien
2562501	az	Sliema
2562501	ru	Слима
2562501	tr	Sliema
2562504	az	Siggiewi
2562504	ru	Сиджиеви
2562504	tr	Siggiewi
2562518	az	Santa Venera
2562518	ru	Санта Венера
2562518	tr	Santa Venera
2562541	az	San Pawl il-Bahar
2562541	ru	Сан-Паул иль-Бахар
2562541	tr	San Pawl il-Bahar
2562545	az	Sannat
2562545	ru	Саннат
2562545	tr	Sannat
2562552	az	San Lawrenz
2562552	ru	Сан-Лавренц
2562552	tr	San Lawrenz
2562557	az	San Giljan
2562557	ru	Сент-Джулианс
2562557	tr	San Giljan
2562598	az	Safi
2562598	ru	Сафи
2562598	tr	Safi
2562617	az	Paola
2562617	ru	Паола
2562617	tr	Paola
2562619	az	Victoria
2562619	ru	Виктория
2562619	tr	Victoria
2562620	ru	Рабат
2562622	az	Qrendi
2562622	ru	Кренди
2562622	tr	Qrendi
2562629	az	Qormi
2562629	ru	Корми
2562629	tr	Qormi
2562664	az	Pieta
2562664	ru	Пьета
2562664	tr	Pieta
256268	ru	Орхомен
2562683	az	Naxxar
2562683	ru	Наксар
2562683	tr	Naxxar
2562687	az	Nadur
2562687	ru	Надур
2562687	tr	Nadur
2562693	az	Munxar
2562693	ru	Мункса
2562693	tr	Munxar
2562694	az	Imtarfa
2562694	ru	Имтарфа
2562694	tr	Imtarfa
2562698	az	Imsida
2562698	ru	Мсида
2562698	tr	Imsida
2562701	az	Mqabba
2562701	ru	Мкабба
2562701	tr	Mqabba
2562704	az	Mosta
2562704	ru	Моста
2562704	tr	Mosta
2562735	az	İmqarr
2562735	ru	Мгар
2562735	tr	Imgarr
2562744	az	Mellieha
2562744	ru	Меллиха
2562744	tr	Mellieha
2562746	az	İmdina
2562746	ru	Мдина
2562746	tr	Imdina
2562750	az	Marsaskala
2562750	ru	Марсаскала
2562750	tr	Marsaskala
2562755	az	Marsa
2562755	ru	Марса
2562755	tr	Marsa
2562788	az	Luqa
2562788	ru	Лука
2562788	tr	Luqa
2562792	az	Senglea
2562792	ru	Сенглеа
2562792	tr	Senglea
2562800	az	L-İklin
2562800	ru	Л-Иклин
2562800	tr	L-Iklin
2562801	az	Lija
2562801	ru	Лиджа
2562801	tr	Lija
2562815	az	Kirkop
2562815	ru	Киркоп
2562815	tr	Kirkop
2562816	az	Kercem
2562816	ru	Керцем
2562816	tr	Kercem
2562830	az	Kalkara
2562830	ru	Калкара
2562830	tr	Kalkara
2562850	az	Swieqi
2562850	ru	Свийи
2562850	tr	Swieqi
2562946	az	Gzira
2562946	ru	Гзира
2562946	tr	Gzira
2562955	az	Floriana
2562955	ru	Флориана
2562955	tr	Floriana
2562966	az	Vittoriosa
2562966	ru	Биргу
2562966	tr	Vittoriosa
2562998	az	Hamrun
2562998	ru	Хамрун
2562998	tr	Hamrun
2563020	az	Gudja
2563020	ru	Гуджа
2563020	tr	Gudja
2563046	az	Ghaxaq
2563046	ru	Гхаксак
2563046	tr	Ghaxaq
2563062	az	Hal Gharghur
2563062	ru	Хал Гаргур
2563062	tr	Hal Gharghur
2563063	az	Gharb
2563063	ru	Гарб
2563063	tr	Gharb
2563081	az	Ghajnsielem
2563081	ru	Гхайнсилем
2563081	tr	Ghajnsielem
2563115	ru	Фгура
2563140	az	Dingli
2563140	ru	Динgli
2563140	tr	Dingli
2563181	az	Cospicua
2563181	ru	Бормла
2563181	tr	Cospicua
2563189	az	Birzebbuga
2563189	ru	Бирзеббуджа
2563189	tr	Birzebbuga
2563191	az	Birkirkara
2563191	ru	Биркиркара
2563191	tr	Birkirkara
2563217	az	Balzan
2563217	ru	Балзан
2563217	tr	Balzan
2563232	az	Attard
2563232	ru	Аттард
2563232	tr	Attard
256342	ru	Папагос
256342	tr	Papagu
2565056	tr	Punta Umbría
2565267	ru	Мхамид
256598	ru	Неа-Макри
256637	ru	Нафплион
256637	tr	Mora Yenişehri
256639	ru	Навпакт
256639	tr	Inebahtı
2567539	az	San Gwann
2567539	ru	Сан-Гванн
2567539	tr	San Gwann
256866	ru	Митилини
256866	tr	Midilli
2571039	ru	Пуджехун
257302	ru	Мелиссия
257365	ru	Мегара
257717	ru	Марафон
258438	ru	Лефкас
258463	ru	Левадия
258508	ru	Лионтари
258543	ru	Лаврион
258576	ru	Лариса
258576	tr	Yenişehir
258620	ru	Ламия
258620	tr	Izdin
2591949	ru	Казенга
259245	ru	Кос
259289	ru	Коринф
259289	tr	Korint
2596934	az	Seguela
2596934	ru	Сегеле
2596934	tr	Seguela
259824	ru	Кифисия
259973	ru	Хиос
259973	tr	Sakız
260114	ru	Ханья
260114	tr	Hanya
260133	ru	Халкида
260210	ru	Кератея
260210	tr	Keratea
260895	ru	Карпатос
260989	ru	Кардица
260989	tr	Kardiça
2609894	ru	Янтарный
2609901	ru	Мамоново
2609906	ru	Балтийск
2610020	ru	Вордингборг
2610155	ru	Вирум
2610319	az	Viborg
2610319	ru	Виборг
2610319	tr	Viborg
2610613	az	Vejle
2610613	ru	Вайле
2610613	tr	Vejle
2610726	ru	Варде
2610802	ru	Вальбю
2611060	ru	Твёройри
2611316	ru	Транбьерг
2611396	az	Torshavn
2611396	ru	Торсхавн
2611497	ru	Тённер
2611720	ru	Тильст
2611828	ru	Тааструп
2611862	ru	Торнбю
2612045	ru	Свеннборге
2612204	ru	Струэр
261249	ru	Каматерон
261249	tr	Kamatero
2612862	az	Sorø
2612862	ru	Сорё
2612862	tr	Sorø
2613102	ru	Сённенборг
2613460	ru	Слагельсе
2613731	ru	Скиве
2613939	ru	Скаген
2614030	ru	Силькеборг
261414	ru	Каллифея
2614212	ru	Сандур
2614481	ru	Роскилле
2614553	ru	Рённе
2614600	ru	Редовре
2614764	ru	Рингстед
2614813	ru	Рибе
2615006	ru	Рандерс
2615876	ru	Оденсе
2615876	tr	Odense
2615886	ru	Оддер
2615961	ru	Нюкёбинг
261601	ru	Калабака
2616015	ru	Нюборг
2616038	ru	Нествед
261604	ru	Каламата
2616235	tr	Nørresundby
2616483	ru	Нибе
2616599	ru	Наксков
2616599	tr	Nakskov
261678	ru	Кесариани
2616914	ru	Мивоавур
2616933	ru	Миддельфарт
2617072	ru	Марибо
261715	ru	Итеа
2617423	tr	Løsning
2617443	ru	Лёккен
261745	ru	Ираклион
261745	tr	Kandiye
261779	ru	Янина
261779	tr	Yanya
2617812	ru	Лемвиг
261807	ru	Игуменица
261814	ru	Иерапетра
261814	tr	Yerapetra
2618361	ru	Корсёр
2618415	ru	Кеге
2618425	ru	Копенгаген
2618425	tr	Kopenhag
2618528	ru	Колдинг
2618795	ru	Клаксвуйк
2619528	ru	Хвидовре
2619771	ru	Хорсенс
2619856	ru	Херсхольм
2620046	ru	Хольстебро
2620147	ru	Хольбек
2620167	ru	Хобро
2620279	ru	Хиртсхальс
2620288	ru	Хиннеруп
2620320	az	Hillerød
2620320	ru	Хиллерод
2620320	tr	Hillerød
2620425	ru	Хернинг
2620473	ru	Хельсингёр
2620476	ru	Хельсинге
2620712	ru	Хаслев
2620952	ru	Хадсунн
2620956	ru	Хадстен
2620964	ru	Хадерслев
2621356	ru	Глоструп
2621808	ru	Фуглафьордур
2621912	ru	Фредерикссунн
2621927	ru	Фредериксхавн
2621942	ru	Фредериксберг
2621951	ru	Фредерисия
2622306	ru	Фарум
2622383	ru	Фоборг
2622383	tr	Faaborg
2622447	az	Esbyerq
2622447	ru	Эсбьерг
2622793	ru	Эбельтофт
2622937	ru	Драгёр
2623181	ru	Кристиансхавн
2623181	tr	Christianshavn
2624112	ru	Биркерёд
2624112	tr	Birkerød
2624144	ru	Биллунн
262426	ru	Фили
2624341	tr	Ballerup Belediyesi
2624427	tr	Avedøre
2624502	ru	Ассенс
2624652	ru	Орхус
2624652	tr	Århus
2624843	ru	Аллерёд
2624886	az	Aalborg
2624886	ru	Ольборг
2624886	tr	Aalborg
2624906	ru	Альбертслунн
262833	ru	Экали
262833	tr	Ekali
2632132	ru	Эгильсстадир
2633274	az	Aküreyri
2633274	ru	Акюрейри
2633352	ru	Йорк
2633352	tr	York
2633373	ru	Йеовиль
2633404	ru	Яттон
2633485	ru	Рексем
2633521	ru	Вортинг
2633551	ru	Уэрксоп
2633553	ru	Уъркингтън
2633563	ru	Вустер
2633563	tr	Worcester
2633671	ru	Вудбридж
2633691	az	Vulverhempton
2633691	ru	Вулвергемптон
2633691	tr	Wolverhampton
2633708	ru	Уокингхем
2633709	ru	Уокинге
2633729	ru	Уитни
2633744	ru	Уитернси
2633771	ru	Визбич
2633842	ru	Виндзор
2633858	ru	Винчестер
2633858	tr	Winchester
2633863	ru	Уимборн Минстър
2633866	az	Uimbldon
2633866	ru	Уимблдон
2633866	tr	Wimbledon
2633948	ru	Уиган
2633954	ru	Виднес
2633982	ru	Уик
2634021	ru	Уитстабл
2634112	az	Uaytçepel
2634112	ru	Уайтчепел
2634112	tr	Whitechapel
2634135	ru	Уитби
2634202	ru	Уэймут
2634204	ru	Вейбридж
2634217	ru	Уэтерби
2634234	ru	Вест-Уикхэм
2634308	ru	Уэстон-сьюпер-Мэр
2634375	ru	Уэст-Кирби
2634413	ru	Вестгейт-он-Си
2634491	az	Uest-Bromiç
2634491	ru	Уэст-Бромидж
2634491	tr	West Bromwich
2634493	ru	Уест Бриджфорд
2634552	ru	Уэлин-Гарден-Сити
2634560	ru	Уэлшпул
2634569	ru	Уэлс
2634573	ru	Веллингтон
2634578	ru	Веллингборо
2634677	ru	Уотфорд
2634686	ru	Уотерлувиль
2634715	ru	Вашингтон
2634725	ru	Уорик
2634739	ru	Уоррингтон
2634743	ru	Уорренпойнт
2634838	ru	Уолтемстоу
2634853	az	Uolsoll
2634853	ru	Уолсолл
2634864	ru	Уолсенд
2634873	ru	Уолласи
2634894	ru	Уэльс
2634910	ru	Уэйкфилд
2634910	tr	Wakefield
2634985	ru	Вентнор
2635113	ru	Верхний Норвуд
2635113	tr	Upper Norwood
2635150	ru	Ъпминстър
2635183	ru	Ълвърстън
2635243	ru	Ъкфийлд
2635329	ru	Търиф
2635412	ru	Труро
2635412	tr	Truro
2635427	ru	Троубридже
2635442	ru	Трун
2635459	ru	Тринг
2635524	ru	Трехарис
2635547	ru	Тредегар
2635597	ru	Тоустър
2635608	az	Tottenhem
2635608	ru	Тоттенем
2635610	ru	Тотнес
2635650	az	Torki
2635650	ru	Торки
2635703	ru	Тонбридж
2635762	ru	Тивъртън
2635881	ru	Терсо
2636002	ru	Торнбъри
2636032	ru	Тетфорд
2636071	ru	Тьюксбери
2636132	ru	Тинмут
2636174	ru	Тависток
2636177	ru	Тонтон
2636276	ru	Тамворт
2636335	ru	Тадкастер
2636389	az	Svindon
2636389	ru	Свиндон
2636432	az	Suonsi
2636432	ru	Суонси
2636486	az	Satton-Koldfield
2636486	ru	Саттон-Колдфилд
2636486	tr	Sutton Coldfield
2636503	ru	Саттон
2636531	az	Sanderlend
2636531	ru	Сандерленд
2636531	tr	Sunderland
2636616	az	Straud
2636616	ru	Страуд
2636663	ru	Стретфорд
2636713	ru	Стратфорд-на-Эйвоне
2636714	ru	Стратфорд
2636719	ru	Странрар
2636744	ru	Страбан
2636769	ru	Стоурбридж
2636790	az	Stornavey
2636790	ru	Сторновей
2636814	ru	Стонгейвен
2636841	az	Stok-on-Trent
2636841	ru	Сток-он-Трент
2636841	tr	Stoke-on-Trent
2636876	ru	Стоктон-он-Тис
2636882	ru	Стокпорт
2636910	az	Stirlinq
2636910	ru	Стерлинг
2636928	ru	Стенинг
2636938	ru	Стивенстон
2636940	ru	Стивенедж
2636940	tr	Stevenage
2636948	ru	Степни
2637104	ru	Стамфорд
2637106	ru	Сталибридж
2637142	ru	Стаффорд
2637221	ru	Спиталфилдс
2637221	tr	Spitalfields
2637329	ru	Саут-Шилдс
2637343	ru	Саутпорт
2637357	tr	South Norwood
2637433	ru	Саутенд-он-Си
2637487	az	Sauthempton
2637487	ru	Саутгемптон
2637487	tr	Southampton
2637546	ru	Солихалл
2637607	ru	Сметвик
2637627	ru	Слау
2637752	ru	Скелмерсдале
2637752	tr	Skelmersdale
2637853	ru	Сидмут
2637891	ru	Шрусбери
2637958	ru	Шипли
2638019	ru	Шерингем
2638033	ru	Шерборн
2638035	ru	Шептън Молит
2638039	ru	Шеппертон
2638053	tr	Shenfield
2638077	az	Şeffild
2638077	ru	Шеффилд
2638077	tr	Sheffield
2638081	ru	Ширнесс
2638138	ru	Шанклин
2638187	ru	Севенокс
2638219	ru	Селси
2638229	ru	Селкерк
2638235	ru	Селби
263824	ru	Агиос-Николаос
2638302	ru	Сихем
2638324	ru	Сканторпе
2638419	ru	Скарборо
2638568	ru	Сандаун
2638580	ru	Сандхерст
2638648	ru	Солткотс
2638652	ru	Солтейр
2638652	tr	Saltaire
2638664	ru	Солсбери
2638664	tr	Salisbury
2638671	ru	Солфорд
2638671	tr	Salford
2638678	ru	Сейл
2638778	ru	Сент-Айвс
2638785	ru	Сент-Хеленс
2638853	ru	Сент-Остелл
2638864	ru	Сент-Андрус
2638867	az	Sant Albans
2638867	ru	Сент-Олбанс
2638867	tr	St Albans
2638878	ru	Сафрон-Уолден
2638909	ru	Рай
2638911	ru	Райд
2638925	ru	Ритин
2638926	az	Razerqlen
2638926	ru	Рутерглен
2638946	ru	Ръшдън
2638960	ru	Ранкорн
2638978	ru	Рагби
2639091	ru	Ротерхит
2639093	ru	Ротерем
2639104	ru	Росайт
2639223	ru	Рогемптон
2639223	tr	Roehampton
2639265	ru	Рочфорд
2639268	ru	Рочестер
2639272	ru	Рочдейл
2639323	ru	Рипон
2639323	tr	Ripon
2639325	ru	Рипли
2639409	ru	Рил
2639495	ru	Ренфру
2639506	ru	Райгейт
2639524	ru	Редрът
2639557	ru	Реддитч
2639563	ru	Редкар
2639577	ru	Рединг
2639653	ru	Рандалстаун
2639653	tr	Randalstown
2639660	ru	Рамсгейт
2639715	ru	Радсток
2639835	ru	Патни
2639835	tr	Putney
2639896	ru	Престуик
2639912	ru	Престон
2639912	tr	Preston
2639926	ru	Престатин
2639991	ru	Портстьюарт
2639996	az	Portsmut
2639996	ru	Портсмут
2639996	tr	Portsmouth
2640004	ru	Портраш
2640037	ru	Портисхед
2640054	ru	Порткоул
2640054	tr	Porthcawl
2640060	ru	Порт-Глазго
2640085	ru	Портадаун
2640101	az	Puul
2640101	ru	Пул
2640104	ru	Понтиприте
2640106	ru	Понтъпул
2640155	ru	Полмонте
2640190	ru	Плимсток
2640192	az	Plimpton
2640192	ru	Плимптон
2640192	tr	Plympton
2640194	az	Plimut
2640194	ru	Плимут
2640194	tr	Plymouth
2640349	ru	Петерли
2640351	ru	Питерхед
2640354	ru	Питерборо
2640354	tr	Peterborough
2640358	az	Pert
2640358	ru	Перт
2640377	ru	Пензанс
2640416	ru	Пенрит
2640496	ru	Пенарт
2640502	ru	Пембрук-Док
2640503	ru	Пембрук
2640677	az	Peysli
2640677	ru	Пейсли
2640681	ru	Пэйнтон
2640729	az	Oksford
2640729	ru	Оксфорд
2640861	ru	Озуэстри
2640869	ru	Оссетт
2640908	ru	Ормскирк
2640967	ru	Ома
2641022	ru	Олдем
2641108	ru	Обан
2641128	ru	Окем
2641157	ru	Нанитон
2641168	az	Notinq Hil
2641168	ru	Ноттинг-Хилл
2641168	tr	Notting Hill
2641170	ru	Ноттингем
2641170	tr	Nottingham
2641181	az	Norviç
2641181	ru	Норидж
2641181	tr	Norwich
2641224	ru	Нортвич
2641419	ru	Норт-Берик
2641430	az	Norsempton
2641430	ru	Нортгемптон
2641519	ru	Ньютаунардс
2641520	ru	Ньютонэббей
2641557	ru	Ньютон-Эббот
2641581	ru	Ньюри
2641591	ru	Нюпорт Пагнел
2641595	ru	Ньюпорт
2641598	az	Nyuport
2641598	ru	Ньюпорт
2641599	ru	Ньюпорт
2641616	ru	Ньюмаркет
2641617	ru	Нью-Малден
2641617	tr	New Malden
2641661	ru	Нью-Кросс
2641661	tr	New Cross
2641673	az	Nyukasl apon Tayn
2641673	ru	Ньюкасл-апон-Тайн
2641673	tr	Newcastle upon Tyne
2641674	tr	Newcastle-under-Lyme
2641689	ru	Ньюбери
2641690	ru	Ньюбёрн
2641843	ru	Нит
2641910	ru	Нэрн
2641942	az	Masselboro
2641942	ru	Масселборо
2642135	az	Mazervell
2642135	ru	Мазервелл
2642182	ru	Морпет
2642189	ru	Морли
2642214	ru	Моркам
2642302	ru	Монтроз
2642313	ru	Монмут
2642342	ru	Монифийт
2642423	ru	Мърфийлд
2642465	az	Milton Kins
2642465	ru	Милтон-Кинс
2642484	az	Molqay
2642534	ru	Милфорд Хейвън
2642543	ru	Милденхолл
2642607	az	Midlsbro
2642607	ru	Мидлсбро
2642694	ru	Медил
2642705	ru	Мертир-Тидвил
2642763	ru	Мелтън Моубрей
2642927	ru	Мерипорт
2643027	ru	Маркет Харбъро
2643044	ru	Маргит
2643071	ru	Марч
2643097	ru	Мэнсфилд
2643123	az	منچئستئر
2643123	ru	Манчестер
2643123	tr	Manchester
2643160	ru	Мелдона
2643179	ru	Мейдстон
2643186	ru	Мейденхед
2643208	ru	Марафелт
2643298	ru	Линхем
2643312	ru	Лимингтон
2643339	ru	Лутон
2643425	ru	Ладлоу
2643490	ru	Лоустофт
2643553	ru	Лаут
2643567	ru	Лафборо
2643587	ru	Лоссимут
2643697	ru	Лонг-Итон
264371	az	Afina
264371	ru	Афины
264371	tr	Atina
2643736	ru	Дерри
2643741	ru	Сити
2643741	tr	Londra Şehri
2643743	az	London
2643743	ru	Лондон
2643743	tr	Londra
2643937	ru	Лантрисант
2644100	ru	Лланелли
2644120	ru	Лландидно
2644120	tr	Llundadno
2644122	ru	Ландриндод Уелс
2644204	az	Livinqston
2644204	ru	Ливингстон
2644210	az	Liverpul
2644210	ru	Ливерпуль
2644210	tr	Liverpool
2644319	ru	Литлхемптон
2644386	ru	Литхерланд
2644386	tr	Litherland
2644398	ru	Лисс
2644411	ru	Лисберн
2644444	ru	Линлитгоу
2644487	ru	Линкольн
2644487	tr	Lincoln
2644497	tr	Limehouse
2644501	ru	Лимавади
2644531	az	Liçfild
2644531	ru	Личфилд
2644531	tr	Lichfield
2644559	ru	Льюис
2644605	az	Lervik
2644605	ru	Леруик
2644613	ru	Леминстер
2644668	az	Lester
2644668	ru	Лестер
2644668	tr	Leicester
2644684	ru	Лик
2644688	az	Lids
2644688	ru	Лидс
2644688	tr	Leeds
2644737	ru	Лемингтон Спа
2644811	ru	Лонстон
2644849	ru	Ларн
2644853	ru	Ларкхолл
2644860	ru	Ларгс
2644972	ru	Ланкастер
2644976	ru	Ланарк
2645093	ru	Натсфорд
2645163	ru	Нейрсборо
2645198	az	Kirkvol
2645198	ru	Керкуолл
2645261	az	Kirkintillox
2645261	ru	Керкинтиллох
2645298	ru	Керколди
2645313	ru	Керби
2645418	ru	Кингсвуд
2645425	ru	Кингстон-апон-Халл
2645425	tr	Kingston upon Hull
2645456	ru	Кингслинн
2645486	ru	Кингсбридж
2645541	ru	Килуиннинг
264559	ru	Арта
264559	tr	Arta
2645605	az	Kilmarnok
2645605	ru	Килмарнок
2645712	ru	Килбирни
2645721	ru	Кидсгроув
2645724	ru	Кидерминстер
2645753	ru	Кеттеринг
2645822	ru	Кенилуърт
2645826	ru	Кендал
2645849	ru	Келсо
2645889	ru	Кейли
2645951	ru	Джонстон
2645972	ru	Джарроу
2646003	az	İslinqton
2646003	ru	Ислингтон
2646032	az	Örvin
2646032	ru	Эрвин
2646042	ru	Ирлэм
2646057	ru	Ипсуич
2646073	ru	Инверури
2646088	az	İnverness
2646088	ru	Инвернесс
2646104	ru	Инверкитинг
2646277	ru	Илфорд
2646316	ru	Хайт
2646329	ru	Хейтон
264637	ru	Олимпия
2646393	ru	The Huntingdon
2646458	az	Haddersfild
2646458	ru	Хаддерсфилд
2646460	ru	Хъкнал
2646504	ru	Хов
2646557	ru	Хоршэм
2646670	ru	Холивуд
2646686	ru	Холихед
264670	ru	Аргос
2646720	ru	Холмс Чапъл
2646742	ru	Холлинвуд
2646781	ru	Холборн
2646807	ru	Ходдсдон
2646867	ru	Хинкли
2646914	ru	Хай-Уиком
2646914	tr	High Wycombe
2646958	ru	Хайгейт
2647007	ru	Хексем
2647044	ru	Хертфорд
2647074	ru	Херефорде
2647074	tr	Hereford
2647138	ru	Хемел-Хемпстед
2647138	tr	Hemel Hempstead
2647178	ru	Хеленсборо
2647209	ru	Геббурн
2647278	ru	Хоэрт
2647297	ru	Хоик
2647303	ru	Хаварден
2647311	ru	Хаверфордуэст
2647317	ru	Хавант
2647349	ru	Хатфилд
2647349	tr	Hatfield
2647356	ru	Гастингс
2647383	ru	Харвич
2647400	ru	Хартлпул
2647428	ru	Харрогейт
2647461	az	Harlov
2647461	ru	Харлоу
2647461	tr	Harlow
2647570	az	Həmilton
2647570	ru	Гамильтон
2647632	ru	Галифакс
2647639	ru	Хейлсовен
2647686	az	Haddinqton
2647784	ru	Гайзли
2647793	ru	Гилфорд
2647937	az	Qriniç
2647937	ru	Гринвич
2647937	tr	Greenwich
2647948	az	Qrinok
2647948	ru	Гринок
2647957	ru	Грийнайланд
2647984	ru	Грейт-Ярмут
2648187	ru	Грейвзенд
2648208	ru	Гранты
2648259	ru	Гурок
2648272	ru	Госпорт
2648290	ru	Горсейнон
2648319	ru	Гул
2648372	ru	Годалминге
2648404	ru	Глостер
2648404	tr	Gloucester
2648405	ru	Глосъп
2648438	az	Qlenrots
2648438	ru	Гленротес
2648559	ru	Гластонбери
2648579	az	Qlazqo
2648579	ru	Глазго
2648626	ru	Герван
2648657	ru	Джиллингем
2648658	ru	Гиллингем
2648683	az	Qiffnok
2648683	ru	Гиффнок
2648773	ru	Гейтсхед
2648826	tr	Garswood
2648928	ru	Галашилс
2648997	az	Fulhem
2648997	ru	Фулем
2649024	ru	Фрум
2649089	ru	Фрейзербург
2649169	ru	Форт Вильям
2649207	ru	Форфар
2649216	tr	Forest Hill
2649258	ru	Фолкстон
264929	ru	Аниксис
264929	tr	Aniksi
2649301	ru	Флинт
2649579	ru	Филикстоу
2649622	ru	Фейвешем
2649672	ru	Фарнборо
2649715	ru	Фалмут
2649723	az	Folkirk
2649723	ru	Фалкирк
2649800	ru	Эксмут
2649808	ru	Эксетер
2649808	tr	Exeter
2649833	ru	Ившам
2649911	ru	Эшер
2649957	ru	Эпсом
2649963	ru	Эппинг
2649984	ru	Эннискиллен
2650023	ru	Или
2650023	tr	Ely
2650096	ru	Елсмир Порт
2650122	az	Elqin
2650122	ru	Элгин
2650188	ru	Эгхем
2650225	az	Edinburq
2650225	ru	Эдинбург
2650225	tr	Edinburgh
2650396	ru	Истли
2650405	az	İst Kilbrayd
2650405	ru	Ист Килбрайд
2650497	ru	Истборн
2650628	ru	Дарем
2650628	tr	Durham
2650657	ru	Данстабл
2650729	ru	Данганнон
2650732	ru	Данфермлин
2650749	ru	Дундональд
2650752	az	Dandi
2650752	ru	Данди
2650769	ru	Данблейн
2650776	ru	Данбар
2650798	az	Damfris
2650798	ru	Дамфрис
2650802	az	Dambarton
2650802	ru	Дамбартон
2650839	az	Dadli
2650839	ru	Дадли
2650977	ru	Дромор
2651023	ru	Даунпатрик
2651048	ru	Дувр
2651095	ru	Доркинг
2651101	ru	Дорчестер
2651123	ru	Донкастер
2651133	ru	Донахади
2651245	ru	Дингуолл
2651269	ru	Дидкот
2651286	ru	Дьюсбери
2651347	az	Derbi
2651347	ru	Дерби
2651347	tr	Derby
2651386	ru	Денби
2651485	ru	Давентри
2651495	ru	Дарвен
2651498	ru	Дартмут
2651500	ru	Дартфорде
2651513	ru	Дарлингтон
2651587	az	Dalkit
2651587	ru	Далкит
2651654	ru	Кумбран
2651817	az	Kroydon
2651983	ru	Крифф
2652002	ru	Кру
2652053	ru	Кроули
2652095	ru	Крамлингтон
2652204	ru	Каус
2652207	ru	Кауденбит
2652221	az	Koventri
2652221	ru	Ковентри
2652221	tr	Coventry
2652381	ru	Корби
2652417	ru	Кукстаун
2652437	ru	Консетт
265245	ru	Амаринтос
2652464	ru	Конглтон
2652505	ru	Комбер
2652586	ru	Колрэйн
2652618	ru	Колчестер
2652618	tr	Colchester
2652672	tr	Cockfosters
2652696	ru	Котбридж
2652703	ru	Колайленд
2652730	az	Klaydbank
2652730	ru	Клайдбанк
2652885	ru	Клитхорпс
2652891	ru	Клитор-Мур
2652974	ru	Клактон-он-Си
2652995	ru	Сайренсестер
2653075	ru	Крайстчерч
2653121	ru	Чизик
2653123	ru	Чизлхерст
2653144	ru	Чиппенем
2653192	ru	Чичестер
2653192	tr	Chichester
2653225	ru	Честерфилд
2653228	ru	Честер
2653228	tr	Chester
2653232	ru	Чесант
2653235	ru	Чесъм
2653256	ru	Чепстоу
2653261	ru	Челтнем
2653261	tr	Cheltenham
2653265	az	Çelsi
2653265	ru	Челси
2653265	tr	Chelsea
2653266	ru	Челмсфорд
2653281	ru	Чеддер
2653290	ru	Чедл-Халм
2653305	ru	Чатем
2653353	tr	Chapeltown
2653584	ru	Касълфорд
2653680	ru	Каррикфергус
2653704	ru	Карнусти
2653755	ru	Кармартен
2653756	ru	Карлук
2653775	ru	Карлайл
2653775	tr	Carlisle
2653818	ru	Кардиган
2653822	az	Kardiff
2653822	ru	Кардифф
2653877	ru	Кентербери
2653877	tr	Canterbury
2653883	ru	Каннок
2653935	ru	Камбусленг
2653941	az	Kembric
2653941	ru	Кембридж
2653941	tr	Cambridge
2653945	ru	Камборн
2653947	ru	Кемберли
2654089	ru	Керфили
2654186	ru	Бери-Сент-Эдмендс
2654187	ru	Бери
2654200	ru	Бертон-апон-Трент
2654229	ru	Бъри Порт
2654255	ru	Бернтайленд
2654264	ru	Бернли
2654332	ru	Банкрана
2654332	tr	Buncrana
2654380	ru	Бьюд
2654410	ru	Бакингем
2654411	ru	Баки
2654437	ru	Бринмаур
2654480	ru	Броксберн
2654490	ru	Браунхиллс
2654663	ru	Бриксам
2654668	ru	Бритън Фери
2654675	ru	Бристоль
2654675	tr	Bristol
2654710	ru	Брайтон
2654715	ru	Бригаус
2654726	ru	Бридпорт
2654730	ru	Бриджуотер
2654755	ru	Бридженд
2654782	ru	Брентвуд
2654787	ru	Брентфорд
2654817	ru	Брекон
2654824	ru	Брихин
2654858	ru	Браунтон
2654938	ru	Брейнтрий
2654993	az	Brədford
2654993	ru	Брадфорд
2654993	tr	Bradford
265500	ru	Эйо
2655009	ru	Бракнел
2655076	ru	Боу
2655076	tr	Bow
2655095	az	Bornmut
2655095	ru	Борнмут
2655130	ru	Босуэлл
2655138	ru	Бостон
2655198	ru	Бутл
2655237	ru	Болтон
2655273	ru	Бодмин
2655315	ru	Блит
2655351	ru	Блечли
2655378	ru	Бландфорд-Форум
2655413	ru	Блэнавон
2655413	tr	Blaenavon
2655438	ru	Блэкуолл
2655438	tr	Blackwall
2655459	az	Bləkpul
2655459	ru	Блэкпул
2655524	az	Blakbörn
2655524	ru	Блэкберн
2655582	az	Bişopbriqqs
2655582	ru	Бишопбриггс
2655583	ru	Бишоп-Окленд
265560	ru	Агринион
2655603	az	Birmingem
2655603	ru	Бирмингем
2655603	tr	Birmingham
2655613	ru	Биркенхед
2655642	ru	Бингли
2655664	ru	Биллингем
2655672	ru	Биллерикей
2655707	ru	Байдфорд
2655785	ru	Бевърли
2655819	ru	Бервик-апон-Твид
2655929	ru	Бельведер
2655929	tr	Belvedere
2655942	ru	Белпер
2655984	ru	Белфаст
2655984	tr	Belfast
2656031	ru	Бедворс
2656046	ru	Бедфорд
2656070	ru	Бебингтон
2656086	az	Bersden
2656086	ru	Берсден
2656120	ru	Беконсфилд
2656161	ru	Баттл
2656168	ru	Батли
2656169	ru	Батгейт
2656173	az	Bat
2656173	ru	Бат
2656173	tr	Bath
2656192	ru	Бейсингсток
2656192	tr	Basingstoke
2656194	ru	Басилдон
2656235	ru	Барри
2656258	ru	Баррхед
2656281	ru	Барнстапл
2656284	ru	Барнсли
2656295	ru	Барнет
2656379	ru	Банстед
2656382	ru	Банъкбърн
2656396	ru	Бангор
2656397	ru	Бангор
2656406	ru	Банбери
2656407	ru	Банбридж
2656483	ru	Баллинахинч
2656488	ru	Баллимони
2656490	ru	Бэллимена
2656528	ru	Балликлер
2656531	ru	Балликасл
2656580	ru	Балъм
2656586	ru	Балерно
2656708	az	Eyr
2656708	ru	Эр
2656719	ru	Эйлсбери
2656759	ru	Авелей
2656915	ru	Эштон-андер-Лайн
2656955	ru	Эшфорд
2656992	ru	Аскот
2657030	ru	Арнольд
2657060	ru	Арма
2657125	ru	Ардроссан
2657215	ru	Арброт
2657255	ru	Антрим
2657293	ru	Анан
2657324	ru	Андовер
2657345	ru	Амманфорд
2657355	ru	Эймсбери
2657356	ru	Амершам
2657438	ru	Алник
2657471	ru	Аллоа
2657508	ru	Алфретон
2657540	ru	Олдершот
2657668	ru	Адлингтон
2657697	ru	Актон
2657770	ru	Аккрингтон
2657780	ru	Абингдон
2657782	ru	Аберистуит
2657784	ru	Абертиллери
2657812	ru	Абергеле
2657815	ru	Абергавенни
2657832	az	Aberdin
2657832	ru	Абердин
2657832	tr	Aberdeen
2657835	ru	Абердэр
2657837	ru	Аберкънон
2657844	ru	Аберкарн
2657896	az	Sürix
2657896	ru	Цюрих
2657896	tr	Zürih
2657908	az	Zug
2657908	ru	Цуг
2657908	tr	Zug
2657910	ru	Цухвиль
2657912	ru	Цолликон
2657913	ru	Цолликофен
2657915	ru	Цофинген
2657928	ru	Цермат
2657941	ru	Ивердон-ле-Бен
2657947	ru	Вюренлос
2657954	ru	Ворб
2657955	ru	Воллерау
2657968	ru	Виттенбах
2657970	ru	Винтертур
2657978	ru	Виллизау
2657996	ru	Виль
2658010	ru	Ветцикон
2658011	ru	Веттинген
2658036	ru	Вайнфельден
2658042	ru	Ваттвиль
2658060	ru	Валлизеллен
2658082	ru	Веденсвиль
2658112	ru	Фисп
2658119	ru	Фильмерген
2658145	ru	Веве
2658151	ru	Версуа
2658154	ru	Верние
2658209	ru	Уцвиль
2658210	ru	Уцнах
2658216	ru	Устер
2658237	ru	Унтерзиггенталь
2658240	ru	Унтерзен
2658264	ru	Унтерегери
2658277	ru	Итендорф
2658312	ru	Тримбах
2658377	ru	Тун
2658386	ru	Тервиль
2658388	ru	Тальвиль
2658397	ru	Тойфен
2658440	ru	Зурзе
2658449	ru	Зумисвальд
2658494	ru	Штеффисбург
2658504	az	Stans
2658504	ru	Штанс
2658504	tr	Stans
2658518	ru	Штефа
2658524	ru	Шпрайтенбах
2658536	ru	Шпиц
2658564	az	Soloturn
2658564	ru	Золотурн
2658564	tr	Solothurn
2658572	ru	Зиссах
2658575	ru	Зирнах
2658576	az	Sion
2658576	ru	Сьон
2658576	tr	Sion
2658606	ru	Сиерре
2658665	az	Şvits
2658665	ru	Швиц
2658665	tr	Schwyz
2658696	ru	Шюбельбах
2658724	ru	Шлирен
2658761	az	Şaffxauzen
2658761	ru	Шаффхаузен
2658761	tr	Schaffhausen
2658786	az	Sarnen
2658786	ru	Зарнен
2658786	tr	Sarnen
2658793	ru	Зарганс
2658822	az	Sankt Qallen
2658822	ru	Санкт-Галлен
2658822	tr	Sankt Gallen
2658871	ru	Сент-Имье
2658904	ru	Занен
2658909	ru	Рюти
2658914	ru	Русвиль
2658927	ru	Рюмланг
2658952	ru	Ротрист
2658969	ru	Роршах
2658985	ru	Романсхорн
2659050	ru	Рихтерсвиль
2659070	ru	Ренан
2659083	ru	Регенсдорф
2659099	ru	Рапперсвиль
2659147	ru	Праттельн
2659171	ru	Порентру
2659190	ru	План-лез-Уат
2659219	ru	Пфеффикон
2659220	ru	Пфеффикон
2659243	ru	Пайерн
2659292	ru	Опфикон
2659296	ru	Оне
2659297	ru	Ольтен
2659303	ru	Офтринген
2659321	ru	Обервиль
2659331	ru	Оберуцвиль
2659332	ru	Урдорф
2659344	ru	Оберзиггенталь
2659357	ru	Оберрит
2659391	ru	Оберентфельден
2659422	ru	Ньон
2659474	ru	Нидау
2659489	ru	Нойенкирх
2659496	az	Neşatel
2659496	ru	Невшатель
2659496	tr	Neuchâtel
2659522	ru	Муттенц
2659529	ru	Муртен
2659550	ru	Мюнхвилен
2659551	ru	Мюнхенштайн
2659552	ru	Мюнхенбуксе
2659568	ru	Мутье
2659587	ru	Морж
2659601	ru	Монтрё
2659601	tr	Montrö
2659613	ru	Монте
2659645	ru	Мёлин
2659658	ru	Минузио
2659667	ru	Мерен
2659687	ru	Менцикен
2659689	ru	Мендризио
2659703	ru	Майлен
2659772	ru	Меннедорф
2659776	ru	Мальтерс
2659808	ru	Лис
2659811	az	Lyutsern
2659811	ru	Люцерн
2659811	tr	Luzern
2659819	ru	Лютри
2659836	ru	Лугано
2659869	ru	Локарно
2659873	ru	Литтау
2659891	az	Liestal
2659891	ru	Листаль
2659891	tr	Liestal
2659952	ru	Ленцбург
2659957	ru	Ленгнау
2659960	ru	Ле-Локль
2659994	az	Lozanna
2659994	ru	Лозанна
2659994	tr	Lozan
2660001	ru	Лауфен
2660034	ru	Лангенталь
2660042	ru	Ландкварт
2660075	ru	Лахен
2660076	ru	Ла-Шо-де-Фон
2660086	ru	Кюттиген
2660088	ru	Кюснахт-ам-Риги
2660089	ru	Кюснахт
2660104	ru	Кринс
2660108	ru	Кройцлинген
2660119	ru	Кёниц
2660127	ru	Клотен
2660155	ru	Кирхберг
2660156	ru	Кирхберг
2660161	ru	Кильхберг
2660171	ru	Кернс
2660221	ru	Йона
2660253	ru	Интерлакен
2660261	ru	Ингенболь
2660277	ru	Игис
2660292	ru	Хюненберг
2660298	ru	Хорв
2660305	ru	Хорген
2660309	ru	Хомбрехтикон
2660338	ru	Хинвиль
2660355	ru	Херцогенбухзе
2660359	ru	Херлиберг
2660365	az	Herisau
2660365	ru	Херизау
2660365	tr	Herisau
2660367	ru	Хергисвиль
2660390	ru	Хаймберг
266045	az	Zəhlə
266045	ru	Захла
266045	tr	Zahle
2660461	ru	Гштад
2660512	ru	Гренхен
2660523	ru	Гренихен
2660543	ru	Грабс
2660549	ru	Госсау
2660575	ru	Гольдах
2660594	az	Glarus
2660594	ru	Гларус
2660594	tr	Glarus
2660600	ru	Гланд
2660646	az	Cenevrə
2660646	ru	Женева
2660646	tr	Cenevre
2660656	ru	Гельтеркинден
2660707	ru	Фрутиген
2660718	az	Fribur
2660718	ru	Фрибур
2660718	tr	Fribourg
2660719	ru	Френкендорф
2660721	ru	Фрайенбах
2660727	az	Frauenfeld
2660727	ru	Фрауэнфельд
2660727	tr	Frauenfeld
2660762	ru	Флавиль
2660860	ru	Эшенбах
2660911	ru	Эммен
2660913	ru	Эмбрах
2660925	ru	Айнзидельн
2660953	ru	Эбикон
2660989	ru	Дорнах
2661030	ru	Дерендинген
2661035	az	Delemont
2661035	ru	Делемон
2661035	tr	Delémont
2661039	ru	Давос
2661169	az	Kur
2661169	ru	Кур
2661169	tr	Chur
2661176	ru	Кьяссо
2661228	ru	Хам
2661265	ru	Каруж
2661321	ru	Бургдорф
2661328	ru	Буокс
2661337	ru	Бюль
2661338	ru	Бюлах
2661348	ru	Букс
2661349	ru	Букс
2661374	ru	Бругг
2661432	ru	Боттминген
2661456	ru	Боллиген
2661468	ru	Блоне
2661490	ru	Бирсфельден
2661499	ru	Биннинген
2661513	ru	Биль
2661519	ru	Биберист
2661527	ru	Бе
2661552	az	Bern
2661552	ru	Берн
2661552	tr	Bern
2661563	ru	Бельп
2661567	az	Bellinzona
2661567	ru	Беллинцона
2661567	tr	Bellinzona
2661599	ru	Бассерсдорф
2661604	az	Baza
2661604	ru	Базель
2661604	tr	Basel
2661626	ru	Бальсталь
2661644	ru	Бад-Рагац
2661646	ru	Баден
2661653	ru	Бар
2661698	ru	Аскона
2661708	ru	Арт
2661719	ru	Арлесхайм
2661731	ru	Арбон
2661740	az	Appentsel
2661740	ru	Аппенцелль
2661740	tr	Appenzell
2661756	ru	Амрисвиль
2661766	ru	Альтштеттен
2661780	az	Altdorf
2661780	ru	Альтдорф
2661780	tr	Altdorf
2661789	ru	Альпнах
2661810	ru	Альшвиль
2661834	ru	Эгль
2661842	ru	Аффольтерн-на-Альбисе
2661852	ru	Эш
2661861	ru	Адлисвиль
2661862	ru	Адлигенсвиль
2661879	ru	Арбург
2661881	az	Aarau
2661881	ru	Арау
2661881	tr	Aarau
2661882	ru	Адорф
2662149	ru	Истад
2662689	az	Visby
2662689	ru	Висбю
2662689	tr	Visby
2662881	ru	Виммербю
2663293	ru	Ветланда
2663399	ru	Велинге
2663536	az	Växjö
2663536	ru	Векшё
2663536	tr	Växjö
2664203	ru	Вестервик
2664454	az	Västerås
2664454	ru	Вестерос
2664454	tr	Västerås
2664996	ru	Варберг
2665171	ru	Венерсборг
2665857	ru	Вагерюд
2665902	ru	Вадстена
2666199	az	Uppsala
2666199	ru	Уппсала
2666199	tr	Uppsala
2666670	ru	Уддевалла
2667094	ru	Тумба
2667109	ru	Тулинге
2667253	ru	Труса
2667303	ru	Тролльхеттан
2667402	ru	Треллеборг
2667628	ru	Транос
2667847	ru	Торшхела
2667847	tr	Torshälla
266826	az	Tripoli
266826	ru	Триполи
266826	tr	Trablusşam
2669047	ru	Тимро
2669098	ru	Тиерп
2669113	ru	Тидахольм
267008	az	Sur
267008	ru	Тир
267008	tr	Sur
2670128	ru	Сведала
2670613	ru	Сюрахамар
2670781	ru	Сундсвалль
2671224	ru	Стрёмстад
2671392	ru	Стренгнес
2671490	ru	Сторврета
2673730	az	Stokholm
2673730	ru	Стокгольм
2673730	tr	Stockholm
2673875	ru	Стенунгсунд
2674649	ru	Стафансторп
2675365	ru	Сёльвесборг
2675397	ru	Сольна
2675416	ru	Соллефтео
2676176	ru	Сёдертелье
2676215	ru	Сёдерчёпинг
2676224	ru	Сёдерхамн
2676586	ru	Смедебакен
2677019	ru	Скутшер
2677025	ru	Скюруп
2677234	ru	Шёвде
2678210	ru	Скара
2679107	ru	Симрисхамн
2679302	ru	Сигтуна
2679698	ru	Севшьо
2680075	ru	Сандвикен
2680460	ru	Сальтшёбаден
268064	az	Sidon
268064	ru	Сайда
268064	tr	Sayda
2680764	ru	Сефле
2680969	ru	Рюдебёк
2681825	ru	Роннебю
2684653	ru	Укселёсунд
2685750	az	Östersund
2685750	ru	Эстерсунд
2685750	tr	Östersund
2685828	ru	Эстермальм
2686162	ru	Оскарсхамн
2686209	ru	Осбю
2686380	ru	Орса
2686469	ru	Эрншёльдсвик
2686596	ru	Йоркелюнга
2686657	az	Örebro
2686657	ru	Эребру
2686657	tr	Örebro, İsveç
2687062	ru	Улуфстрём
2687636	ru	Нюнесхамн
2687700	az	Nyköping
2687700	ru	Нючёпинг
2687700	tr	Nyköping
2687902	ru	Нюбру
2688250	ru	Норртелье
2688368	ru	Норрчёпинг
2690170	ru	Несшё
2690580	ru	Нака
2690960	ru	Мутала
2691440	ru	Мёльнлюкке
2691459	ru	Мёльндальская коммуна
2691743	ru	Мьёльбю
2692475	ru	Мерста
2692475	tr	Märsta
2692613	ru	Мариестад
2692943	ru	Малмслет
2692943	tr	Malmslätt
2692969	az	Malmö
2692969	ru	Мальмё
2692969	tr	Malmö
2693301	ru	Люсешил
269355	ru	Кана
2693678	ru	Лунд
2693759	ru	Лудвика
2694264	ru	Лома
2694503	ru	Юсдаль
2694560	ru	Юнгбю
2694762	az	Linköping
2694762	ru	Линчёпинг
2694762	tr	Linköping
2694808	ru	Линдсдаль
2694831	ru	Линдоме
2694893	ru	Линдесбери
2696329	ru	Лидкопинг
2696650	ru	Лександ
2697703	ru	Ландветер
2697720	ru	Ландскруна
2697861	ru	Лахольм
2698242	ru	Квислебй
2698242	tr	Kvissleby
2698681	ru	Кунгсьор
2698729	ru	Кунгсбакка
2698733	ru	Кунгсенген
2698739	ru	Кунглев
2698767	ru	Кумла
2699282	ru	Кристинехамн
2699310	ru	Кристианстад
2699394	ru	Крамфорш
2699791	ru	Шепинг
2700199	ru	Книвста
2700791	ru	Киста
2700791	tr	Kista
2701096	ru	Шевлинге
2701223	ru	Катринехольм
2701680	az	Karlstad
2701680	ru	Карлстад
2701680	tr	Karlstad
2701713	az	Karlskrona
2701713	ru	Карлскруна
2701713	tr	Karlskrona
2701715	ru	Карлскуга
2701727	ru	Карлсхамн
2702261	az	Kalmar
2702261	ru	Кальмар
2702261	tr	Kalmar
2702979	az	Jönköping
2702979	ru	Йёнчёпинг
2702979	tr	Jönköping
2703396	ru	Якобсбери
2704136	ru	Хускварна
2704398	ru	Хултсфред
2704613	ru	Худиксвалль
2705049	ru	Хьорбю
2705055	ru	Хьойор
2705402	ru	Хёлльвикен
2706057	ru	Хуфорш
2706184	ru	Ю
2706767	ru	Хельсингборг
2706982	ru	Хедемура
2707399	ru	Хеслехольм
2707684	az	Härnösand
2707684	ru	Хернёсанд
2707684	tr	Härnösand
2708016	ru	Ханден
2708365	az	Halmstad
2708365	ru	Хальмстад
2708365	tr	Halmstad
2708429	ru	Халстахамар
2708511	ru	Халльсберг
2709494	ru	Хабу
2709628	ru	Густавсберг
2710343	ru	Грумс
2711526	ru	Йётене
2711537	az	Göteborq
2711537	ru	Гётеборг
2711537	tr	Göteborg
2712045	ru	Йиславед
2712414	az	Gävle
2712414	ru	Евле
2712414	tr	Gävle
2712993	ru	Старая Уппсала
2714401	ru	Флен
2714903	ru	Финспонг
2715081	ru	Филипстад
2715324	ru	Ферестаден
2715459	az	Falun
2715459	ru	Фалун
2715459	tr	Falun
2715568	ru	Фальчёпинг
2715573	ru	Фалькенберг
2715946	ru	Эслёв
2715953	ru	Эскильстуна
2716166	ru	Энчёпинг
2717517	ru	Юршхолм
2717884	ru	Дегерфорш
2718759	ru	Бункефлостранд
2719106	ru	Брумёлла
2720383	ru	Бурленге
2720501	ru	Бурос
2720679	ru	Болльнес
2722362	ru	Бьерред
2723287	ru	Бостад
2723503	ru	Банкерид
2723567	ru	Болста
2724231	ru	Авеста
2724321	ru	Отвидабери
2724435	ru	Осторп
2725123	ru	Арвика
2725336	ru	Арльов
2725471	ru	Арбуга
2725901	ru	Енгелхолм
2726240	ru	Омоль
2726314	ru	Альвеста
2726394	ru	Елта
2726576	ru	Елмхулт
2726756	ru	Алингсас
2727234	ru	Акерсберга
2727320	ru	Окарп
2727363	ru	Охус
2727594	tr	Åby
2729907	az	Lonqyirbyuen
2729907	ru	Лонгйир
2729907	tr	Longyearbyen
273140	az	Cuniyə
273140	ru	Джуния
273140	tr	Cünye
273203	az	Bibl
273203	ru	Библ
273203	tr	Biblos
2732265	az	Viseu
2732265	ru	Визеу
2732265	tr	Viseu
2732286	ru	Виньяйш
2732438	az	Vila Real
2732438	ru	Вила-Реал
2732438	tr	Vila Real
2732544	ru	Вила-Нова-де-Гайя
2732544	tr	Vila Nova de Gaia
2732649	ru	Вила-ду-Конде
2732649	tr	Vila do Conde
2732773	az	Viana do Castelo
2732773	ru	Виана-ду-Каштелу
2732773	tr	Viana do Castelo
2732978	ru	Валонгу
2732978	tr	Valongo
2733533	ru	Тондела
2733851	ru	Сори
2733851	tr	Soure
2734434	ru	Сан-Мамед-де-Инфешта
2734484	ru	Сан-Жуан-да-Мадейра
2735083	ru	Риу-Тинту
2735787	ru	Повуа-ди-Варзин
2735787	tr	Póvoa de Varzim
2735943	az	Porto
2735943	ru	Порту
2735943	tr	Porto
2736041	ru	Понте де Лима
2736316	ru	Пезу-да-Регуа
2736469	ru	Пенафиел
2736469	tr	Penafiel
2736680	ru	Параньюш
2736883	tr	Paços de Ferreira
2736930	ru	Овар
2737046	ru	Оливейра-ди-Аземейш
2737046	tr	Oliveira de Azeméis
2737523	tr	Monção
2737639	ru	Мирандела
2737640	ru	Миранда-ду-Дору
2737641	tr	Miranda do Corvo
2737824	ru	Матозиньюш
2737921	tr	Marco de Canaveses
2737949	ru	Мангуалде
2738014	ru	Майя
2738154	tr	Lousã
2738214	ru	Лорделу-ду-Ору
2738752	ru	Гимарайнш
2738752	tr	Guimarães
2738785	az	Guarda
2738785	ru	Гуарда
2738785	tr	Guarda
2738925	ru	Гондомар
2739080	ru	Гандра
2739285	ru	Фреамунде
2739590	ru	Фигейра-да-Фош
2739590	tr	Figueira da Foz
2739693	tr	Felgueiras
2739788	ru	Фафе
2739868	ru	Эшпинью
2739868	tr	Espinho
2739997	ru	Эрмезинде
2740313	ru	Ковильян
2740593	tr	Condeixa-a-Nova
2740637	az	Coimbra
2740637	ru	Коимбра
2740637	tr	Coimbra
2741667	ru	Кампаньян
2741865	ru	Кабесейраш-ди-Башту
2742027	az	Braganca
2742027	ru	Браганца
2742027	tr	Bragança
2742032	az	Braga
2742032	ru	Брага
2742032	tr	Braga
2742416	ru	Барселуш
2742504	tr	Baião
2742611	az	Aveiro
2742611	ru	Авейру
2742611	tr	Aveiro
2742757	ru	Арганил
2742804	tr	Arcos de Valdevez
2743067	ru	Алижо
2743283	ru	Агиар-да-Бейра
2743292	ru	Агеда
2743477	az	Zvolle
2743477	ru	Зволле
2743477	tr	Zwolle
2743493	ru	Звейндрехте
2743590	ru	Де-Вестерен
2743608	ru	Зютфен
2743608	tr	Zutphen
2743619	ru	Зюндерт
2743694	ru	Зёйдхорн
2743949	ru	Зевенар
2743977	ru	Зейст
2743977	tr	Zeist
2744042	ru	Зандвоорт
2744118	ru	Зандам
2744129	ru	Ерсеке
2744194	ru	Вольвега
2744248	ru	Верден
2744332	ru	Винтерсвейк
2744344	ru	Винсхотен
2744514	ru	Вийчен
2744549	ru	Виерден
2744580	ru	Везеп
2744827	ru	Веркендам
2744904	ru	Весп
2744911	ru	Верт
2745088	ru	Вагенинген
2745154	ru	Вюгт
2745321	ru	Воорбург
2745340	ru	Волендам
2745392	ru	Влиссинген
2745641	ru	Венло
2745726	ru	Вегел
2745800	ru	Варссевелд
2745912	az	Utrext
2745912	ru	Утрехт
2745912	tr	Utrecht
2745973	ru	Эйтхорн
2745978	ru	Эйтгест
2746005	ru	Уден
2746133	ru	Тубберген
2746301	ru	Тилбург
2746331	ru	Тил
2746351	ru	Толен
2746420	ru	Тернезен
2747030	ru	Сустерберг
2747034	ru	Зоест
2747063	ru	Снек
2747063	tr	Sneek
2747169	ru	Слидрехт
2747203	ru	Ситтард
274723	az	Halba
274723	ru	Халба
274723	tr	Halba
2747351	az	Hertogenbosch
2747351	ru	Хертогенбос
2747351	tr	's-Hertogenbosch
2747373	ru	Гаага
2747373	tr	Lahey
2747596	ru	Схидам
2747599	ru	Схевенинген
2747720	ru	Схаген
2747751	ru	Сассенхейм
2747891	ru	Роттердам
2747891	tr	Rotterdam
2747930	ru	Розендаль
2748000	ru	Рурмонда
2748172	ru	Риддеркерк
2748178	ru	Рон
2748185	ru	Ренен
2748371	ru	Раалт
2748392	ru	Путтен
2748413	ru	Пюрмеренд
2748729	ru	Папендрехт
274874	ru	Хаббуше
2749017	ru	Аудеркерк-Ан-Де-Амстел
2749164	ru	Ауддорп
2749234	ru	Осс
2749450	ru	Остерхоут
2749503	ru	Остербек
2749644	ru	Олдензал
2749680	ru	Ойстервейк
2749745	ru	Обдам
2749780	ru	Нюнен
2750039	ru	Нейвердал
2750053	ru	Неймеген
2750158	ru	Ньив-Лосдрехт
2750163	ru	Ньив-Леккерланд
2750263	ru	Ньиверкерк-ан-ден-Эйссел
2750467	ru	Недерверт
2750523	ru	Налдвейк
2750630	ru	Монстер
2750884	ru	Мидделхарнис
2750896	az	Middelburg
2750896	ru	Мидделбург
2750896	tr	Middelburg
2750947	ru	Меппел
2751283	az	Maastrixt
2751283	ru	Маастрихт
2751283	tr	Maastricht
2751424	ru	Лоссер
2751547	ru	Лиссе
2751687	ru	Леусден
2751738	az	Lelystad
2751738	ru	Лелистад
2751738	tr	Lelystad
2751771	ru	Лейдердорпе
2751773	ru	Лейден
2751773	tr	Leiden
2751792	az	Leyvarden
2751792	ru	Леуварден
2751792	tr	Leeuwarden
2751801	ru	Лерсюм
2751808	ru	Лердам
2751834	ru	Лек
2751874	ru	Ларен
2752178	ru	Куделстарт
2752409	ru	Кортенхов
2752798	ru	Клазинавен
2752923	ru	Керкраде
2753106	ru	Кампен
2753106	tr	Kampen
2753355	ru	Иссельстейн
2753376	ru	Эймёйден
2753638	ru	Хорн
2753706	ru	Хогезанд
2753719	ru	Хоогевеен
2753996	ru	Хунсбрук
2754007	ru	Хоек ван Холланд
2754064	ru	Хилверсюм
2754408	ru	Хендрик-Идо-Амбахт
2754447	ru	Хелмонд
2754454	ru	Хеллевутслёйс
2754635	ru	Хес
2754652	ru	Хеерлен
2754659	ru	Херхюговард
2754669	ru	Херенвен
2754692	ru	Хемстеде
2754697	ru	Хеемскерк
2754779	ru	Хасселт
2754817	ru	Харлинген
2754817	tr	Harlingen
2754841	ru	Харен
2754861	ru	Харденберге
2754861	tr	Hardenberg
2755003	az	Haarlem
2755003	ru	Харлем
2755003	tr	Haarlem
2755030	ru	Хааксберген
2755251	az	Qroningen
2755251	ru	Гронинген
2755251	tr	Groningen
2755281	ru	Грунло
2755358	ru	Граве
2755420	az	Quda
2755420	ru	Гауда
2755434	ru	Горинхем
2755449	ru	Гоор
2755464	ru	Гоирл
2755476	ru	Гус
2755476	tr	Goes
2755485	ru	Гудереде
2755594	ru	Генемуиден
2755616	ru	Гелен
2755619	ru	Гельдроп
2755633	ru	Гельдермалсен
2755669	ru	Гетруденберг
2755845	ru	Франекер
2756039	ru	Эрмело
2756059	ru	Эпе
2756065	ru	Ентер
2756071	ru	Энсхеде
2756133	ru	Еммер-Компаскюм
2756136	ru	Эммен
2756139	ru	Эммелорд
2756232	ru	Элбург
2756253	az	Eyndhoven
2756253	ru	Эйндховен
2756253	tr	Eindhoven
2756408	ru	Элде
2756429	ru	Эде
2756431	ru	Эдам
2756559	ru	Дронтен
2756644	ru	Драхтен
2756686	ru	Дорн
2756723	ru	Донген
2756759	ru	Доккюм
2756767	ru	Дутинхем
2756888	ru	Димен
2756987	ru	Девентер
2757220	ru	Ден-Хелдер
2757340	ru	Делфзейл
2757345	ru	Делфт
2757838	ru	Дамвальд
2757850	ru	Дальфсен
2757872	ru	Кулемборг
2757937	ru	Куворден
2757991	ru	Кастрикюм
2758012	ru	Капелле-ан-ден-Эйссел
2758064	ru	Бюссюм
2758174	ru	Брюнссуме
2758177	ru	Бруммен
2758401	az	Breda
2758401	ru	Бреда
2758401	tr	Breda
2758460	ru	Бокстел
2758547	ru	Боскоп
2758587	ru	Борссель
2758598	ru	Борне
2758682	ru	Болсвард
2758868	ru	Бларикюм
2758998	ru	Бевервейк
2759113	ru	Бергсенхук
2759145	ru	Берген-оп-Зом
2759145	tr	Bergen op Zoom
2759154	ru	Берген
2759197	ru	Беннеком
2759231	ru	Бемел
2759407	ru	Барневелд
2759426	ru	Барендрехт
2759544	ru	Баан
2759633	az	Assen
2759633	ru	Ассен
2759633	tr	Assen
2759661	az	Arnhem
2759661	ru	Арнем
2759661	tr	Arnhem
2759664	ru	Арнемёйден
2759706	ru	Апелдорн
2759794	ru	Амстердам
2759794	tr	Amsterdam
2759798	ru	Амстелвин
2759821	ru	Амерсфорт
2759887	ru	Алмело
2759899	ru	Алкмаар
2759915	ru	Алблассердам
2760134	ru	Алсмер
2760144	ru	Албюрг
2760523	ru	Цирл
2760634	ru	Целль-ам-Зее
2760854	ru	Вёргль
2760894	ru	Вольфурт
2761353	ru	Винер-Нойштадт
2761354	ru	Винер-Нойдорф
2761369	az	Vyana
2761369	ru	Вена
2761369	tr	Viyana
2761524	az	Wels
2761524	ru	Вельс
2761524	tr	Wels
2761531	ru	Вайц
2761834	ru	Ваттенс
2762150	ru	Фёзендорф
2762290	ru	Форхдорф
2762303	ru	Фомп
2762327	ru	Фойтсберг
2762372	az	Villach
2762372	ru	Филлах
2762372	tr	Villach
2763266	az	Tulln
2763266	ru	Тульн
2763266	tr	Tulln
2763332	ru	Трофайах
276359	ru	Башарри
276359	tr	Bişerri
2763795	ru	Терниц
2763810	ru	Тельфс
2764175	ru	Штрассхоф-ан-дер-Нордбан
2764279	ru	Штоккерау
2764359	ru	Штайр
2764786	ru	Шпитталь-ан-дер-Драу
2764951	ru	Золленау
2764958	ru	Халль-ин-Тироль
2765207	ru	Зайерсберг
2765388	ru	Швехат
2765390	az	Schwaz
2765390	ru	Швац
2765390	tr	Schwaz
2766155	az	Schaerding
2766155	ru	Шердинг
2766155	tr	Schaerding
2766359	az	Sankt Veit an der Glan
2766359	ru	Санкт-Вайт-ан-дер-Глан
2766359	tr	Sankt Veit an der Glan
2766429	az	Sankt-Pyolten
2766429	ru	Санкт-Пёльтен
2766429	tr	Sankt Pölten
2766636	ru	Санкт-Йоханн (Тироль)
2766824	az	Zaltsburq
2766824	ru	Зальцбург
2766824	tr	Salzburg
2766922	ru	Зальфельден-ам-Штайнернен-Меер
2767471	ru	Рид (Инкрайс)
2767511	ru	Ройтте
276781	az	Beyrut
276781	ru	Бейрут
276781	tr	Beyrut
2767974	ru	Ранквайль
2768232	ru	Пуркерсдорф
2768348	ru	Пресбаум
2768582	ru	Пёллау
2768811	ru	Пинкафельд
2769105	az	Perg
2769105	ru	Перг
2769105	tr	Perg
2769110	ru	Перхтольдсдорф
2769623	az	Oberwart
2769623	ru	Оберварт
2769623	tr	Oberwart
2769874	ru	Оберндорф-Зальцбург
2770684	az	Neusiedl am See
2770684	ru	Нойзидль-ам-Зее
2770684	tr	Neusiedl am See
2770750	ru	Нойхофен-на-Кремсе
2770993	ru	Мюрццушлаг
277130	az	Bəəlbək
277130	ru	Баальбек
277130	tr	Baalbek
2771335	ru	Мёдлинг
2771557	ru	Мистель-Бах
2771619	ru	Михельдорф (Верхняя Австрия)
2771814	ru	Маттигхофен
2771817	az	Mattersburg
2771817	ru	Маттерсбург
2771817	tr	Mattersburg
2771940	ru	Мария-Энцерсдорф
2771962	ru	Мархтренк
2772173	ru	Лустенау
277226	az	Baabda
277226	ru	Баабда
277226	tr	Baabda
2772345	ru	Лохау
2772400	az	Linz
2772400	ru	Линц
2772400	tr	Linz
2772480	ru	Лицен
2772505	ru	Линц
2772649	ru	Леобен
2772753	ru	Лайбниц
2772998	ru	Лангенцерсдорф
2773215	ru	Лакирхен
2773229	ru	Лаа-ан-дер-Тайя
2773300	ru	Куфштайн
2773538	ru	Кремсмюнстер
2773549	ru	Кремс-на-Дунае
2773653	ru	Коттингбрунн
2773698	ru	Корнойбург
2773887	ru	Книттельфельд
2773913	ru	Клостернойбург
2774326	az	Klagenfurt am Wörthersee
2774326	ru	Клагенфурт
2774326	tr	Klagenfurt am Wörthersee
2774347	ru	Кицбюэль
2774399	ru	Кирхберг (Тироль)
2774437	ru	Киндберг
2774894	ru	Кальсдорф
2775020	ru	Юденбург
2775093	ru	Енбах
2775220	az	İnsbruk
2775220	ru	Инсбрук
2775220	tr	İnnsbruck
2775307	ru	Имст
2775531	ru	Хёрнбранц
2775541	ru	Хопфгартен-им-Бриксенталь
2775636	ru	Холлабрун
2775742	ru	Хоэнемс
2776951	ru	Халлайн
2776988	ru	Хайнбург-ан-дер-Донау
2777250	ru	Гунтрамсдорф
2777836	ru	Гросэнцерсдорф
2778067	az	Qras
2778067	ru	Грац
2778067	tr	Graz
2778085	ru	Граткорн
2778218	ru	Гётцис
2778436	ru	Гмунден
2778478	ru	Глайсдорф
2778690	ru	Герасдорф-бай-Вин
2778877	ru	Гензерндорф
2778966	ru	Гальнойкирхен
2779115	ru	Фюрстенфельд
2779275	ru	Фрайштадт
2779549	ru	Фишаменд
2779674	az	Feldkirch
2779674	ru	Фельдкирх
2779674	tr	Feldkirch
2780190	az	Ayzenştadt
2780190	ru	Айзенштадт
2780190	tr	Eisenstadt
2780501	ru	Эбрайхсдорф
2780741	ru	Дорнбирн
2781023	ru	Дойчландсберг
2781321	ru	Брун-ам-Гебирге
2781371	ru	Брук-ан-дер-Мур
2781373	ru	Брук-ан-дер-Лайта
2781373	tr	Bruck-Leitha
2781463	ru	Брайтенфурт-бай-Вин
2781503	az	Bregenc
2781503	ru	Брегенц
2781503	tr	Bregenz
2781680	az	Bludenz
2781680	ru	Блуденц
2781680	tr	Bludenz
2781735	ru	Бишофсхофен
2782043	ru	Бад-Вёслау
2782054	ru	Бад-Халль
2782067	ru	Баден
2782106	ru	Аксамс
2782480	ru	Ансфельден
2782555	ru	Амштеттен
2782728	ru	Альтах
2783081	ru	Звейндрехт
2783089	ru	Звевегем
2783175	ru	Зоттегем
2783184	ru	Зоннебеке
2783188	ru	Зонховен
2783274	ru	Земст
2783293	ru	Зеле
2783308	ru	Зедельгем
2783310	ru	Завентем
2783385	ru	Ивуар
2783476	ru	Волюве-Сен-Ламбер
2783612	ru	Вилселе
2783615	ru	Вилрейк
2783632	ru	Виллебрук
2783737	ru	Везембек-Оппем
2783759	ru	Вевельгеме
2783763	ru	Веттерен
2783801	ru	Вестерло
2783820	ru	Вервик
2783856	ru	Веммел
2783870	ru	Велкенрадт
2783941	ru	Вавр
2783979	ru	Ватермаль-Буафор
2783985	ru	Ватерлоо
2784066	ru	Варем
2784068	ru	Варегем
2784092	ru	Ванз
2784189	ru	Валькур
2784555	ru	Виртон
2784604	ru	Вилворде
2784639	ru	Виллер-ле-Буйе
2784775	ru	Вьельсальм
2784804	ru	Вьорне
2784821	ru	Вервье
2785123	ru	Уккел
2785141	ru	Турнхоут
2785169	ru	Тюбиз
2785208	ru	Троо
2785341	ru	Турне
2785364	ru	Торхоут
2785389	ru	Тонгерен
2785470	ru	Тинен
2785476	ru	Тийлт
2785517	ru	Тюэн
2785593	ru	Тё
2785612	ru	Тесендерло
2785622	ru	Тервюрен
2785778	ru	Темсе
2785839	ru	Тамин
2785949	ru	Стромбек-Бевер
2786124	ru	Стенокерзел
2786185	ru	Ставло
2786226	ru	Стаден
2786242	ru	Спримон
2786318	ru	Спа
2786344	ru	Сумань
2786390	ru	Сомбреф
2786420	ru	Суанье
2786545	az	Sent-Trüden
2786545	ru	Синт-Трюйден
2786548	ru	Синт-Стевенс-Волюве
2786559	ru	Синт-Питерс-Леув
2786578	ru	Синт-Никлас
2786616	ru	Синт-Ливенс-Хаутем
2786626	ru	Синт-Лаурейнс
2786641	ru	Синт Кателейне - Вавер
2786697	ru	Синт-Гиллис-бэй-Дендермонде
2786746	ru	Синт Амандс
2786824	ru	Серен
2786852	ru	Сенеф
2786963	ru	Схотен
2787048	ru	Шильде
2787071	ru	Схепдал
2787149	ru	Схарбек
2787356	ru	Санкт-Никола
2787387	ru	Сен-Жосс-тен-Ноде
2787413	ru	Сен-Жиль
2787416	ru	Санкт-Гилене
2787425	ru	Сен-Жорж-сюр-Мёз
2787662	ru	Ротселар
2787769	ru	Ронсе
2787889	ru	Руселаре
2787948	ru	Рошфор
2787989	ru	Риксенсарт
278832	ru	Накура
278832	tr	Nakura
2788444	ru	Кьеврен
2788499	ru	Кареньон
2788506	ru	Пюрс
2788577	ru	Профондвиль
2788726	ru	Поперинге
2788765	ru	Понт-а-Сель
2788849	ru	Пломбьер
2789016	ru	Филиппвиль
278913	az	Nabatiye və Tahta
278913	ru	Набатия и Тахта
278913	tr	Nabatiye ve Tahta
2789162	ru	Перювельз
2789190	ru	Пепенстер
2789354	ru	Пализёль
2789403	ru	Оверпелт
2789413	ru	Оверийсе
2789471	ru	Упе
2789529	ru	Оуденаарде
2789570	ru	Оттиньи
2789745	ru	Остмале
2789751	ru	Осткамп
2789771	ru	Остерзеле
2789786	ru	Остенде
2789794	ru	Остдёйнкерке
2789948	ru	Оеделем
2790101	ru	Нивель
2790114	ru	Нинове
2790451	ru	Насонь
2790471	az	Namur
2790471	ru	Намюр
2790471	tr	Namur
2790595	ru	Мускрон
2790676	ru	Мортсел
2790736	ru	Морсел
2790756	ru	Мон-Сен-Гибер
2790804	ru	Монтиньи-ле-Тийёль
2790869	ru	Монс
2791067	ru	Мол
2791194	ru	Миделкерке
2791261	ru	Мете
2791272	ru	Месанси
2791301	ru	Мерксем
2791315	ru	Мерелбеке
2791343	ru	Менен
2791366	ru	Мелселе
2791424	ru	Мейсе
2791537	ru	Мехелен
2791733	ru	Маршен
2791744	ru	Марш-ан-Фамен
2791814	ru	Манаж
2791857	ru	Мальдегем
2791951	ru	Махелен
2791961	ru	Маасмехелене
2791964	ru	Маасейк
2792073	ru	Лувен-ла-Нев
2792073	tr	Louvain-la-Neuve
2792179	ru	Ломмел
2792196	ru	Локерен
2792226	ru	Лоделинсарт
2792235	ru	Лохристи
2792245	ru	Лоб
2792397	ru	Льер
2792413	ru	Льеж
2792423	ru	Лидекерке
2792482	ru	Лёвен
2792482	tr	Leuven
2792567	ru	Лессин
2793508	ru	Ла-Лувьер
2793548	ru	Ла-Юльп
2794016	ru	Крайнем
2794055	ru	Кортрейк
2794070	ru	Кортенберг
2794117	ru	Контич
2794166	ru	Коксийде
2794190	ru	Кукельберг
2794210	ru	Кнокке-Хейст
2794724	ru	Капелле-оп-ден-Бос
2794730	ru	Капеллене
2794852	ru	Жюрбиз
2794895	ru	Жодуань
2794914	ru	Жет
2794930	ru	Жемеп-сюр-Самбр
2794936	tr	Jemappes
2794981	tr	Jambes
2794989	ru	Жале
2795009	ru	Изегем
2795011	ru	Иксель
2795017	ru	Итр
2795100	ru	Ипр
2795113	ru	Юи
2795398	ru	Хогстратен
2795912	ru	Эрв
2795930	ru	Эрсталь
2796009	ru	Херенталс
2796012	ru	Херент
2796056	ru	Анси
2796153	ru	Хейст Оп Ден Берг
2796491	ru	Хасселт
2796542	ru	Харелбеке
2796583	ru	Анню
2796627	ru	Амуа
2796637	ru	Хамме
2796696	ru	Галле
2796715	ru	Хален
2797114	ru	Гримберген
2797128	ru	Гре-Дуасо
2797417	ru	Гойк
2797517	ru	Гистел
2797581	ru	Жев
2797638	ru	Герардсберген
2797656	ru	Гент
2797656	tr	Gent
2797670	ru	Генк
2797694	ru	Женап
2797713	ru	Гемблуа
2797779	ru	Геел
2797798	ru	Гавере
2797844	ru	Гансхорен
2798023	ru	Фрамерис
2798099	ru	Фос-ла-Виль
2798272	ru	Флоранвиль
2798276	ru	Флорен
2798279	ru	Флореф
2798297	ru	Флерус
2798301	ru	Флерон
2798470	ru	Фарсьен
2798551	ru	Эвергем
2798554	ru	Эвере
2798573	ru	Эйпен
2798578	ru	Эттербек
2798604	ru	Эстемпюи
2798636	ru	Энё
2798652	ru	Ертвелде
2798666	ru	Эркелин
2798743	ru	Анжи
2798747	ru	Анген
2798836	ru	Эльзель
2798949	ru	Эгезе
2798973	ru	Ернегем
2798987	ru	Экло
2799047	ru	Дюрбюи
2799226	ru	Дур
2799357	ru	Динан
2799365	ru	Дилбек
2799397	ru	Дийст
2799416	ru	Диегем
2799496	ru	Дестелберген
2799570	ru	Де Пинте
2799645	ru	Дендермонде
2799746	ru	Дейнзе
2799885	ru	Дамме
2799897	ru	Далем
2800025	ru	Кувен
2800042	ru	Кур Сент Етиен
2800063	ru	Курсель
2800204	ru	Комблен-о-Пон
2800220	ru	Кольфонтен
2800298	ru	Сине
2800325	ru	Шиме
2800328	ru	Шьевр
2800430	ru	Шомон-Жисту
2800438	ru	Шофонтен
2800448	ru	Шатле
2800481	ru	Шарлеруа
2800500	ru	Шапель-лез-Эрлемон
2800866	ru	Брюссель
2800866	tr	Brüksel
2800931	az	Brügge
2800931	ru	Брюгге
2801093	ru	Брее
2801106	ru	Брехт
2801117	ru	Брасхат
2801147	ru	Брев
2801150	ru	Брем-ле-Конт
2801154	ru	Брен-л'Аллё
2801226	ru	Боуссу
2801447	ru	Борнем
2801467	ru	Борглоон
2801471	ru	Боргерхаут
2801471	tr	Borgerhout
2801858	ru	Бланкенберге
2801891	ru	Бисегем
2801922	ru	Бенш
2801924	ru	Билзен
2802031	ru	Беверен
2802106	ru	Бертри
2802135	ru	Берниссар
2802154	ru	Берларе
2802170	ru	Берингене
2802170	tr	Beringen
2802247	ru	Беркем-Сент-Агат
2802292	ru	Белёй
2802433	ru	Берсел
2802483	ru	Бовешен
2802501	ru	Борен
2802583	ru	Бастонь
2802606	ru	Бассанж
2802743	ru	Бален
2802837	ru	Эвай
2802849	ru	Аван
2802960	ru	Одергем
2802990	ru	Обанж
2803010	ru	Ат
2803026	ru	Ассенеде
2803033	ru	Ассо
2803073	ru	Арлон
2803138	az	Antverpen
2803138	ru	Антверпен
2803138	tr	Antwerp
2803144	ru	Антуан
2803160	ru	Анс
2803174	ru	Ане
2803183	ru	Англеур
2803199	ru	Андерлю
2803201	ru	Андерлехт
2803204	ru	Анден
2803246	ru	Аме
2803323	ru	Аисеау
2803429	ru	Ааршот
2803443	ru	Алтер
2803476	ru	Цвёниц
2803515	ru	Цвингенберг
2803537	ru	Цвизель
2803560	ru	Цвиккау
2803560	tr	Zwickau
2803588	ru	Цвенкау
2803620	ru	Цвайбрюккен
2803655	ru	Цусмарсхаузен
2803723	ru	Цюльпих
2803786	ru	Чорлау
2803798	ru	Чопау
2803870	ru	Цоссен
2803884	ru	Цорнединг
2804008	ru	Циттау
2804034	ru	Цирндорф
2804159	ru	Циммерн-об-Ротвайль
280425	ru	Алайх
280425	tr	Aley
2804297	ru	Циренберг
2804642	ru	Цефен
2804646	ru	Цойтен
2804697	ru	Цетель
2804748	ru	Цербст
2804748	tr	Zerbst/Anhalt
2804808	ru	Целлинген
2804810	ru	Целль-им-Визенталь
2804867	ru	Целла-Мелис
2804922	ru	Цайц
2804939	ru	Цайтхайн
2805059	ru	Целендорф
2805075	ru	Цеденик
2805228	ru	Цапфендорф
2805385	az	Ksanten
2805385	ru	Ксантен
2805419	ru	Вутёшинген
2805480	ru	Вустермарк
2805497	ru	Вюстенрот
2805597	ru	Вурцен
2805615	ru	Вюрцбург
2805644	ru	Вюрзелен
2805753	az	Vuppertal
2805753	ru	Вупперталь
2805761	ru	Вунсторф
2805762	ru	Вунзидель
2805910	ru	Вюльфрат
2805999	ru	Врицен
2806081	ru	Вёрт-ам-Райн
2806105	ru	Вёрштадт
2806142	ru	Вормс
2806339	ru	Вольнцах
2806501	ru	Вольгаст
2806646	ru	Вольфшлуген
2806654	ru	Вольфсбург
2806768	ru	Вольфратсхаузен
2806799	ru	Вольфхаген
2806852	ru	Вёльферсхайм
2806914	ru	Вольфенбюттель
2806919	ru	Вольфен
2806946	ru	Вольфах
2807184	az	Vitsenhauzen
2807184	ru	Витценхаузен
2807218	ru	Витмунд
2807240	ru	Виттлих
2807257	ru	Виттинген
2807265	ru	Виттихенау
2807335	ru	Виттенбург
2807344	ru	Виттенберге
2807363	ru	Виттен
2807465	ru	Висмар
2807549	ru	Виргес
2807594	ru	Випперфюрт
2807736	ru	Винтерлинген
2807748	ru	Винтерхуде
2807788	ru	Винтерберг
2807872	az	Vinnenden
2807872	ru	Винненден
2808101	ru	Виндсбах
2808148	ru	Виндишешенбах
2808406	ru	Вильтен
2808436	ru	Вильсдруф
2808461	ru	Вильнсдорф
2808473	ru	Вильмерсдорф
2808493	ru	Вильштет
2808533	ru	Виллингсхаузен
2808544	ru	Виллинген
2808559	az	Villix
2808559	ru	Виллих
2808619	ru	Виллебадессен
2808644	ru	Вилькау-Хаслау
2808649	ru	Вильхермсдорф
2808664	ru	Вильгельмсру
2808720	ru	Вильгельмсхафен
2808747	ru	Вилхелмсбург
2808893	ru	Вильдесхаузен
2809025	ru	Бад-Вильдбад
2809065	ru	Виггенсбах
2809092	ru	Витце
2809100	ru	Витмаршен
2809134	ru	Висмор
2809138	ru	Вислох
2809346	az	Visbaden
2809346	ru	Висбаден
2809346	tr	Wiesbaden
2809517	ru	Виль
2809544	ru	Вифельштеде
2809778	ru	Виккеде
2809889	az	Vetzlar
2809889	ru	Вецлар
2809889	tr	Wetzlar
2809919	ru	Веттринген
2809985	ru	Веттер
2810188	ru	Вестерштеде
2810284	ru	Вестерланд
2810289	ru	Вестеркаппельн
2810413	ru	Вестербург
2810587	ru	Веслинг
2810612	ru	Весселинг
2810678	ru	Везель
2810702	ru	Вертинген
2810710	ru	Вертер
2810716	ru	Вертхайм
2810730	ru	Дюссельдорф-Верстен
2810808	az	Vernigerode
2810808	ru	Вернигероде
2810815	ru	Вернойхен
2810832	ru	Вернек
2810833	ru	Верне
2810840	ru	Вернберг-Кёблиц
2810841	ru	Вернау
2810848	ru	Вермсдорф
2810855	ru	Вермельскирхен
2810860	ru	Верльте
2810878	az	Verl
2810878	ru	Верль
2810919	ru	Вердоль
2810945	ru	Вердер
2810969	ru	Вердау
2811013	ru	Венценбах
281102	ru	Рафах
2811031	ru	Венторф-Хамбург
2811072	ru	Веннигзен
2811204	ru	Вендлинген-ам-Неккар
281124	ru	Хан-Юнис
2811278	ru	Венден
281129	ru	Джабалия
2811292	ru	Вендельштайн
2811317	ru	Вендебург
281133	az	Qəzza
281133	ru	Газа
281133	tr	Gazze
2811342	ru	Вемдинг
2811354	az	Velshaym
2811354	ru	Вельцхайм
2811361	ru	Вельфер
281146	ru	Бейт-Ханун
281146	tr	Beyt Hanun
281148	ru	Бани-Сухайла
281148	tr	Bani Süheyla
2811614	ru	Вайтнау
2811644	ru	Вайтерштадт
2811698	ru	Вайсвассер
2811698	tr	Weißwasser/Oberlausitz
2811837	ru	Вайсентурм
281184	az	Qüds
281184	ru	Иерусалим
281184	tr	Kudüs
2811879	ru	Вайсенхорн
2811899	ru	Вайсенфельс
2811909	ru	Вайсенбург-ин-Байерн
2811909	tr	Weißenburg
2812053	ru	Вайсах
2812071	ru	Вайскирхен
2812086	ru	Вайзендорф
2812158	az	Vaynsberq
2812158	ru	Вайнсберг
2812174	ru	Вайнхайм
2812197	ru	Вайнгартен
2812204	ru	Вайнгартен
2812225	ru	Вайнбёла
2812482	az	Veymar
2812482	ru	Веймар
2812497	ru	Вайльмюнстер
2812502	ru	Вайль-им-Шёнбух
2812509	ru	Вайльхайм-ан-дер-Текк
2812515	ru	Вайльхайм-ин-Обербайерн
2812522	ru	Вайлерсвист
2812625	ru	Вайль-дер-Штадт
2812626	ru	Вайльбург
2812636	ru	Вайль-на-Рейне
2812655	ru	Вайкерсхайм
2813040	ru	Вайден
2813187	ru	Вайсензе
2813216	ru	Верхайм
2813344	ru	Вегшайд
2813390	ru	Вегберг
2813410	ru	Веце
2813433	ru	Венер
2813464	ru	Ведель
2813472	ru	Веддинг
2813635	ru	Ваттеншайд
2813635	tr	Wattenscheid
2813660	ru	Ватлинген
2813700	ru	Вассертрюдинген
2813755	ru	Вассербург-ам-Инн
2813786	ru	Вассенберг
2814005	ru	Варштайн
2814055	ru	Варнемюнде
2814127	ru	Варендорф
2814131	ru	Варен
2814146	ru	Варденбург
2814153	ru	Варбург
2814181	ru	Ванцлебен
2814195	ru	Ванвайль
2814196	ru	Ванзе́
2814270	ru	Ванген-им-Алльгой
2814305	ru	Вандлиц
2814362	ru	Вальтроп
2814392	ru	Вальтерсхаузен
2814445	ru	Вальтенхофен
2814462	ru	Вальсроде
2814599	ru	Валлерсдорф
2814613	ru	Валлерфанген
2814632	ru	Валленхорст
2814667	ru	Вальдюрн
2814670	ru	Вальдорф
2814791	ru	Вальдсхут-Тинген
2814815	ru	Вальдзассен
2814846	ru	Вальдмюнхен
2814851	ru	Вальдмор
2814853	ru	Вальд-Михельбах
2814874	ru	Вальдкрайбург
2814880	ru	Вальдкирхен
2814883	ru	Вальдкирх
2814888	ru	Вальдкаппель
2815032	ru	Вальдфишбах-Бургальбен
2815035	ru	Вальдфойхт
2815076	az	Valdenbux
2815076	ru	Вальденбух
2815101	ru	Вальдек
2815127	ru	Вальдбюттельбрунн
2815137	ru	Вальдбрёль
2815328	ru	Вайбштадт
2815330	az	Vayblingen
2815330	ru	Вайблинген
2815392	ru	Вальштедт
2815484	ru	Вагинг-ам-Зе
2815487	ru	Вагхойзель
2815523	ru	Вагенфельд
2815559	ru	Вадгассен
2815563	ru	Вадерсло
2815565	ru	Вадерн
2815642	ru	Вехтерсбах
2815651	ru	Вахтендонк
2815678	ru	Вахтберг
281577	ru	Тулькарм
281577	tr	Tulkarim
2815804	ru	Вакирхен
2815824	ru	Фреден
2816607	ru	Фолксдорф
2816616	ru	Фолькмарзен
2816630	ru	Фёльклинген
2816702	ru	Фольках
2816769	ru	Фёль
2816770	ru	Фоэнштраус
2816776	ru	Фобург-ан-дер-Донау
2817065	ru	Ферде
2817105	ru	Флото
2817130	ru	Виссельхёведе
2817139	ru	Фисбек
2817207	ru	Фильзек
2817209	ru	Фильсбибург
2817217	ru	Фильмар
2817220	ru	Виллинген-Швеннинген
2817220	tr	Villingen Schwenningen
2817311	ru	Фирзен
2817324	ru	Фирнхайм
2817394	ru	Финенбург
2817483	ru	Фихтах
2817506	ru	Фетвайс
2817537	ru	Ферсмольд
2817576	ru	Ферль
2817599	ru	Ферден
2817674	ru	Фельтен
2817704	ru	Фелен
2817719	ru	Фельден
2817722	ru	Фельбург
2817724	ru	Фельберт
2817733	ru	Файтсхёххайм
2817736	ru	Файтсбронн
2817812	ru	Фехта
2817813	ru	Фехельде
2817818	ru	Фатерштеттен
2817873	ru	Фарель
2817909	ru	Фаллендар
2817927	ru	Файинген-ан-дер-Энц
2818067	ru	Итерзен
2818094	ru	Услар
2818097	ru	Узинген
2818246	ru	Бад-Урах
2818766	ru	Унтершлайсхайм
2819399	ru	Лихтенштайн-Унтерхаузен
2819465	ru	Унтерхахинг
2819479	ru	Унтергруппенбах
2819497	ru	Унтергрисбах
2819568	ru	Унтерфёринг
2820087	ru	Унна
2820190	ru	Умкирх
2820256	ru	Ульм
2820407	ru	Уинген
2820423	ru	Уффенхайм
2820436	ru	Юце
2820456	ru	Ильцен
2820458	ru	Ильзен
2820465	ru	Удем
2820471	ru	Иккермюнде
2820577	ru	Иберлинген
2820583	ru	Иберхерн
2820621	ru	Ибах-Паленберг
2820643	ru	Твистринген
2820692	ru	Тутцинг
2820693	ru	Тутлинген
2820752	ru	Тюркхайм
2820775	ru	Тунтенхаузен
2820860	ru	Тюбинген
2820860	tr	Tübingen
2820973	ru	Троссинген
2821029	ru	Тройсдорф
2821065	ru	Трохтельфинген
2821085	ru	Триттау
2821164	ru	Трир
2821164	tr	Trier
2821216	ru	Триберг-им-Шварцвальд
2821248	ru	Тройенбрицен
2821251	ru	Тройен
2821254	ru	Тройхтлинген
2821336	ru	Трендельбург
2821395	ru	Треффурт
2821465	ru	Треббин
2821480	ru	Травемюнде
2821515	ru	Траунштайн
2821517	ru	Траунройт
2821690	ru	Трабен-Трарбах
2821736	ru	Тоштедт
2821779	ru	Торнеш
2821802	ru	Торгелов
2821807	ru	Торгау
2821878	ru	Тённинг
2821899	ru	Тёнисфорст
2821963	ru	Тёгинг-на-Инне
2821975	ru	Тодтнау
2822073	ru	Тиц
2822075	ru	Титмонинг
2822083	ru	Титизее-Нойштадт
2822100	ru	Тиршенройт
2822160	ru	Тиммендорфер-Штранд
2822224	ru	Тиргартен
282239	az	Ramallah
282239	ru	Рамалла
282239	tr	Ramallah
2822401	ru	Тифенброн
2822595	ru	Тум
2822713	ru	Толай
2822939	ru	Тарандт
2823044	ru	Тальмессинг
2823081	ru	Тальхайм
2823141	ru	Тале
2823230	ru	Тойченталь
2823360	ru	Тойблиц
2823368	ru	Тетнанг
2823398	ru	Тетеров
2823504	ru	Тенинген
2823533	ru	Темплин
2823538	ru	Темпельхоф
2823567	ru	Тельтов
2823590	az	Telqte
2823590	ru	Тельгте
2823611	ru	Тайзендорф
2823708	ru	Тегель
2823728	az	Teklenburq
2823728	ru	Теккленбург
2823799	ru	Таунусштайн
2823810	ru	Тауфкирхен
2823812	ru	Тауфкирхен
2823836	ru	Тауха
2823854	ru	Таубербишофсхайм
2824254	ru	Тангермюнде
2824255	ru	Тангерхютте
2824284	ru	Тамм
2824420	ru	Тахертинг
2824461	ru	Зике
2824545	ru	Зюсен
2824564	ru	Зюзель
282457	ru	Калькилия
2824655	ru	Зундерн
2824801	ru	Зульцбах-Розенберг
2824804	ru	Зульцбах-ан-дер-Мурр
2824806	ru	Зульцбах-на-Майне
2824837	ru	Зульцбах
2824841	ru	Зульцбах
2824855	ru	Зульц-ам-Неккар
2824902	ru	Зулинген
2824948	ru	Зуль
2824998	ru	Зюдлон
2825297	az	Ştutqart
2825297	ru	Штутгарт
2825297	tr	Stuttgart
2825429	ru	Штюлинген
2825638	ru	Штруллендорф
2826082	ru	Штраусберг
2826099	ru	Штраубинг
282615	ru	Наблус
2826287	ru	Штральзунд
2826304	ru	Штрален
2826403	ru	Шторков
2826503	ru	Штольценау
2826532	ru	Штольпен
2826584	ru	Штольберг
2826595	ru	Штольберг
2826909	ru	Штоках
2827166	ru	Штайерберг
2827406	ru	Штефанскирхен
2827479	ru	Стендаль
2827989	ru	Штайнхайм-ам-Альбух
2827990	ru	Штайнхайм
2828105	az	Ştaynfurt
2828105	ru	Штайнфурт
2828136	ru	Штайнфельд
2828206	ru	Штайненброн
2828723	ru	Штайнбах-Халленберг
2828871	ru	Штайнау-ан-дер-Штрасе
2829109	ru	Штеглиц
2829145	ru	Штегаурах
2829422	ru	Штасфурт
2829457	ru	Штарнберг
2829657	ru	Штансдорф
2829701	ru	Бад-Штаффельштайн
2829750	ru	Штадтрода
2829753	ru	Штадтольдендорф
2829758	ru	Штадтлон
2829765	ru	Штадтильм
2829777	ru	Штадтхаген
2829790	ru	Штадтберген
2829804	ru	Штадталлендорф
2829901	ru	Штаде
2829998	ru	Шпрокхёфель
2830035	ru	Шпринге
2830452	ru	Шпизен-Эльверсберг
2830582	ru	Шпайер
2830652	ru	Шпелле
2830670	ru	Шпайхерсдорф
2830829	ru	Шпангенберг
2830849	ru	Шпальт
2830851	ru	Шпайхинген
2830880	ru	Зотрум
2831083	ru	Зонтра
2831088	ru	Зонтхофен
2831105	ru	Зонсбек
2831239	ru	Зоннефельд
2831250	ru	Зоннеберг
2831276	ru	Зондерсхаузен
2831403	ru	Зёммерда
2831486	ru	Зольтау
2831580	ru	Золинген
2831580	tr	Solingen
2831671	ru	Зёльде
2831699	ru	Зёгель
2831708	ru	Зоест
2831736	ru	Бад-Зобернхайм
2831802	ru	Зиттензен
2831847	ru	Зинцинг
2831852	ru	Зинциг
2831853	ru	Зинцхайм
2831872	ru	Зинсхайм
2831896	ru	Зинн
2831924	ru	Зинген
2831948	az	Zindelfingen
2831948	ru	Зиндельфинген
2832013	ru	Зиммерн
2832023	ru	Зиммерат
2832043	ru	Зимбах-ам-Инн
2832232	ru	Зигмаринген
2832424	ru	Зигсдорф
2832495	ru	Зиген
2832521	az	Ziqburq
2832521	ru	Зигбург
2832939	ru	Зерсхайм
2833073	ru	Зенфтенберг
2833170	ru	Зельм
2833242	ru	Зелигенштадт
2833296	ru	Зельб
2833475	ru	Зенде
2833564	ru	Зеветаль
2833592	ru	Зезен
2833641	ru	Зельце
2833651	ru	Зелов
2834102	ru	Зебниц
2834226	ru	Швибердинген
2834240	ru	Шветцинген
2834265	ru	Шверте
2834282	az	Şverin
2834282	ru	Шверин
2834282	tr	Schwerin
2834372	ru	Швельм
2834498	ru	Швайнфурт
2834594	ru	Швайх
2834740	ru	Шварцхайде
2834945	ru	Шварценфельд
2834955	ru	Шварценбрук
2834978	ru	Шварценберг
2835013	ru	Шварценбек
2835018	ru	Шварценбах-ан-дер-Зале
283506	ru	Дженин
2835220	ru	Швармштедт
2835260	ru	Шваневеде
2835345	ru	Швальмштадт
2835381	ru	Швальбах
2835385	ru	Швайкхайм
2835411	ru	Швайгерн
2835421	ru	Швайг
2835477	ru	Швабмюнхен
2835482	ru	Швебиш-Гмюнд
2835537	ru	Швабах
2835542	ru	Шван
2835587	ru	Шютторф
2835596	ru	Шуттервальд
2835635	ru	Бад-Шуссенрид
2835787	ru	Шульцендорф
2836040	ru	Шроцберг
2836084	ru	Шробенхаузен
2836089	ru	Шрисхайм
2836203	ru	Шрамберг
2836251	ru	Шоттен
2836282	ru	Шортенс
2836320	ru	Шорндорф
2836390	ru	Шёппинген
2836396	ru	Шёппенштедт
2836413	ru	Шопфхайм
2836455	ru	Шонунген
2836532	ru	Шёнкирхен
2836543	ru	Шёнинген
2836581	ru	Шёнхайде
2836616	ru	Шонгау
2836761	ru	Шёнефельд
2836809	ru	Шёнебек (Эльба)
2837085	ru	Шёнау-ам-Кёнигсзе
2837093	ru	Шёнайх
2837134	ru	Шёльнах
2837291	ru	Шнефердинген
2837470	ru	Шнеберг
2837572	ru	Шнайттах
2837652	ru	Шмёльн
2837706	ru	Шмиттен
2838053	ru	Шмалленберг
2838059	ru	Шмалькальден
2838167	ru	Шлюссельфельд
2838201	ru	Шлюхтерн
2838459	ru	Шлиц
2838502	ru	Шлирзе
2838534	ru	Шлинген
2838600	ru	Шлойзинген
2838634	ru	Шлезвиг
2838673	ru	Шлайц
2838744	ru	Шлайден
2838918	ru	Шлангенбад
2839010	ru	Шладен
2839050	ru	Шкойдиц
2839101	ru	Шипкау
2839316	ru	Шифвайлер
2839335	ru	Шифферштадт
2839345	ru	Шифдорф
2839393	ru	Ширлинг
2839674	ru	Шермбек
2839819	ru	Шеллертен
2839888	ru	Шельклинген
2840070	ru	Шессель
284011	ru	Дуры
2840393	ru	Шарбойц
2840526	ru	Шальштадт
2840555	ru	Шальксмюле
2840634	ru	Шефтларн
2841039	ru	Шафхайм
2841178	ru	Зауэрлах
2841290	ru	Заттельдорф
2841351	az	Zassenberq
2841351	ru	Зассенберг
2841386	ru	Зарштедт
2841463	ru	Санкт-Вендель
2841648	ru	Санкт-Августин
2841693	ru	Зангерхаузен
2841835	ru	Зандхаузен
2842109	ru	Зальцвег
2842112	ru	Зальцведель
2842131	ru	Зальцкоттен
2842143	ru	Зальцхеммендорф
2842150	ru	Зальцгиттер
2842175	ru	Зальцберген
2842331	ru	Залах
2842441	ru	Зарбек
2842621	ru	Саарвеллинген
2842632	ru	Саарлуисе
2842644	ru	Саарбург
2842647	az	Zaarbrükken
2842647	ru	Саарбрюккен
2842647	tr	Saarbrücken
2842688	ru	Заальфельд
2842816	ru	Рютен
2842884	ru	Рюссельсхайм
284294	tr	Beytunya
2842960	ru	Руппихтерот
2843042	ru	Рункель
284315	ru	Вифлеем
284315	tr	Betlehem
2843203	ru	Рупольдинг
2843258	ru	Рула
2843355	ru	Рудольштадт
2843395	ru	Рюдесхайм-ам-Райн
2843415	ru	Рудерсберг
2843636	ru	Ротвайль
2843682	ru	Роттальмюнстер
2843724	ru	Роттендорф
2843728	ru	Роттенбург-ан-дер-Лабер
2843775	ru	Роттах-Эгерн
2843965	ru	Ротербаум
2844056	ru	Ротенбург-об-дер-Таубер
2844126	ru	Рётенбах-ан-дер-Пегниц
2844265	ru	Рота
2844277	ru	Рётген
2844434	ru	Ротенбург-на-Фульде
2844437	ru	Ротенбург
2844567	ru	Рот-ам-Зе
2844588	az	Rostok
2844588	ru	Росток
2844604	ru	Росвайн
2844616	ru	Росталь
2844651	ru	Рослебен
2844654	ru	Рослау
2844862	ru	Рёсрат
2844910	ru	Розенталь
2844988	ru	Розенхайм
2845131	ru	Росдорф
2845160	ru	Росбах-фор-дер-Хёэ
2845222	ru	Ронненберг
2845229	ru	Роннебург
2845273	ru	Роммерскирхен
2845565	ru	Рёрмос
2845919	ru	Рёдингхаузен
2845924	ru	Родинг
2845953	ru	Родевиш
2846040	ru	Роденберг
2846158	ru	Родальбен
2846229	ru	Роккенхаузен
2846261	ru	Рохлиц
2846398	ru	Риттерхуде
2846455	ru	Рисен
2846523	ru	Ринтельн
2846722	ru	Римпар
2846843	ru	Ритберг
2846939	ru	Риза
2847003	ru	Рилазинген-Ворблинген
2847033	ru	Ригельсберг
2847080	ru	Ридлинген
2847195	ru	Ридеринг
2847231	ru	Риденбург
2847524	ru	Рибниц-Дамгартен
2847586	ru	Рёрт
2847612	ru	Райнсберг
2847639	ru	Райнфельден
2847645	ru	Райн
2847666	ru	Райнбах
2847689	az	Rede
2847689	ru	Реде
2847690	ru	Ред-Виденбрюк
2847736	ru	Ройтлинген
2848110	ru	Реппенштедт
2848175	ru	Реннинген
2848181	ru	Реннертсхофен
2848245	ru	Рендсбург
2848251	ru	Ренхен
2848273	az	Remşayd
2848273	ru	Ремшайд
2848273	tr	Remscheid
2848335	ru	Ремаген
2848340	ru	Реллинген
2848543	ru	Райскирхен
2848621	ru	Райсбах
2848762	az	Raynhaym
2848762	ru	Райнхайм
2848811	ru	Райнфельд
2848845	ru	Райнбек
2848867	ru	Райлинген
284899	az	Arişa
284899	ru	Иерихон
284899	tr	Eriha
2849017	ru	Райхертсхофен
2849118	ru	Райхенбах-на-Фильсе
2849371	ru	Ребург-Локкум
2849446	ru	Рехау
2849476	ru	Регенштауф
2849483	ru	Регенсбург
2849483	tr	Regensburg
2849495	ru	Реген
2849548	ru	Рес
2849647	ru	Реклингхаузен
2849647	tr	Recklinghausen
2849740	ru	Рехбергхаузен
2849802	ru	Равенсбург
2849913	ru	Раунхайм
2850085	ru	Раублинг
2850132	ru	Ратцебург
2850174	ru	Ратинген
2850213	ru	Ратенов
2850235	ru	Ратекау
2850253	ru	Растеде
2850257	ru	Раштатт
2850425	ru	Ранштадт
2850490	ru	Рангсдорф
2850496	ru	Рангендинген
2850536	ru	Рамштайн-Мизенбах
285066	az	Əl Xəlil
285066	ru	Хеврон
285066	tr	El Halil
2850777	ru	Райсдорф
2850872	ru	Ралштет
2850887	ru	Раден
2850942	ru	Расфельд
2850954	ru	Радольфцелль
2850995	ru	Радеформвальд
2851074	ru	Радебург
2851077	ru	Радебойль
2851079	ru	Радеберг
285108	ru	Аль-Бира
285111	ru	Вифания (Лазаря)
2851337	ru	Квиршид
2851343	ru	Квикборн
2851393	ru	Кверфурт
2851465	ru	Кведлинбург
2851523	ru	Квакенбрюк
2851543	ru	Пирбаум
2851584	ru	Пютлинген
2851719	ru	Пульсниц
2851739	ru	Пуллах-им-Изарталь
2851746	ru	Пульхайм
2851782	ru	Пуххайм
2851826	ru	Прюм
2851962	ru	Прицвальк
2852101	ru	Прин-ам-Кимзе
2852144	ru	Пройсиш-Ольдендорф
2852217	ru	Пренцлауэр-Берг
2852218	ru	Пренцлау
2852233	ru	Премниц
2852280	ru	Прец
2852422	ru	Пётмес
2852458	az	Potsdam
2852458	ru	Потсдам
2852458	tr	Potsdam
2852512	ru	Пёснек
2852673	ru	Попенбител
2852772	ru	Поммельсбрунн
2852909	ru	Польх
2853065	ru	Поккинг
2853066	ru	Пёккинг
2853107	ru	Плюдерхаузен
2853162	ru	Плён
2853180	ru	Плохинген
2853192	ru	Плицхаузен
2853209	ru	Плеттенберг
2853260	ru	Плайнфельд
2853266	ru	Плайдельсхайм
2853292	ru	Плауэн
2853292	tr	Plauen
2853297	ru	Плау-ам-Зе
2853310	ru	Платлинг
2853435	ru	Планкштадт
2853463	ru	Планег
2853471	ru	Плайдт
2853572	ru	Пирна
2853574	ru	Пирмазенс
2853658	ru	Пиннеберг
2853691	ru	Пильстинг
2853855	ru	Пидинг
2853907	ru	Филипсбург
2853924	ru	Пфунгштадт
2853928	ru	Пфуллинген
2853930	ru	Пфуллендорф
2853949	ru	Пфронтен
2853961	ru	Пфраймд
2853969	ru	Пфорцхайм
2854152	ru	Пфедельбах
2854179	ru	Пфаркирхен
2854252	ru	Пфальцграфенвайлер
2854384	ru	Пфаффенхофен-ан-дер-Рот
2854386	ru	Пфаффенхофен-ан-дер-Ильм
2854646	ru	Петерсхаузен
2854655	ru	Петерсхаген
2854737	ru	Петерзаурах
2854848	ru	Перлеберг
2854923	ru	Пенцберг
2854928	ru	Пентлинг
2854967	ru	Пениг
2855024	ru	Пайц
2855025	ru	Пайтинг
2855029	ru	Пайсенберг
2855047	ru	Пайне
2855065	ru	Пегниц
2855243	ru	Паттензен
2855328	ru	Пассау
2855337	ru	Пазевальк
2855388	ru	Парсберг
2855441	ru	Пархим
2855525	ru	Папенбург
2855598	ru	Панков
2855745	ru	Падерборн
2855745	tr	Paderborn
2855794	ru	Ойтен
2855859	ru	Оверат
2855881	ru	Овельгённе
2855917	ru	Отвайлер
2855935	ru	Оттобрунн
2855937	ru	Оттобойрен
2855984	ru	Оттерсвайер
2856014	ru	Оттерсберг
2856024	ru	Оттерндорф
2856042	ru	Оттерберг
2856075	ru	Отензен
2856107	ru	Оттендорф-Окрилла
2856163	ru	Отмаршен
2856184	ru	Остштайнбек
2856198	ru	Бинц
2856207	ru	Эстринген
2856213	ru	Остраудерфен
2856222	ru	Острах
2856278	ru	Остхофен
285629	az	Havalli
285629	ru	Хавалли
285629	tr	Havalli
2856390	ru	Остеррёнфельд
2856500	ru	Остерхольц-Шармбек
2856530	ru	Остерхофен
2856629	ru	Остеркаппельн
285663	ru	Баян
2856637	ru	Остербуркен
2856639	ru	Остербург
2856816	ru	Остбеверн
2856883	ru	Оснабрюк
2856930	ru	Ошерслебен
2856944	ru	Ошац
2857011	ru	Ортенбург
2857075	ru	Эрленбах
2857129	ru	Ораниенбург
2857167	ru	Оппенхайм
2857185	ru	Опладен
2857291	ru	Ольсберг
2857306	ru	Ольпе
2857363	ru	Ольфен
2857451	ru	Ольденбург-ин-Хольштайн
2857458	ru	Ольденбург
2857472	ru	Ольхинг
2857481	ru	Ольберсдорф
2857484	ru	Ольбернхау
2857565	ru	Эринген
2857752	ru	Офтерсхайм
2857798	ru	Оффенбург
2857803	ru	Оффенбах-ан-дер-Квайх
2857807	ru	Оффенбах
2857847	ru	Эттинген-ин-Байерн
285787	ru	Эль-Кувейт
2857900	ru	Эрлингхаузен
2857904	az	Or-Erkenşvik
2857904	ru	Ор-Эркеншвик
2857943	ru	Ольде
2857967	ru	Эдхайм
2857970	ru	Эдеран
2857985	ru	Эбисфельде-Веферлинген
285799	az	Əl-Cahra
285799	ru	Эль-Джахра
285799	tr	El Chra
2858103	ru	Оденталь
285815	az	Əl-Farvaniya
285815	ru	Эль-Фарвания
285815	tr	El Farvaniye
2858245	az	Oxtrup
2858245	ru	Охтруп
2858253	ru	Охтендунг
2858326	ru	Оксенхаузен
2858333	ru	Оксенфурт
285839	az	Əl-Ahmadi
285839	ru	Эль-Ахмади
285839	tr	El Ahmedi
2858729	ru	Оберфихтах
2858763	ru	Обертсхаузен
2858773	ru	Обертраублинг
2858787	ru	Обертульба
2858906	ru	Оберстенфельд
2858964	ru	Оберстдорф
2858966	ru	Оберштауфен
2859147	ru	Обершлайсхайм
2859380	ru	Обер-Рамштадт
2859532	ru	Обернкирхен
2859675	ru	Обернбург-ам-Майн
2859739	ru	Обер-Мёрлен
2859843	ru	Оберлунгвиц
2860021	ru	Оберкотцау
2860049	ru	Оберкохен
2860080	ru	Оберкирх
2860400	ru	Оберхаузен-Райнхаузен
2860410	az	Oberhauzen
2860410	ru	Оберхаузен
2860410	tr	Oberhausen
2860525	ru	Оберхахинг
2860540	ru	Обергюнцбург
2861096	ru	Обердинг
2861116	ru	Обердердинген
2861232	ru	Обербойхинген
2861402	ru	Оберасбах
2861422	ru	Обераммергау
2861579	ru	Нуслох
2861632	ru	Нюртинген
2861650	az	Nürnberq
2861650	ru	Нюрнберг
2861650	tr	Nuremberg
2861671	ru	Нюнхриц
2861677	ru	Нюмбрехт
2861690	ru	Нуфринген
2861733	ru	Ноттульн
2861788	ru	Носсен
2861801	ru	Нёрфених
2861804	ru	Норторф
2861814	ru	Нортхайм
2861817	ru	Нёртен-Харденберг
2861847	ru	Нордвальде
2861866	ru	Нордштеммен
2861914	ru	Нёрдлинген
2861923	ru	Нордкирхен
2861934	ru	Нордхорн
2861939	ru	Нордхольц
2861973	ru	Нордхайм
2861982	ru	Нордхаузен
2862026	ru	Нордерштедт
2862026	tr	Norderstedt
2862104	ru	Норденхаме
2862118	ru	Норден
2862174	ru	Нонвайлер
2862294	ru	Нофельден
2862347	ru	Ниттендорф
2862348	ru	Ниттенау
2862423	ru	Николасзе
286245	az	Sur
286245	ru	Сур
286245	tr	Sur
2862460	ru	Ниски
2862606	ru	Ниндорф
2862620	ru	Нинбург
2862675	ru	Нихайм
2862698	ru	Нидерцир
2862724	ru	Нидервиза
2862733	ru	Нидерверн
286282	az	Sohar
286282	ru	Сухар
286282	tr	Sahar
2862831	ru	Нидерштеттен
2862888	ru	Нидершёнхаузен
2863014	ru	Нидер-Ольм
2863046	ru	Нидернхаузен
2863199	ru	Нидеркрюхтен
2863223	ru	Нидеркассель
2863401	ru	Нидергёрсдорф
2863441	ru	Нидерфишбах
2863457	ru	Нидерэшах
2863638	ru	Нидераула
2863652	ru	Ашау-им-Кимгау
2863685	ru	Ниденштайн
2863696	ru	Нибюлль
2863711	ru	Нидегген
2863712	ru	Ниддерау
2863716	ru	Нидда
2863795	ru	Ной-Вульмсторф
2863840	ru	Нойвид
2863941	ru	Ной-Ульм
2863953	ru	Нойтраублинг
2864005	ru	Нойштрелице
2864034	ru	Нойштадт
2864036	ru	Нойштадт-Глеве
2864053	ru	Нойштадт-бай-Кобург
2864054	ru	Нойштадт-ан-дер-Вайнштрассе
2864055	ru	Нойштадт-на-Вальднабе
2864056	ru	Нойштадт-ан-дер-Донау
2864057	ru	Нойштадт-ан-дер-Айш
2864058	ru	Нойштадт-ам-Рюбенберге
2864072	ru	Нойштадт
2864089	ru	Нойштадт
2864091	ru	Нойштадт
2864118	ru	Нойс
2864252	ru	Нойзес
2864276	ru	Нойруппин
2864387	ru	Нойэттинг
2864425	ru	Нойнкирхен
2864435	ru	Нойнкирхен
2864468	ru	Нойнбург-форм-Вальд
2864475	ru	Ноймюнстер
2864547	ru	Ноймаркт-Санкт-Файт
2864549	ru	Ноймаркт
2864577	ru	Нойлусхайм
2864771	ru	Нойкирх
2864820	ru	Ной-Изенбург
2865086	ru	Нойхаузен-ауф-ден-Фильдерн
2865133	ru	Нойхаус-на-Ренвеге
2865293	ru	Нойгерсдорф
2865341	az	Noyffen
2865341	ru	Нойффен
2865376	ru	Нойфарн-Фрайзинг
2865560	ru	Нойенштадт-ам-Кохер
2865592	ru	Нойенраде
2865692	ru	Нойенхаус
2865798	ru	Нойендеттельзау
2865812	ru	Нойенбюрг
2865813	ru	Нойенбург-ам-Райн
2866022	ru	Нойденау
2866070	ru	Нойбург-ан-дер-Донау
2866086	ru	Нойбулах
2866135	ru	Нойбранденбурге
2866174	ru	Нойбиберг
286621	az	Salalah
286621	ru	Салала
286621	tr	Salalah
2866280	ru	Ной-Анспах
2866333	ru	Неттеталь
2866336	ru	Неттерсхайм
2866375	ru	Нетфен
286647	ru	Салам
2866473	ru	Нерзинген
2866486	ru	Нересхайм
2866755	ru	Неккартенцлинген
2866758	az	Nekkarzulm
2866758	ru	Неккарзульм
2866774	ru	Неккаргемюнд
2866861	ru	Наунхоф
2866905	ru	Наумбург
2866906	ru	Наумбург
2866917	ru	Наухайм
2866930	ru	Науэн
2866942	ru	Наттхайм
2867112	ru	Нандльштадт
2867120	ru	Намборн
2867127	ru	Нальбах
2867138	ru	Найла
2867164	ru	Нагольд
2867229	ru	Наккенхайм
2867252	ru	Нахродт-Виблингверде
2867262	ru	Наббург
2867310	ru	Муттерштадт
2867335	ru	Мутланген
2867431	ru	Мурхардт
2867445	ru	Мурнау-ам-Штаффельзее
2867492	ru	Мюнценберг
2867542	ru	Мунстер
2867543	ru	Мюнстер
2867543	tr	Münster
2867560	ru	Мюнзинген
2867571	ru	Мюннерштадт
2867608	ru	Мундеркинген
2867714	az	Münhen
2867714	ru	Мюнхен
2867714	tr	Münih
2867723	ru	Мюнхеберг
2867726	ru	Мюнхберг
2867753	ru	Мюльзен
2867770	ru	Мюльхайм
2867838	ru	Мюльхайм-на-Руре
2867838	tr	Mülheim an der Ruhr
2867985	ru	Мюльхайм-ам-Майн
2867996	ru	Мюльхаузен
2868004	ru	Мюльхаузен
2868788	ru	Мюлаккер
2868807	ru	Муггенстурм
2868861	ru	Мюден
2868867	ru	Мудау
2868933	ru	Мюхельн
2869019	ru	Мёссинген
2869120	ru	Мосбах
2869196	ru	Морсбах
2869221	ru	Мёрленбах
2869257	ru	Моринген
2869361	ru	Мозиннинг
2869746	ru	Монтабаур
2869756	ru	Моншау
286987	az	Nizva
286987	ru	Низва
286987	tr	Nizwa
2869894	ru	Мёнхенгладбах
2869894	tr	Mönchengladbach
2869934	ru	Мёмлинген
2869936	ru	Мёмбрис
2869994	ru	Мёльн
2870079	ru	Мольфзе
2870094	ru	Мольберген
2870194	ru	Мёглинген
2870221	ru	Мерс
2870266	ru	Мокрена
2870269	ru	Мёкмюль
2870278	ru	Мёккерн
2870310	ru	Моабит
2870318	ru	Митвайда
2870355	ru	Миттертайх
2870481	ru	Миттенвальде
2870482	ru	Миттенвальд
2870490	ru	Миттенар
2871039	ru	Минден
2871045	ru	Миндельхайм
2871079	ru	Мильтенберг
2871198	ru	Мисбах
2871279	ru	Михендорф
2871284	ru	Михельштадт
2871437	ru	Мойзельвиц
2871486	ru	Метцинген
2871535	ru	Меттман
2871540	ru	Меттинген
2871591	ru	Метелен
2871609	ru	Месскирх
2871668	ru	Мешеде
2871675	ru	Мерциге
2871736	ru	Мерзебург
2871813	ru	Меринг
2871832	ru	Мерхвайлер
2871845	ru	Меппен
2871950	ru	Менгофен
2871953	ru	Менгерскирхен
2871964	ru	Менген
2871979	ru	Мендиг
2871983	ru	Менден
2871992	ru	Мемминген
2872003	ru	Меммельсдорф
2872028	ru	Мельзунген
2872047	ru	Мельрихштадт
2872079	ru	Мелле
2872100	ru	Мельдорф
2872126	ru	Майтинген
2872155	ru	Мейсен
2872225	ru	Майнинген
2872237	ru	Майнерцхаген
2872347	tr	Meiderich/Beeck
2872486	ru	Мерсбург
2872504	ru	Мербуш
2872519	ru	Меране
2872557	ru	Медебах
2872580	ru	Меккесхайм
2872582	ru	Меккенхайм
2872585	ru	Меккенбойрен
2872611	ru	Мехерних
2872649	ru	Майен
2872670	ru	Максхютте-Хайдхоф
2872686	ru	Максдорф
2872777	ru	Маульбронн
287286	ru	Маскат
287286	tr	Maskat
2873211	ru	Марсберг
2873224	ru	Марпинген
2873263	ru	Марль
2873285	ru	Маркт-Швабен
2873289	ru	Марктредвиц
2873291	ru	Марктобердорф
2873300	ru	Маркт-Индерсдорф
2873301	ru	Марктхайденфельд
2873304	ru	Маркт-Эрльбах
2873331	ru	Маркранштедт
2873340	ru	Маркнойкирхен
2873352	ru	Марклеберг
2873369	ru	Маркгрёнинген
2873427	ru	Маркдорф
2873574	ru	Мариенхайде
2873589	ru	Мариенфельде
2873606	ru	Мариендорф
2873632	ru	Мариенберг
2873759	ru	Марбург
2873759	tr	Marburg
2873776	ru	Марбах-ам-Неккар
2873891	ru	Мангейм
2873891	tr	Mannheim
2873992	ru	Манхинг
2874111	ru	Маленте
2874122	ru	Мальхов
2874131	ru	Мальхин
2874225	az	Mayns
2874225	ru	Майнц
2874225	tr	Mainz
2874230	ru	Майнталь
2874239	ru	Майнлойс
2874246	ru	Майнхардт
2874252	ru	Майнбург
2874263	ru	Майнашаф
2874509	ru	Магштадт
2874545	az	Maqdeburq
2874545	ru	Магдебург
2874545	tr	Magdeburg
2874642	ru	Махерн
2874919	ru	Лютенбург
2875067	ru	Лунценау
2875107	ru	Люнен
2875115	ru	Люнебург
2875282	ru	Люгде
2875286	ru	Лугау
2875343	ru	Людвигслюст
2875376	az	Lüdviqshafen
2875376	ru	Людвигсхафен-на-Рейне
2875379	ru	Людвигсфельде
2875392	az	Lüdviqsburq
2875392	ru	Людвигсбург
2875392	tr	Ludwigsburg
2875417	ru	Людингхаузен
2875457	ru	Люденшайд
2875484	ru	Луккенвальде
2875509	ru	Луккау
2875542	ru	Люхов
2875558	ru	Любц
2875601	ru	Любек
2875601	tr	Lübeck
2875623	ru	Люббенау
2875625	ru	Люббен
2875626	ru	Люббекке
2875645	ru	Локсштедт
2875815	ru	Лосбург
2875877	az	Lorş
2875877	ru	Лорш
2875881	ru	Лёррах
2875909	ru	Лорх
2875987	ru	Лёнинген
2876009	ru	Ломмач
2876027	ru	Лоллар
287614	az	Hasab
287614	ru	Эль-Хасаб
287614	tr	Hasab
2876144	ru	Лора
2876147	ru	Лор-ам-Майн
2876185	ru	Лоне
2876187	ru	Лёне
2876218	ru	Ломар
2876282	ru	Лофельден
2876461	ru	Лёффинген
2876604	ru	Лёхгау
2876721	ru	Бад-Лобенштайн
2876755	ru	Лёбау
2876787	ru	Литцендорф
2876865	ru	Липпштадте
2876952	ru	Линц-ам-Райн
2877021	ru	Линних
2877082	ru	Лингенфельд
2877088	ru	Линген
2877142	ru	Линдлар
2877315	ru	Линденфельс
2877336	ru	Линденберг-им-Альгой
2877550	ru	Линдау
2877647	ru	Лимбургерхоф
2877648	ru	Лимбург-ан-дер-Лан
2877673	ru	Лимбах-Оберфрона
2877709	ru	Лилиенталь
2877843	ru	Линен
2877969	ru	Либенбург
2878027	ru	Лихтентанне
2878037	ru	Лихтенштайн
2878044	ru	Лихтенраде
2878074	ru	Лихтенфельс
2878140	ru	Лихтенау
2878166	ru	Лих
2878234	ru	Леверкузен
2878234	tr	Leverkusen
2878270	ru	Лойткирх-им-Алльгой
2878289	ru	Лойтерсхаузен
287832	az	İbra
287832	ru	Ибра
287832	tr	İbra
2878350	ru	Лойна
2878351	ru	Лойн
2878673	ru	Леопольдсхёэ
2878695	az	Leonberq
2878695	ru	Леонберг
2878702	ru	Ленцкирх
2878773	ru	Лензан
2878784	ru	Леннештадт
2878824	ru	Ленгрис
2878879	ru	Ленгеде
2878943	ru	Лемго
2879109	ru	Лайсниг
2879139	az	Leypsiq
2879139	ru	Лейпциг
2879139	tr	Leipzig
2879150	ru	Лайпхайм
2879185	az	Laynfelden-Exterdingen
2879185	ru	Лайнфельден-Эхтердинген
2879200	ru	Лайнбург
2879241	ru	Лаймен
2879315	ru	Лайхлинген
2879367	ru	Лерте
287939	az	Hayma
287939	ru	Хайма
287939	tr	Hayma
2879653	ru	Легден
2879697	ru	Лер
2879713	ru	Легебрух
2879832	ru	Лебах
2879929	ru	Лаутербах
2879964	ru	Лаутер
2880077	ru	Лаупхайм
2880099	ru	Лауинген
2880111	ru	Лауффен-ам-Неккар
2880121	ru	Лауфенбург
2880129	ru	Лауфен
2880144	ru	Лауф-ан-дер-Пегниц
2880146	ru	Лауфах
2880204	ru	Лауденбах
2880221	ru	Лауххаммер
2880308	ru	Лаубах
2880351	ru	Латен
2880357	ru	Ластруп
2880425	ru	Лапперсдорф
2880498	ru	Ланквиц
2880547	ru	Лангведель
2880597	ru	Лангквайд
2880672	ru	Ланггёнс
2880726	ru	Лангервеэ
2880862	ru	Лангенценн
2880913	ru	Лангензельбольд
2881062	ru	Лангенхаген
2881085	ru	Лангенфельд
2881104	tr	Bochum-Langendreer
2881259	ru	Лангенау
2881263	ru	Лангенарген
2881279	ru	Ланген
2881291	ru	Лангельсхайм
2881477	ru	Ландштуль
2881485	ru	Ландсхут
2881509	ru	Ландсберг-ам-Лех
2881646	ru	Ландау
2881650	ru	Ландау-ан-дер-Изар
2881695	ru	Лампертхайм
2881767	ru	Ламбсхайм
2881857	ru	Лайхинген
2881885	ru	Лар
2881889	ru	Ланштайн
2881956	ru	Лаге
2881972	ru	Бад-Лар
2881973	ru	Лар
2881980	ru	Ладенбург
2881991	ru	Ладберген
2882028	ru	Лахендорф
2882059	ru	Лабё
2882087	ru	Латцен
2882091	ru	Бад-Ласфе
2882141	ru	Лаге
2882161	ru	Кириц
2882265	ru	Кузель
2882318	ru	Кюртен
2882375	ru	Куппенхайм
2882399	ru	Купферцелль
2882439	ru	Кюнцельзау
2882440	ru	Кюнцелль
2882529	ru	Кюммерсбрук
2882575	ru	Кюльсхайм
2882588	ru	Кульмбах
2882588	tr	Kulmbach
2883410	ru	Крумбах
2883591	ru	Кроп
2883647	ru	Кронсхаген
2883784	ru	Кронах
2883920	ru	Крифтель
2884050	ru	Кройцталь
2884161	ru	Кройцберг
2884245	ru	Кройцау
2884344	ru	Кресброн
2884403	ru	Креммен
2884482	ru	Крайензен
2884509	ru	Крефельд
2884667	ru	Краухенвис
2884878	ru	Крайллинг
2885237	ru	Кётен
2885397	ru	Коршенбройх
2885408	az	Kornvesthaym
2885408	ru	Корнвестхайм
2885536	ru	Корбах
2885656	ru	Кёпеник
2885672	ru	Конц
2885679	ru	Констанц
2885679	tr	Konstanz
2885716	ru	Кённерн
2885732	ru	Кёнигс-Вустерхаузен
2885734	az	Königsvinter
2885734	ru	Кёнигсвинтер
2885760	ru	Кёнигштайн
2885800	ru	Кёнигслуттер-ам-Эльм
2885829	ru	Бад-Кёнигсхофен-им-Грабфельд
2885888	ru	Кёнигсфельд
2885895	ru	Кёнигзее
2885908	ru	Кёнигсбрунн
2885912	ru	Кёнигсброн
2886008	ru	Кёнген
2886242	ru	Кёльн
2886242	tr	Köln
2886363	ru	Кёлледа
2886382	ru	Кольквиц
2886404	ru	Колицхайм
2886446	ru	Кольбермор
2886946	ru	Кобленц
2887140	ru	Книтлинген
2887194	ru	Кнецгау
2887380	ru	Клётце
2887645	ru	Клипхаузен
2887713	ru	Клингенталь
2887736	ru	Клингенберг-на-Майне
2887835	ru	Клеве
2887835	tr	Kleve
2888053	ru	Клайнвалльштадт
2888411	ru	Клайностхайм
2888523	ru	Клайнмахнов
288967	ru	Эс-Сиб
2889709	ru	Клайнблиттерсдорф
2889990	ru	Клаусдорф
2889990	tr	Klausdorf
289011	ru	Рустака
2890155	ru	Кичер
2890158	ru	Китцинген
2890199	ru	Кислег
2890314	ru	Кирн
2890322	ru	Киркель
2890328	ru	Кирхцартен
2890381	ru	Кирхзеон
2890420	ru	Кирхлинтельн
2890425	ru	Кирхленгерн
2890442	ru	Кирххундем
2890473	ru	Кирхгайм-унтер-Тек
2890478	ru	Кирххаймболанден
2890479	ru	Кирххайм-Мюнхен
2890482	ru	Кирххайм-ам-Неккар
2890504	ru	Кирххайн
2890527	ru	Кирхентеллинсфурт
2890586	ru	Кирхен
2890769	ru	Кирхардт
2890795	ru	Киппенхайм
2891014	ru	Кирспе
2891122	az	Kil
2891122	ru	Киль
2891122	tr	Kiel
2891175	ru	Киферсфельден
2891258	ru	Кевелар
2891282	ru	Кецин
2891343	ru	Кеч
2891524	ru	Керпен
2891590	ru	Кенцинген
2891643	ru	Кемпен
2891668	ru	Кемнат
2891742	ru	Кельстербах
2891750	ru	Келлингхузен
2891834	ru	Кельхайм
2891951	ru	Кель
2892078	ru	Кауферинг
2892080	ru	Кауфбойрен
2892485	ru	Кастеллаун
2892518	ru	Кассель
2892518	tr	Kassel
2892648	ru	Карштедт
2892705	ru	Каров
2892786	ru	Карлштадт
2892794	az	Karlsrue
2892794	ru	Карлсруэ
2892794	tr	Karlsruhe
2892810	ru	Карлсхульд
2892811	ru	Карлсхорст
2892874	ru	Карлсфельд
2892980	ru	Карбен
2893022	ru	Каппельродек
2893023	ru	Каппельн
2893152	ru	Капеллен
289317	az	Buraymi
289317	ru	Аль-Бурайми
289317	tr	Buraymi
2893237	ru	Кандерн
2893264	ru	Камп-Линтфорт
2893437	ru	Каменц
2893438	ru	Камен
2893544	ru	Кальтенкирхен
2893837	ru	Калькар
2893868	ru	Калефельд
2894003	ru	Кайзерслаутерн
2894003	tr	Kaiserslautern
2894245	ru	Каль-на-Майне
2894375	ru	Карст
2894394	ru	Йютербог
2894553	ru	Юлих
2894637	ru	Йюхен
2894702	ru	Йорк
2894755	ru	Йоханнисталь
2894814	ru	Йохангеоргенштадт
2894855	ru	Йокгрим
2894897	ru	Йевер
2894944	ru	Йештеттен
2894945	ru	Йестебург
2895044	ru	Йена
2895044	tr	Jena
289524	az	Umm Salal Ali
289524	ru	Умм-Салал-Али
289524	tr	Umm Salal Ali
2895569	ru	Итцехо
2895617	ru	Иссум
2895630	az	İsselburq
2895630	ru	Иссельбург
2895636	ru	Испринген
2895638	ru	Исни-им-Алльгой
2895643	ru	Исманинг
2895669	ru	Изерлон
2895688	ru	Изенбюттель
2895702	ru	Изен
2895992	ru	Ингольштадт
2896020	ru	Ингельхайм-ам-Райн
2896021	ru	Ингельфинген
2896263	ru	Имменштад-ам-Бодензе
2896279	ru	Имменхаузен
2896288	ru	Иммендинген
2896468	ru	Ильфесхайм
2896476	ru	Ильсхофен
2896477	ru	Ильсфельд
2896483	ru	Ильзенбург
2896514	ru	Ильменау
2896538	ru	Иллинген
2896546	ru	Иллертиссен
2896616	ru	Иринген
2896687	ru	Игерсхайм
2896736	az	İdştayn
2896736	ru	Идштайн
2896753	ru	Идар-Оберштайн
2896776	ru	Ихенхаузен
2896817	ru	Иббенбюрен
2896898	ru	Хуттурм
2897132	ru	Хузум
2897216	ru	Хюрт
2897283	ru	Хюнксе
289739	ru	Мадинат-аш-Шамаль
289739	tr	Madinat ash Shamal
2897436	ru	Хюнфельд
2897844	ru	Хюлльхорст
2898028	ru	Хюфинген
2898079	ru	Худе
2898098	ru	Хюккесваген
2898111	ru	Хюккельхофен
2898304	ru	Хойерсверда
2898321	ru	Хёкстер
2898364	ru	Хёфельхоф
289847	az	Az Za'ayin
289847	ru	Аз-Заайин
289847	tr	Az Za'ayin
2898494	ru	Хёсбах
2898541	ru	Хорстмар
2898603	ru	Хёрстель
289877	az	Ash Shihaniyah
289877	ru	Аш-Шиханийя
289877	tr	Ash Shihaniyah
289888	az	Ar Rayyan
289888	ru	Ар-Райян
289888	tr	Ar Rayyan
2898917	ru	Хорн
2899101	ru	Хорб-ам-Неккар
289915	az	Al Wakrah
289915	ru	Аль-Вакра
289915	tr	Al Wakrah
2899479	ru	Хомберг
2899538	ru	Хольцвиккеде
2899601	ru	Хольцминден
289962	az	Al Khawr
289962	ru	Аль-Хаур
289962	tr	Al Khawr
2899676	ru	Хольцкирхен
2899880	ru	Хольцгерлинген
290030	ru	Доха
290030	tr	Doha
2900453	ru	Холльфельд
2900623	ru	Холле
2900825	ru	Хёр-Гренцхаузен
290104	ru	Ситра
2901348	ru	Хоэнвештедт
2901420	ru	Хоэнштайн-Эрнстталь
2901588	ru	Хоэн-Нойендорф
2901601	ru	Хоэнмёльзен
2901621	ru	Хоэнлокштедт
2901731	ru	Хоэнхамельн
290187	az	Madinat-İsa
290187	ru	Мадинат-Иса
290187	tr	Medine İsa
2901872	ru	Хоэнбрунн
290247	az	Həməd
290247	ru	Хамад
290247	tr	Hamad Town
2902533	ru	Хофхайм-ам-Таунус
2902559	ru	Хофгайсмар
2902731	ru	Хофбибер
2902768	ru	Хоф
2902852	ru	Хоккенхайм
2902951	ru	Хёхст
290296	ru	Эз-Заллак
290296	tr	Zallak
2903012	ru	Хёхштедт-ан-дер-Донау
2903016	ru	Хёхштадт-на-Айше
2903175	ru	Хоххайм-ам-Майн
290332	ru	Аль-Мухаррак
2903327	ru	Хёхберг
290340	ru	Манама
290340	tr	Manama
2903470	ru	Хитцаккер
2903806	ru	Хиршау
2903810	ru	Хиршайд
2904397	ru	Хинте
2904591	ru	Хильцинген
2904638	ru	Хильпольтштайн
2904789	ru	Хильдесхайм
2904789	tr	Hildesheim
2904795	ru	Хильден
2904804	ru	Хильдбургхаузен
2904808	ru	Хильхенбах
2904886	ru	Хидденхаузен
2904985	ru	Хойсвайлер
2904992	ru	Хойзенштамм
2905154	ru	Хойбах
2905206	ru	Хетштедт
2905290	ru	Хессиш-Ольдендорф
2905293	ru	Хессиш-Лихтенау
2905455	ru	Херцогенрат
2905457	ru	Херцогенаурах
2905496	ru	Херцберг-ам-Харц
2905504	ru	Херцберг
2905560	ru	Хертен
2905587	ru	Хершайд
2905599	ru	Херсбрук
2905604	ru	Хершинг-ам-Аммерзе
2905706	ru	Херриден
2905826	az	Herrenberq
2905826	ru	Херренберг
2905878	ru	Херольдсберг
2905881	ru	Херольдсбах
2905891	ru	Херне
2905891	tr	Herne
2905916	ru	Хермсдорф
2905929	ru	Хермескайль
290594	az	Umm Al Quwain
290594	ru	Умм-эль-Кайвайн
290594	tr	Umm Al Quwain
2906015	ru	Хермансбург
2906088	ru	Херинген
2906121	ru	Херфорд
2906143	ru	Хердорф
2906152	ru	Хердекке
2906175	ru	Хербштайн
2906194	ru	Хербрехтинген
2906199	ru	Херборн
2906205	az	Herbolshaym
2906205	ru	Хербольцхайм
2906331	ru	Хеннигсдорф
2906376	ru	Хеннеф
2906464	ru	Хенгерсберг
2906514	ru	Хемсбах
2906524	ru	Хеммор
2906583	ru	Хемхофен
2906595	ru	Хемер
2906625	ru	Хемау
2906654	ru	Хельза
2906676	ru	Хельмштедт
2906744	ru	Хельмбрехтс
2906837	ru	Хеллерау
2906843	ru	Хелленталь
2907068	ru	Хайтерсхайм
2907201	ru	Хайнсберг
2907298	ru	Хайнерсдорф
2907359	ru	Хаймсхайм
2907488	ru	Хайльсбронн
2907545	ru	Хайльбад-Хайлигенштадт
2907585	az	Hayligenhaus
2907585	ru	Хайлигенхаус
2907589	ru	Хайлигенхафен
2907669	ru	Хайльбронн
2907685	ru	Хайкендорф
2907851	ru	Хайденхайм-ан-дер-Бренц
2907887	ru	Хайденау
2907911	az	Heydelberq
2907911	ru	Хайдельберг
2907911	tr	Heidelberg
2907983	ru	Хайдек
2908032	ru	Хайде
2908398	ru	Хеддесхайм
2908495	ru	Хехинген
2908529	ru	Хебертсхаузен
2908597	ru	Хафиксбек
2908644	ru	Хафельберг
2908661	ru	Хауценберг
2908974	ru	Хаузах
2909230	ru	Хаттинген
2909313	ru	Хаслох
2909335	ru	Хасфурт
2909523	ru	Хаслах-им-Кинцигталь
2909761	ru	Хазелюнне
2909915	ru	Хасберген
2910140	ru	Харта
2910269	ru	Харзум
2910278	ru	Харзевинкель
2910280	ru	Харзефельд
2910302	ru	Харрисле
2910633	ru	Хардхайм
2910663	ru	Хардегзен
2910685	ru	Харбург
2910686	ru	Харбург
291074	az	Ras Əl-Xayma
291074	ru	Рас-эль-Хайма
291074	tr	Resü'l-Hayme
2910831	az	Hannover
2910831	ru	Ганновер
2910831	tr	Hannover
2910986	ru	Хандевит
2911051	ru	Хамминкельн
2911214	ru	Хаммельбург
2911240	ru	Хамм
2911240	tr	Hamm
2911271	ru	Хамельн
2911271	tr	Hamelin
2911285	ru	Вандсбек
2911288	ru	Хамбург-Мите
2911293	ru	Аймсбюттель
2911296	ru	Альтона
2911298	az	Hamburq
2911298	ru	Гамбург
2911298	tr	Hamburg
2911300	ru	Хамбюрен
2911308	ru	Хамбрюкен
2911322	ru	Хамберген
2911384	ru	Хальфер
2911395	ru	Хальтерне
2911408	ru	Хальстенбек
2911463	az	Hallştadt
2911463	ru	Халльштадт
2911520	ru	Галле
2911522	ru	Галле
2911530	ru	Халльбергмос
2911584	ru	Хальденслебен
2911665	ru	Хальберштадт
2911739	ru	Хайтербах
2911960	ru	Хайгерлох
2911964	ru	Хайгер
2912351	ru	Ханбах
2912481	ru	Хагенов
2912577	ru	Хагенбах
2912618	ru	Хаген-ам-Тойтобургер-Вальд
2912621	ru	Хаген
2912621	tr	Hagen
2912681	ru	Хаге
291279	ru	Музаири
2912829	ru	Хадамар
2912921	ru	Хахенбург
2913192	ru	Хар
2913195	ru	Хаан
2913210	ru	Хаг
2913286	ru	Гуксхаген
2913366	ru	Гютерсло
2913433	ru	Гюстров
2913537	ru	Гунценхаузен
2913555	ru	Гюнцбург
2913693	ru	Гундельсхайм
2913713	ru	Гундельфинген
2913761	ru	Гуммерсбах
2913838	ru	Гюглинген
2913890	ru	Гуденсберг
2913922	ru	Губен
2913972	ru	Гшвенд
2914101	ru	Грюнштадт
2914177	ru	Грюнхайде
2914210	ru	Груневальд
2914432	ru	Грюнберг
2914801	ru	Грос-Циммерн
2914929	ru	Грос-Умштадт
2915076	ru	Гросширма
2915116	ru	Гросроссельн
2915124	ru	Гросрёрсдорф
2915157	ru	Гросрешен
2915173	ru	Гроспёсна
2915196	ru	Гросостхайм
2915372	ru	Гроскроценбург
2915375	ru	Грос-Кройц
2915438	ru	Гроскаролиненфельд
2915511	ru	Гросхойбах
2915556	ru	Гросхансдорф
2915613	ru	Грос-Герау
2916606	ru	Гросенлюдер
2916611	ru	Гросенкнетен
2916630	ru	Гросенхайн
2916936	ru	Гросботтвар
291696	ru	Хор-Факкан
2916996	ru	Гросберен
2917053	ru	Гросальмероде
2917138	ru	Гронау
2917139	ru	Гронау
2917150	ru	Грёмиц
2917170	ru	Гройч
2917309	ru	Гриммен
2917325	ru	Гримма
2917520	ru	Гревесмюлен
2917540	ru	Гревенброх
2917544	ru	Гревен
2917698	ru	Гренцах-Вилен
2917737	ru	Грайц
2917788	ru	Грайфсвальд
2917816	ru	Грефрат
2917833	ru	Грединг
2917848	ru	Гребенштайн
2917850	ru	Гребенхайн
2917868	ru	Гревенвисбах
2917978	ru	Грассау
2918037	ru	Грасбрунн
2918041	ru	Грасберг
2918088	ru	Гранзе
2918241	ru	Графинг-Мюнхен
2918258	ru	Графенвёр
2918321	ru	Грефенхайнихен
2918365	ru	Графенау
2918368	ru	Грефельфинг
2918612	ru	Готтмадинген
2918632	ru	Гёттинген
2918752	ru	Гота
2918840	ru	Гослар
2918987	ru	Гёрлиц
2919054	ru	Гёппинген
2919138	ru	Гоммерн
2919146	ru	Гомаринген
2919310	ru	Гольденштедт
2919438	ru	Гольдбах
2919620	ru	Гоксхайм
2919625	ru	Гох
2919692	ru	Гнарренбург
2919717	ru	Гмунд-ам-Тегернзе
2919763	ru	Глюкштадт
2919765	ru	Глюксбург
2919765	tr	Glücksburg
2920020	ru	Глаухау
2920085	ru	Гласхюттен
2920229	ru	Гладенбах
2920236	ru	Гладбек
2920329	ru	Гинсхайм-Густавсбург
2920433	ru	Гильхинг
2920478	ru	Гифхорн
2920512	az	Gissen
2920512	ru	Гиссен
2920512	tr	Giessen
2920620	ru	Гинген-ан-дер-Бренц
2920757	ru	Гевельсберг
2920776	ru	Гетторф
2920789	ru	Гезундбруннен
2920834	ru	Гезеке
2920842	ru	Гешер
2920891	ru	Герстхофен
2920896	ru	Герштеттен
2920921	ru	Герсхайм
2920926	ru	Герсфельд
2920959	ru	Герольцхофен
2920963	ru	Герольштайн
2920994	ru	Гернсхайм
2920997	ru	Гернсбах
2921034	ru	Гермерсхайм
2921039	ru	Гермеринг
2921061	ru	Герлинген
2921089	ru	Герингсвальде
2921139	ru	Геретсрид
2921165	ru	Гербрунн
2921232	ru	Гера
2921232	tr	Gera
2921242	ru	Георгсмариенхютте
2921261	ru	Георгенталь
2921267	ru	Георгенсгмюнд
2921309	ru	Гентин
2921355	ru	Генгенбах
2921379	ru	Гемюнден-на-Майне
2921449	ru	Гельтендорф
2921466	az	Helzenkirxen
2921466	ru	Гельзенкирхен
2921466	tr	Gelsenkirchen
2921473	ru	Гельнхаузен
2921528	ru	Гельдерн
2921566	ru	Гайтхайн
2921653	ru	Гайслинген-ан-дер-Штайге
2921682	ru	Гайзинген
2921707	ru	Гайзенхайм
2921709	ru	Гайзенхаузен
2921713	ru	Гайзенфельд
2921736	ru	Гайзельхёринг
2921837	ru	Гейленкирхен
2922008	ru	Герден
2922102	ru	Гестхахт
2922124	ru	Гедерн
292223	az	Dubay
292223	ru	Дубай
292223	tr	Dubai
2922309	ru	Гау-Альгесхайм
292239	ru	Дибба Аль-Хисн
2922436	ru	Гертринген
2922511	ru	Гаррель
2922530	az	Qarmiş-Partenkirhen
2922530	ru	Гармиш-Партенкирхен
2922580	ru	Гарделеген
2922582	ru	Гархинг
2922583	ru	Гархинг-на-Альце
2922586	ru	Гарбсен
2922716	ru	Гангофен
2922722	ru	Гангельт
2922731	ru	Гандеркезе
2922747	ru	Гаммертинген
2923305	ru	Гаймерсхайм
2923325	ru	Гайльдорф
2923362	ru	Гаггенау
2923410	ru	Гадебуш
2923500	ru	Бад-Фюссинг
2923507	ru	Фюссен
2923521	ru	Фуртванген
2923529	ru	Фурт-им-Вальд
2923544	ru	Фюрт
2923584	ru	Фюрстенцелль
2923588	ru	Фюрстенвальде
2923588	tr	Fürstenwalde/Spree
2923625	ru	Фюрстенфельдбрук
2923658	ru	Фюрстенау
2923815	ru	Фульдаталь
2923822	ru	Фульда
2923850	ru	Фулсбител
2924206	ru	Фрёнденберг-на-Руре
2924206	tr	Fröndenberg/Ruhr
2924313	ru	Фробург
2924326	ru	Фрицлар
2924360	ru	Фризойте
2924398	ru	Фрисдорф
2924428	ru	Фрилендорф
2924573	ru	Фридрихсхайн
2924585	ru	Фридрихсхафен
2924625	ru	Фридрихсдорф
2924656	ru	Фридрихрода
2924770	ru	Фриденау
2924788	ru	Фридебург
2924802	ru	Фридберг
2924803	ru	Фридберг
2924850	ru	Фрейунг
2924854	ru	Фрайштадт
2924894	ru	Фройденштадт
2924967	ru	Фререн
2925017	ru	Фрайталь
2925034	ru	Фрайзинг
2925038	ru	Фрайзен
2925080	ru	Фрайлассинг
2925177	ru	Фрайбург-им-Брайсгау
2925177	tr	Freiburg im Breisgau
2925189	ru	Фрайберг-ам-Неккар
2925192	az	Frayberq
2925192	ru	Фрайберг
2925259	ru	Фрехен
2925533	az	Frankfurt
2925533	ru	Франкфурт-на-Майне
2925533	tr	Frankfurt
2925535	ru	Франкфурт-на-Одере
2925550	ru	Франкенталь
2925629	ru	Франкенберг
2925630	ru	Франкенберг
2925630	tr	Frankenberg/Sa.
2925832	ru	Форст
2925848	ru	Форст
2925905	ru	Форхтенберг
2925910	ru	Форххайм
2925924	ru	Форбах
2926147	ru	Флёа
2926178	ru	Флинтбек
2926226	ru	Флиден
2926271	ru	Фленсбург
2926271	tr	Flensburg
2926304	ru	Флайн
2926586	ru	Фишбахау
2926670	ru	Финстервальде
292672	az	Şarja
292672	ru	Шарджа
292672	tr	Şarika
292688	ru	Ар-Руваис
2927048	ru	Фойхтванген
2927054	ru	Фойхт
2927226	ru	Фельсберг
2927268	ru	Фелльбах
2927339	ru	Фельдкирхен-Вестерхам
2927564	ru	Фербеллин
2927750	ru	Фасберг
2927871	ru	Бад-Фаллингбостель
2927913	ru	Фалькенштайн
2927930	ru	Фалькензе
2928320	ru	Эверсвинкель
2928381	ru	Ойтин
2928396	ru	Ойскирхен
2928615	ru	Эттлинген
2928659	ru	Эттенхайм
2928717	ru	Эстервеген
2928751	ru	Эслинген-ам-Неккар
2928761	ru	Эссинген
292878	az	Füceyrə
292878	ru	Фуджейра
292878	tr	Füceyre
2928804	ru	Эссенбах
2928809	ru	Эссен
2928810	ru	Эссен
2928810	tr	Essen
2928874	ru	Эспелькамп
2928890	ru	Эслоэ
2928911	ru	Эзенс
2928963	az	Eşvayler
2928963	ru	Эшвайлер
2928967	ru	Эшвеге
292913	ru	Эль-Айн
2929134	ru	Эшборн
2929224	ru	Эрцхаузен
2929247	ru	Эрвитте
2929252	ru	Эртинген
292932	az	Əcmən
292932	ru	Аджман
292932	tr	Acman
2929370	ru	Эрндтебрюк
2929451	ru	Эрлензе
2929484	ru	Эрленбах-на-Майне
292953	ru	Эд-Дайд
292953	tr	Zeyd
2929567	ru	Эрланген
2929600	ru	Эркрат
2929602	ru	Эркнер
2929622	ru	Эркеленц
2929649	ru	Эргольдсбах
2929650	ru	Эргольдинг
2929670	az	Erfurt
2929670	ru	Эрфурт
2929670	tr	Erfurt
2929671	ru	Эрфтштадт
292968	az	Əbu-Dabi
292968	ru	Абу-Даби
292968	tr	Abu Dabi
2929692	ru	Эрдвег
2929715	ru	Эрдинг
2929783	ru	Эрбендорф
2929802	ru	Эрбах
2929817	ru	Эпштайн
2929831	ru	Эппинген
2929837	ru	Эппертсхаузен
2929863	ru	Эппельхайм
2929865	ru	Эппельборн
2930030	ru	Эннигерло
2930043	ru	Эннепеталь
2930080	ru	Энинген-унтер-Ахальм
2930182	ru	Энгер
2930201	ru	Энген
2930216	ru	Энгельскирхен
2930367	ru	Бад-Эндорф
2930408	ru	Бад-Эндбах
2930426	ru	Эмстек
2930432	ru	Эмскирхен
2930449	ru	Эмсдеттен
2930454	ru	Эмсбюрен
2930509	ru	Эммерих
2930546	ru	Эмлиххайм
2930596	ru	Эмден
2930623	ru	Эльце
2930626	az	Elsax
2930626	ru	Эльцах
2930628	ru	Эльц
2930650	ru	Эльтман
2930680	ru	Эльстерверда
2930687	ru	Эльстерберг
2930726	ru	Эльсфлет
2930747	ru	Эльзенфельд
2930821	ru	Эльмсхорн
2930889	ru	Эльванген
2930900	ru	Эльрих
293100	az	Safed
293100	ru	Цфат
293100	tr	Safed
2931361	ru	Айторф
2931414	ru	Айзлинген
2931414	tr	Eislingen/Fils
2931433	ru	Айсфельд
2931481	ru	Айзенхюттенштадт
2931521	ru	Айзенберг
2931574	ru	Айзенах
2931804	ru	Айнбек
2931871	ru	Айленбург
293203	ru	Йерухам
293203	tr	Yeruham
2932040	ru	Айхвальде
2932069	az	Ayxştet
2932069	ru	Айхштет
293207	ru	Йехуд
293207	tr	Yehud
293222	ru	Явне
2932266	ru	Айхенцелль
2932321	ru	Айхендорф
2932382	ru	Айхенау
293253	ru	Яффа
293253	tr	Yafa
2932738	ru	Айбеншток
2932756	ru	Айбау
2932788	ru	Эрингсхаузен
2932828	ru	Эренфридерсдорф
2932882	ru	Енинген
2932924	ru	Эхинген
2932992	ru	Эглинг
2933019	ru	Эггольсхайм
2933042	ru	Эггезин
293308	ru	Тират Кармель
2933101	ru	Эггенштайн-Леопольдсхафен
2933115	ru	Эггенфельден
293322	az	Tiberiya
293322	ru	Тверия
293322	tr	Tiberya
2933246	ru	Эгельсбах
2933274	ru	Эфринген-Кирхен
2933345	ru	Эдинген-Неккархаузен
2933364	ru	Эдевехт
2933410	ru	Эденкобен
293354	ru	Тель-Монд
293354	tr	Tel Mond
2933627	ru	Эккернфёрде
2933772	ru	Эхцелль
2933799	ru	Эхинг
2933817	ru	Эбсторф
2933882	ru	Эберсвальде
2933945	ru	Эберсберг
2933959	ru	Эберсбах-на-Фильсе
293397	az	Tel-Əviv
293397	ru	Тель-Авив
293397	tr	Tel Aviv
2933986	ru	Эберманштадт
2934014	ru	Эбердинген
2934020	ru	Эбербах
2934033	ru	Эбенсфельд
293420	ru	Маалот-Таршиха
2934235	ru	Дуслинген
2934246	az	Düsseldorf
2934246	ru	Дюссельдорф
2934246	tr	Düsseldorf
293426	ru	Тамра
2934462	ru	Дурмерсхайм
2934486	ru	Дюрен
2934509	ru	Дурах
2934560	ru	Дуннинген
2934662	ru	Дюльмен
2934691	ru	Дуйсбург
2934691	tr	Duisburg
2934728	ru	Дудерштадт
2934737	ru	Дуденхофен
2934886	ru	Дрольсхаген
2934915	ru	Дрохтерзен
2934965	ru	Дридорф
2935022	az	Drezden
2935022	ru	Дрезден
2935022	tr	Dresden
2935042	az	Drenştaynfurt
2935042	ru	Дренштайнфурт
293522	ru	Шломи
2935220	ru	Драйайх
2935298	ru	Дребкау
2935441	ru	Дётлинген
2935453	ru	Доссенхайм
2935491	ru	Дёрферден
2935517	ru	Дортмунд
2935517	tr	Dortmund
2935530	ru	Дорстен
2935642	ru	Дорнштеттен
2935647	ru	Дорнштадт
2935702	ru	Дорнхан
2935825	ru	Дормаген
2936103	ru	Дорфен
2936153	ru	Дёрентруп
2936186	ru	Донцдорф
293619	ru	Сдерот
2936253	ru	Донаувёрт
2936267	ru	Донауэшинген
2936470	ru	Дона
293655	ru	Сахнин
293655	tr	Sakhnin
2936631	ru	Доберлуг-Кирххайн
2936658	ru	Дебельн
2936705	ru	Дитцинген
2936759	ru	Диттельбрунн
2936842	ru	Диппольдисвальде
2936871	ru	Динслакена
2936881	ru	Динклаге
2936885	ru	Динкельшербен
2936886	ru	Динкельсбюль
2936909	ru	Дингольфинг
2936974	ru	Диллинген-на-Дунае
2936985	ru	Дилленбург
2937018	ru	Диц
293703	ru	Ришон-ле-Цион
2937040	ru	Дитценбах
2937073	ru	Дитрамсцелль
2937077	ru	Дитмансрид
2937160	ru	Дитенхофен
2937164	ru	Дитенхайм
293725	ru	Реховот
2937280	ru	Дирдорф
2937317	ru	Дипхольц
2937407	ru	Дильхайм
2937449	ru	Дикхольцен
2937553	ru	Дидорф
2937591	ru	Дибург
293768	ru	Рамла
293773	ru	Рамат-Ишай
293773	tr	Ramat Yişai
293783	ru	Рамат-ха-Шарон
293788	az	Ramat-Qan
293788	ru	Рамат-Ган
2937896	ru	Деттинген-унтер-Тек
2937898	ru	Деттинген-на-Эрмсе
2937919	ru	Деттенхаузен
2937932	ru	Деттельбах
2937936	ru	Детмольд
2937959	ru	Дессау
2937959	tr	Dessau
2938190	ru	Денцлинген
293822	ru	Кирьят-Ям
293825	ru	Кирьят-Шмона
293825	tr	Kiryat Şmona
2938284	ru	Деммин
293831	ru	Кирьят-Моцкин
2938323	ru	Дельменхорст
2938344	ru	Деллигзен
293835	ru	Кирьят-Малахи
2938376	ru	Делич
2938389	ru	Дельбрюк
2938391	ru	Дайцизау
2938403	ru	Дайслинген
293842	ru	Кирьят-Гат
293844	ru	Кирьят-Бялик
293845	ru	Кирьят-Ата
2938538	ru	Деггинген
2938540	ru	Деггендорф
2938714	ru	Даун
2938784	ru	Даттельн
2938813	ru	Дассель
2938913	az	Darmştat
2938913	ru	Дармштадт
2938991	ru	Данненберг
2939167	ru	Дамме
293918	az	Petah-Tikva
293918	ru	Петах-Тиква
293918	tr	Petah Tikva
2939406	tr	Bochum-Dahlhausen
293942	ru	Пардесия
293942	tr	Pardesiya
2939440	ru	Далем
293962	ru	Ор-Йехуда
2939623	ru	Дахау
2939658	ru	Куксхафен
2939687	ru	Куневальде
2939747	ru	Криммичау
2939763	ru	Кремлинген
2939797	ru	Крайльсхайм
2939811	ru	Котбус
2939819	ru	Косвиг
293982	ru	Омер
2939820	ru	Косвиг
2939862	ru	Коппенбрюгге
2939870	ru	Контвиг
2939927	ru	Кольдиц
2939942	ru	Кёльбе
2939945	ru	Косфельд
2939949	ru	Кохем
2939951	az	Koburq
2939951	ru	Кобург
2939969	ru	Клоппенбург
2939995	az	Klaustal-Zellerfeld
2939995	ru	Клаусталь-Целлерфельд
2940132	ru	Хемниц
2940132	tr	Chemnitz
2940187	ru	Шарлоттенбург
2940213	ru	Целле
2940231	ru	Кастроп-Рауксель
2940317	ru	Каппельн
2940381	ru	Бад-Камберг
2940383	ru	Кальв
2940383	tr	Calw
2940397	ru	Калленберг
2940412	ru	Кальден
2940419	ru	Кальбе
2940424	ru	Калау
2940428	ru	Кадольцбург
2940451	ru	Букстехуде
2940476	ru	Бютцов
2940512	ru	Буцбах
2940611	ru	Буттенвизен
2940633	ru	Бюттельборн
294068	ru	Нетивот
294071	az	Netanya
294071	ru	Нетания
294071	tr	Netanya
294074	ru	Нес-Циона
294078	ru	Нешер
2940938	ru	Бюрштадт
2940942	ru	Буршайд
2940977	ru	Бурладинген
294098	ru	Назарет
294098	tr	Nasıra
2940993	ru	Буркхардтсдорф
2941034	ru	Буркардрот
2941090	ru	Бургтанн
2941150	ru	Бургштедт
294117	ru	Нагария
294117	tr	Nahariya
2941190	ru	Бургленгенфельд
2941207	ru	Бургунштадт
2941216	ru	Бургкирхен-ан-дер-Альц
2941279	ru	Бургхаузен
2941283	ru	Бургхаун
2941403	ru	Бургебрах
2941405	ru	Бургдорф (Ганновер)
2941485	ru	Бургау
2941496	ru	Бург
2941570	ru	Бюрен
294166	ru	Мицпе-Рамон
2941694	ru	Бюнде
2941928	ru	Бюлерталь
2941976	ru	Бюль
2942073	ru	Бюдинген
2942087	ru	Буденхайм
294210	ru	Мигдаль ХаЭмек
294210	tr	Migdal HaEmek
2942159	ru	Бюккебург
2942281	ru	Бухлоэ
2942323	ru	Бухгольц-ин-дер-Нордхайде
2942341	ru	Францёзиш-Буххольц
294245	ru	Мевасерет-Цион
294245	tr	Mevaseret Zion
2942612	ru	Бюхенбах
2942627	ru	Бюхен
2942634	ru	Бухен
2942827	ru	Бух
294303	ru	Мазкерет-Батья
2943049	ru	Брунсбюттель
2943320	ru	Брюль
2943321	ru	Брюль
2943408	ru	Брукмюль
2943560	ru	Брухзаль
2943573	ru	Брухкёбель
2943587	ru	Бруххаузен-Фильзен
2944079	ru	Брилон
2944126	ru	Бризеланг
2944178	ru	Брецфельд
2944200	ru	Бреттен
294421	ru	Лод
2944254	ru	Бренсбах
2944354	ru	Бремерфёрде
2944368	ru	Бремерхафен
2944388	az	Bremen
2944388	ru	Бремен
2944388	tr	Bremen
2944630	ru	Брайтенбрунн
2944800	ru	Брайзах-ам-Райн
2944820	ru	Брайденбах
2944879	ru	Бредштедт
2944955	ru	Бреккерфельд
2945024	ru	Брауншвейг
2945024	tr	Braunschweig
2945041	ru	Браунсбедра
2945051	ru	Бройнлинген
2945055	ru	Браунлаге
2945073	ru	Браунфельс
294514	ru	Кефар-Сава
2945165	ru	Бранненбург
2945341	ru	Бранд-Эрбисдорф
2945358	ru	Бранденбург
294545	ru	Кфар-Хабад
294545	tr	Kfar Chabad
2945474	ru	Брамше
294552	ru	Кирьят-Экрон
294552	tr	Kiryat Ekron
2945542	ru	Бракель
2945591	ru	Бракенхайм
2945726	ru	Бовенден
2945740	ru	Бётцинген
2945756	ru	Ботроп
2945756	tr	Bottrop
294577	ru	Кармиэль
2945907	ru	Бёзель
2946016	ru	Борсдорф
294605	ru	Кафр-Кара
294605	tr	Kafr Kara
2946111	ru	Борнхайм
294615	ru	Кабул
2946172	ru	Борна
2946206	ru	Боркум
2946228	ru	Боркен
2946230	ru	Боркен
2946270	ru	Боргхольцхаузен
2946291	ru	Боргентрайх
2946321	ru	Бордесхольм
294634	ru	Джальджулия
294634	tr	Jaljulia
2946366	ru	Боппард
2946368	ru	Бопфинген
2946428	ru	Бённигхайм
2946445	ru	Бондорф
2946447	az	بن
2946447	ru	Бонн
2946478	ru	Бёнен
2946485	ru	Бондорф
2946524	ru	Бомлиц
2946821	ru	Бойценбург
2946923	ru	Бомте
2946950	ru	Бёменкирх
2947092	ru	Боденвердер
2947125	ru	Боденкирхен
2947133	ru	Боденхайм
2947172	ru	Бодельсхаузен
2947359	ru	Боккенем
2947416	ru	Бохум
2947416	tr	Bochum
2947421	ru	Бохольт
2947444	ru	Бёблинген
2947449	ru	Бобинген
2947465	ru	Бобенхайм-Роксхайм
294751	ru	Холон
2947584	ru	Блумберг
294760	ru	Ход-ха-Шарон
294760	tr	Hod HaŞaron
2947641	ru	Бломберг
2947739	ru	Блискастель
294778	ru	Герцлия
294778	tr	Herzliya
2947837	ru	Блайхероде
2947894	ru	Блеккеде
2947919	ru	Блауфельден
2947949	ru	Блаубойрен
294801	az	Hayfa
294801	ru	Хайфа
294801	tr	Hayfa
2948058	ru	Бланкенхайн
2948069	ru	Бланкенбург
2948071	ru	Бланкенбург
294809	ru	Хацор-ха-Глилит
294809	tr	Hatzor HaGlilit
2948114	ru	Блайхах
2948164	ru	Биттерфельд
2948184	ru	Битбург
2948212	ru	Биссендорф
2948222	ru	Биспинген
2948246	ru	Бизинген
2948265	ru	Бишофсвизен
2948267	ru	Бишофсверда
2948287	ru	Бишофсхайм-ан-дер-Рён
2948339	ru	Бишберг
2948351	ru	Бирштайн
2948384	ru	Бад-Бирнбах
2948503	ru	Биркенвердер
2948595	ru	Биркенфельд
2948652	ru	Биркенау
2948825	ru	Бинген-на-Рейне
2948840	ru	Биндлах
2948917	ru	Билштет
2948934	ru	Биллигхайм
2948944	ru	Биллербек
2949012	ru	Битигхайм-Биссинген
2949046	ru	Бизенталь
2949150	ru	Биненбюттель
2949186	ru	Билефельд
2949186	tr	Bielefeld
2949229	ru	Биденкопф
2949367	ru	Библис
2949423	ru	Биберах-на-Рисе
2949423	tr	Biberach
294946	ru	Хадера
2949470	ru	Бексбах
2949475	ru	Беверунген
2949511	ru	Бад-Бевензен
2949669	ru	Бецдорф
2949773	ru	Бествиг
2949777	ru	Бестензе
2949803	ru	Безигхайм
2949906	ru	Берзенбрюк
294999	ru	Гиватаим
2949998	ru	Бернкастель-Кус
2950019	ru	Бернхардсвальд
2950073	ru	Бернбург
2950095	ru	Бернау-ам-Кимзее
2950096	ru	Бернау
2950159	ru	Берлин
2950159	tr	Berlin
2950294	ru	Бергнойштадт
2950344	ru	Бергкамен
2950349	ru	Бергиш Гладбах
2950438	ru	Бергем
2950620	ru	Берген-ауф-Рюген
2950622	ru	Берген
295064	ru	Гедера
295064	tr	Gedera
2950881	ru	Берхтесгаден
2950882	ru	Берхинг
2950898	ru	Берацхаузен
2950978	ru	Бенсхайм
2950978	tr	Bensheim
2951013	ru	Беннинген-ам-Неккар
2951026	ru	Бенневиц
2951111	ru	Бендорф
2951175	ru	Бельм
2951206	ru	Бельхайм
295122	ru	Эвен-Йехуда
295122	tr	Even Yehuda
2951258	ru	Бельгерн
2951346	ru	Байльштайн
2951528	ru	Бесков
2951556	ru	Берфельден
2951595	ru	Белиц
2951596	ru	Белен
2951648	ru	Бедбург
2951654	ru	Беккум
2951679	ru	Беккинген
2951793	ru	Бебра
2951825	ru	Байройт
2951881	ru	Баутцен
2951923	ru	Баунаталь
2952252	ru	Бассум
2952372	ru	Барт
2952398	ru	Барсель
2952406	ru	Барзингхаузен
2952415	ru	Барсбюттель
2952444	ru	Барнтруп
2952452	ru	Барнсторф
2952531	ru	Бармштедт
2952564	ru	Барлебен
2952633	ru	Баргтехайде
295277	ru	Эйлат
2952814	ru	Бардовик
2952916	ru	Банневиц
2952973	ru	Бамменталь
2952984	ru	Бамберг
2953003	ru	Бальве
2953008	ru	Бальтманнсвайлер
2953060	ru	Балленштедт
2953089	ru	Балинген
2953136	ru	Бакум
2953194	ru	Байерсдорф
2953197	ru	Байрсброн
2953222	ru	Байнфурт
295328	ru	Димона
2953302	ru	Бесвайлер
2953310	ru	Бад-Цвишенан
2953312	ru	Бад-Вурцах
2953313	ru	Бад-Вёрисхофен
2953314	ru	Бад-Виндсхайм
2953315	ru	Бад-Вимпфен
2953317	ru	Бад-Вильдунген
2953320	ru	Бад-Вальдзе
2953321	ru	Бад-Фильбель
2953324	ru	Бад-Тёльц
2953336	ru	Бад-Зоден-Аллендорф
2953338	ru	Бад-Зоден-Зальмюнстер
2953339	ru	Бад-Зоден
2953341	ru	Бад-Зегеберг
2953347	ru	Бад-Швартау
2953348	ru	Бад-Швальбах
2953355	ru	Бад-Зассендорф
2953357	ru	Бад-Зальцунген
2953358	ru	Бад-Зальцуфлен
2953362	ru	Бад-Зальцдетфурт
2953363	ru	Бад-Зекинген
2953364	ru	Бад-Закса
2953367	ru	Бад Ротенфельде
2953371	ru	Бад-Райхенхалль
2953374	ru	Бад-Раппенау
2953379	ru	Бад-Пирмонт
2953384	ru	Бад-Орб
2953385	ru	Бад-Ольдесло
2953386	ru	Бад-Эйнхаузен
2953389	ru	Бад-Нойштадт-ан-дер-Зале
2953391	ru	Бад-Нойенар-Арвайлер
2953394	ru	Бад-Нендорф
2953395	ru	Бад-Наухайм
2953398	ru	Бад-Мюнстерайфель
2953400	ru	Бад-Мюндер-ам-Дайстер
2953402	ru	Бад-Мергентхайм
2953404	ru	Бад-Мариенберг
2953405	ru	Бад-Липшпринге
2953407	ru	Бад-Либенцелль
2953408	ru	Бад-Либенверда
2953410	ru	Бад-Лаутерберг
2953411	ru	Бад-Лаузик
2953412	ru	Бад-Лаухштедт
2953413	ru	Бад-Лангензальца
2953416	ru	Бад-Кройцнах
2953418	ru	Бад-Кёзен
2953419	ru	Бад-Кёниг
2953424	az	Bad-Kissingen
2953424	ru	Бад-Киссинген
2953430	ru	Бад-Ибург
2953434	ru	Бад-Хённинген
2953435	ru	Бад-Хоннеф
2953436	ru	Бад-Хомбург
2953439	ru	Бад-Херсфельд
2953440	ru	Бад-Херренальб
2953449	ru	Бад-Харцбурге
2953456	ru	Бад-Гандерсхайм
2953458	ru	Бад-Фрайенвальде
2953459	ru	Бад-Франкенхаузен-Кифхойзер
2953459	tr	Bad Frankenhausen/Kyffhäuser
2953460	ru	Бад-Файльнбах
2953464	ru	Бад-Эссен
2953504	ru	Баден-Баден
2953507	ru	Бад-Эмс
2953520	ru	Бад-Дюрхайм
2953521	ru	Бад-Дюрренберг
2953522	ru	Бад-Дюркхайм
2953524	ru	Бад-Дюбен
2953525	ru	Бад-Дрибург
2953528	ru	Бад-Доберан
2953535	ru	Бад-Брюккенау
2953536	ru	Бад-Брайзиг
2953537	ru	Бад-Брамштедт
2953541	ru	Бад-Бланкенбург
2953545	ru	Бад-Берлебург
2953548	ru	Бад-Берка
2953549	ru	Бад-Бергцаберн
2953552	ru	Бад-Бентхайм
2953558	ru	Бад-Айблинг
2953559	ru	Бад-Аббах
2953568	ru	Бакнанг
295365	ru	Кармель
295365	tr	Kurmul City
295370	ru	Дабурия
295370	tr	Daburiye
2953770	ru	Бабенхаузен
2953771	ru	Бабенхаузен
2954006	ru	Аурих
2954065	ru	Аулендорф
2954088	ru	Ау-ин-дер-Халлертау
2954127	ru	Августусбург
2954164	ru	Аугустдорф
2954172	az	Auqsburq
2954172	ru	Аугсбург
2954172	tr	Augsburg
295432	ru	Бейт-Шемеш
295432	tr	Beyt Şemeş
295435	ru	Бейт-Шеан
295435	tr	Beyt Şe'an
2954603	ru	Ауэрбах
2954695	ru	Ауэ
2954932	ru	Аттендорн
2955068	ru	Асперг
295514	az	Bnei-Brak
295514	ru	Бней-Брак
295514	tr	Bney Brak
2955159	ru	Ашхайм
2955168	ru	Ашерслебен
2955224	ru	Ашеберг
295523	ru	Бейт-Джан
295523	tr	Beyt Jann
2955272	ru	Ашаффенбург
295530	az	Beer-Şeva
295530	ru	Беэр-Шева
295530	tr	Beerşeba
2955315	ru	Асбах
2955394	ru	Артерн
2955394	tr	Artern/Unstrut
2955421	ru	Бад-Арользен
2955429	ru	Арнсторф
2955439	ru	Арнштадте
2955471	ru	Арнсберге
295548	az	Bat-Yam
295548	ru	Бат-Ям
295548	tr	Bat Yam
295553	ru	Басмат-Табун
295553	tr	Basmat Tab'un
295571	ru	Бака-аль-Гарбия
295571	tr	Batı Baka
2955745	ru	Аппен
2955770	ru	Апольде
2955817	ru	Апен
2955936	ru	Ансбах
2955940	ru	Анрёхте
2955951	ru	Анвайлер-на-Трифельсе
2956005	ru	Аннаберг-Буххольц
2956014	ru	Анкум
2956018	ru	Анклам
2956093	ru	Ангермюнде
295613	ru	Атлит
295613	tr	Atlit
295620	ru	Ашкелон
2956206	ru	Андернах
295629	az	Aşdod
295629	ru	Ашдод
295629	tr	Aşdod
2956378	ru	Ампфинг
2956404	ru	Амёнебург
295657	ru	Арад
2956656	ru	Амберг
2956787	ru	Альтусрид
2956891	ru	Альтрип
2956940	ru	Альтэттинг
2956951	ru	Альтомюнстер
2957021	ru	Альтлусхайм
2957051	ru	Альтландсберг
2957133	ru	Альтхенгштетт
2957185	ru	Альтглинике
295721	az	Əkka
295721	ru	Акка
295721	tr	Akka
295740	ru	Афула
295740	tr	Afula
2957437	ru	Альтентрептов
2957459	ru	Альтенштайг
2957555	ru	Альтенкунштадт
2957567	ru	Альтенкирхен
2957588	ru	Альтенхольц
295765	ru	Абу-Снан
295765	tr	Ebu Sinan
2957773	ru	Альтенбург
295781	ru	Кале
2957829	ru	Альтенберге
2957834	ru	Альтенберг
2957864	ru	Альтенбекен
2957886	ru	Альтена
2958085	ru	Альтбах
2958105	ru	Алстердорф
2958128	ru	Альсфельд
2958141	ru	Альсдорф
2958173	ru	Альпирсбах
2958391	ru	Аллерсберг
2958429	ru	Алленсбах
2958438	ru	Аллендорф
2958509	ru	Альгермиссен
2958516	ru	Альфтер
2958533	ru	Альфельд
2958535	ru	Альфдорф
2958575	ru	Альдинген
2958580	ru	Альденхофен
2958595	ru	Альбштадт
2958744	ru	Альбрук
2958781	ru	Акен
2958831	ru	Айнринг
2958904	ru	Айдлинген
2958975	az	Ayxax
2958975	ru	Айхах
2959083	ru	Аренсбург
2959084	ru	Аренсбёк
2959223	ru	Ален
2959279	ru	Ахаус
2959343	ru	Аффинг
2959374	ru	Эрцен
2959390	ru	Адорф
2959441	ru	Адлерсхоф
2959479	ru	Адендорф
2959508	az	Adelshaym
2959508	ru	Адельсхайм
2959548	ru	Аделебзен
2959681	ru	Ахим
2959686	ru	Ахерн
2959766	ru	Абтсгмюнд
295982	ru	Зара
2959842	az	Abensberq
2959842	ru	Абенсберг
2959855	az	Abenberq
2959855	ru	Абенберг
2959927	ru	Ален
2959977	az	Vilts
2959977	ru	Вильц
2959977	tr	Wiltz
2960107	az	Şengen
2960107	ru	Шенген
2960160	az	Redanj-sur-Attert
2960160	ru	Реданж-сюр-Аттер
2960160	tr	Redange-sur-Attert
2960187	ru	Петанж
2960276	az	Merş
2960276	ru	Мерш
2960276	tr	Mersch
2960299	ru	Мамер
2960316	az	Lüksemburq
2960316	ru	Люксембург
2960316	tr	Lüksemburg
2960330	tr	Limpertsberg
2960380	ru	Кирхберг
2960380	tr	Kirchberg
2960515	az	Grevenmaxer
2960515	ru	Гревенмахер
2960515	tr	Grevenmacher
2960548	tr	Gasperich
2960589	ru	Эттельбрюк
2960596	ru	Эш-сюр-Алзетте
2960634	ru	Дюделанж
2960651	ru	Дифферданж
2960657	az	Diekirk
2960657	ru	Дикирх
2960657	tr	Diekirch
2960694	tr	Cessange
2960777	ru	Беттамбур
2960800	tr	Belvaux
2960869	ru	Йол
2960970	ru	Уэстпорт
2960992	ru	Уотерфорд
2961086	ru	Талламор
2961099	ru	Туам
2961107	ru	Трим
2961120	ru	Трамор
2961123	ru	Трали
2961214	ru	Тёрлс
2961235	ru	Тереньюр
2961284	ru	Талла
2961297	ru	Сордс
296137	tr	Yumurtalık
2961423	ru	Слайго
2961461	ru	Скеррис
2961523	ru	Шанкилл
2961607	ru	Саллинс
296173	ru	Юксекова
2961730	ru	Роскрей
2961732	ru	Роскоммон
2961872	ru	Ратот
2961896	ru	Ратмайнс
2961911	ru	Ратфарнем
2961960	ru	Рахени
2962019	ru	Портмарнок
2962029	ru	Портарлингтон
2962066	ru	Пассидж-Уэст
2962252	ru	Нью-Росс
2962283	ru	Ньюкасл-Уэст
2962304	ru	Нина
2962308	ru	Ан-Уавь
2962334	ru	Нейс
296247	ru	Салат
296247	tr	Yukarısalat
2962568	ru	Монахан
2962630	ru	Мидлтон
2962668	ru	Мейнут
2962714	ru	Маллоу
2962725	ru	Малахайд
2962769	ru	Ласк
2962769	tr	Lusk
2962785	ru	Лукан
2962800	ru	Лохрей
2962840	ru	Лонгфорд
2962943	ru	Лимерик
2962961	ru	Леттеркенни
2962974	ru	Лейкслип
2963007	ru	Лейтаун
2963155	ru	Кинсейл
2963398	ru	Килкенни
2963436	ru	Килдэр
2963472	ru	Килкок
2963722	ru	Хоут
2963848	ru	Грейстонс
2963962	ru	Гори
2964180	ru	Голуэй
2964180	tr	Galway
2964303	ru	Финглас
2964320	ru	Фермой
2964403	ru	Эннискорти
2964405	ru	Эннис
2964436	ru	Идендерри
2964506	ru	Дун-Лэаре
2964528	ru	Дангарван
2964532	ru	Дандрум
2964540	ru	Дандолк
2964547	ru	Данбойн
2964574	ru	Дублин
2964574	tr	Dublin
2964661	az	Droheda
2964661	ru	Дроэда
2964661	tr	Drogheda
2964690	az	Duqlas
2964690	ru	Дуглас
2964745	ru	Доннибрук
2964765	ru	Донабейт
2964765	tr	Donabate
2964767	ru	Доллимаунт
2964892	ru	Долки
2965140	ru	Корк
2965260	ru	Ков
2965260	tr	Cobh
2965381	ru	Клондолкин
2965484	ru	Клейн
2965525	ru	Чейплизод
2965529	ru	Селбридж
2965535	ru	Каван
2965599	ru	Каслнок
2965599	tr	Castleknock
296562	az	Yozqat
296562	ru	Йозгат
296562	tr	Yozgat
2965654	ru	Каслбар
2965694	ru	Карригтохилл
2965715	ru	Карригалин
2965726	ru	Каррик-он-Шур
2965733	ru	Каррикмакросс
2965882	ru	Кабинтили
2966022	ru	Брей
2966101	ru	Блессингтон
2966110	ru	Бланчардстаун
2966131	ru	Блэкрок
2966154	ru	Бирр
2966370	ru	Бандон
296644	tr	Yolbaşı
2966749	ru	Баллинколлиг
2966753	ru	Баллинасло
2966778	ru	Баллина
2966793	ru	Балдойл
2966794	az	Balbriggan
2966794	ru	Балбригган
2966837	ru	Атай
2966870	ru	Ашборн
2966883	ru	Арклоу
296708	tr	Yıldızeli
2967108	ru	Блай
2967166	ru	Изёр
2967189	ru	Ивето
2967245	ru	Йер
2967288	ru	Ворму
2967318	ru	Виттенайм
2967325	ru	Висамбур
2967351	ru	Вимрё
2967410	ru	Вазье
2967411	ru	Ваврен
2967421	ru	Ватрело
2967423	ru	Ваттиньи
2967437	ru	Васселонн
2967438	ru	Васкеаль
2967482	ru	Вамбреши
2967695	ru	Вореп
2967745	ru	Вуазен-Ле-Бретонне
2967758	ru	Вуарон
2967796	ru	Визий
2967845	ru	Виттель
2967849	ru	Витри-сюр-Сен
2967856	ru	Витри-ле-Франсуа
2967870	ru	Витроль
2967879	ru	Витрэ
2967917	ru	Вири-Шатиллон
2967934	ru	Вирофле
2967949	ru	Вирья
2967972	ru	Вир
2968054	az	Vensen
2968054	ru	Венсен
2968142	ru	Вилье-сюр-Марн
2968176	ru	Вилье-ле-Бель
2968254	ru	Вийёрбан
2968275	ru	Вильтанез
296829	tr	Yeşilova
2968316	ru	Вильрю
296832	tr	Yeşilli
2968348	ru	Виллер-Сен-Поль
2968368	ru	Виллер-ле-Нанси
2968405	ru	Виллер-Котре
2968475	ru	Вильпре
2968496	ru	Вильпаризи
2968507	ru	Вилленн-Сюр-Сен
2968510	ru	Вильнёв-Толозан
2968511	ru	Вильнев-Сюр-Ионн
2968515	ru	Вильнев-сюр-Ло
296852	ru	Эрзин
2968529	ru	Вильнёв-Сен-Жорж
2968533	ru	Вильнёв-Лубе
2968545	ru	Вильнёв-лез-Авиньон
2968546	ru	Вильнев-Ле-Руа
296860	tr	Yeşilhisar
2968626	ru	Вильмюр-сюр-Тарн
2968655	ru	Вильмуассон-Сюр-Орж
2968705	ru	Вильжюиф
2968748	ru	Вильфранш-сюр-Сон
2968749	ru	Вильфранш-сюр-Мер
2968755	ru	Вильфранш-де-Руэрг
2968771	ru	Вильфонтен
2968861	ru	Вильбон-Сюр-Иветт
2968985	ru	Виллар-Бонно
2969058	ru	Виллабе
2969109	ru	Винье-Сюр-Сен
2969213	ru	Вьё-Конде
2969257	ru	Вьерзон
2969284	ru	Вьенн
2969353	ru	Видобан
2969392	ru	Виши
2969543	ru	Ветра-Монту
2969562	ru	Везуль
2969608	ru	Вер-Сен-Дени
2969612	ru	Верту
2969679	ru	Версаль
2969692	ru	Веррьер-Ле-Бюиссон
2969741	ru	Верн-Сюр-Сеш
2969796	ru	Верней-Сюр-Сен
2969799	ru	Вернёй-сюр-Авр
2969958	ru	Верден
2970072	ru	Венисье
2970080	ru	Вене-Ле-Саблон
2970092	ru	Венель
2970110	ru	Вандом
2970113	ru	Ванден-ле-Вьей
2970128	ru	Венденайм
2970144	ru	Вандарг
2970216	ru	Вело
2970253	ru	Веден
2970338	ru	Во-Ле-Пений
2970432	ru	Вореаль
2970540	ru	Вокрессон
2970761	ru	Ванв
2970777	ru	Ван
2970797	ru	Вандёвр-ле-Нанси
2970838	ru	Вальреас
2970860	ru	Валонь
297090	ru	Дидимы
297090	tr	Didim
2970962	ru	Валлорис
2971027	ru	Валантон
2971041	ru	Валансьен
2971117	ru	Вальбонн
2971154	ru	Везон-ла-Ромен
2971157	ru	Вер-Сюр-Марн
2971258	ru	Юзес
2971286	ru	Юстарис
2971336	ru	Юррюнь
2971399	ru	Южин
2971480	ru	Тюллен
2971482	ru	Тюль
2971549	ru	Труа
2971555	ru	Трувиль-Сюр-Мер
2971651	ru	Три-Сен-Леже
2971673	ru	Трийпор
2971680	ru	Триньяк
2971689	ru	Триель-Сюр-Сен
2971722	ru	Треву
2971765	ru	Тре
2971874	ru	Трамбле-ан-Франс
2971890	ru	Трелиссак
2971896	ru	Трелазе
2971926	ru	Трегенк
2972010	ru	Треб
2972058	ru	Тран-ан-Прованс
2972191	ru	Тур
2972203	ru	Турню
2972214	ru	Турнон-сюр-Рон
2972237	ru	Турнефёй
2972253	ru	Турнан-Ан-Бри
2972270	ru	Турлавиль
2972284	ru	Туркуэн
2972315	az	Tuluza
2972315	ru	Тулуза
2972328	ru	Тулон
2972350	ru	Туль
2972468	ru	Тоннен
2972470	ru	Тонне-Шарант
2972486	ru	Томблен
2972665	ru	Тюир
2972684	ru	Туротт
2972695	ru	Туар
2972696	ru	Туаре-Сюр-Луар
2972742	ru	Тонон-ле-Бен
2972749	ru	Тон
2972811	ru	Тьонвиль
2972893	ru	Тье
2973008	ru	Таон-Ле-Вож
2973108	ru	Террассон-Лавильдье
2973146	ru	Тернье
2973258	ru	Таверни
2973355	ru	Тарнос
2973385	ru	Тарб
2973393	ru	Тараскон
2973495	ru	Таланс
2973510	ru	Талан
2973511	ru	Таланж
2973672	ru	Сюржер
2973675	ru	Сюрен
2973703	ru	Сюлли-сюр-Луар
2973748	ru	Сюсе-Сюр-Ердр
2973783	az	Strasburq
2973783	ru	Страсбург
2973783	tr	Strazburg
2973795	ru	Стирен-Вандель
2973882	ru	Суайо
2973918	ru	Сустон
2973963	ru	Супп-Сюр-Луен
2973993	ru	Сульц-О-Рен
2974087	ru	Суффельвеерсайм
2974153	ru	Соттевиль-ле-Руан
2974338	ru	Сольес-Пон
2974383	ru	Суази-Сюр-Сен
2974385	ru	Суази-су-Монморанси
2974389	ru	Суассон
2974427	ru	Сис-Фур-ле-Плаж
2974446	ru	Систерон
2974494	ru	Сен-ле-Нобль
2974519	ru	Симьян-Коллонг
2974640	ru	Сезанн
2974645	ru	Сесине-Паризе
2974655	ru	Сейно
297466	tr	Yayladağ
2974678	ru	Севр
2974678	tr	Sevr
2974681	ru	Севран
2974733	ru	Сет
2974925	ru	Сериньян
2975120	ru	Сенас
2975233	ru	Селеста
2975292	ru	Сешам
2975314	ru	Сегре
2975349	ru	Седан
2975361	ru	Секлен
2975485	ru	Скаер
2975525	ru	Савиньи-сюр-Орж
2975536	ru	Савиньи-ле-храм
2975588	ru	Саверн
2975597	ru	Савене
2975702	ru	Сотрон
2975726	ru	Соссе-ле-Пен
2975758	ru	Сомюр
2975844	ru	Сожон
2975908	ru	Саснаж
2975916	ru	Сарзо
2975953	ru	Саррьян
2975964	ru	Саргемин
2975967	ru	Саррбур
2976007	ru	Сарла-ла-Канеда
2976043	ru	Сарсель
2976108	ru	Сант
2976179	ru	Саннуа
2976258	ru	Санари-сюр-Мер
2976341	ru	Салон-де-Прованс
2976404	ru	Салломин
2976406	ru	Салланш
2976444	ru	Сали-де-Беарн
2976542	ru	Сент-Ирьекс-сюр-Шарант
2976546	ru	Сент-Ирье-Ла-Перш
2976656	ru	Сен-Викторе
2976742	ru	Сан-Тропе
2976879	ru	Сен-Сюльпис-ла-Пуант
2976984	ru	Санкт-Себастьян-сюр-Луар
2977058	ru	Сен-Сольв
2977103	ru	Сентри-Сюр-Сен
2977189	ru	Сен-Ренан
2977214	ru	Сен-Реми-де-Прованс
2977246	ru	Сен-Рафаэль
2977277	ru	Сен-Кантен-Фаллавье
2977365	ru	Сен-Пурсен-сюр-Сьюль
2977387	ru	Сен-Поль-сюр-Тернуаз
2977388	ru	Сен-Поль-сюр-Мер
2977390	ru	Сен-Поль-Де-Леон
2977425	ru	Сен-Пьерр-Ле-Немур
2977458	ru	Сен-Пьерр-Дю-Перре
2977471	ru	Сен-Пьер-д’Олерон
2977638	ru	Сен-Поль-Труа-Шато
2977648	ru	Сен-Поль-ле-Дакс
2977709	ru	Сен-Патюс
2977800	ru	Сент-Уан-л'Омон
2977824	ru	Санкт-Оуэн
2977832	ru	Сент-Оренс-де-Гамвиль
2977880	ru	Сен-Никола-де-Пор
297789	ru	Ялвач
2977921	ru	Сен-Назер
2977947	ru	Сен-Митр-ле-Рампар
2977948	ru	Сен-Миель
2977952	ru	Сен-Мишель-сюр-Орж
2978072	ru	Санкт-Медард-ан-Жалль
2978100	ru	Сен-Максимен-ла-Сент-Бом
2978105	ru	Сен-Макс
2978179	ru	Сен-Мор-де-Фоссе
2978238	ru	Сен-Мартен-ле-Вину
2978317	ru	Сен-Мартен-д'Эр
297838	ru	Ялыкавак
297838	tr	Ortakent
2978396	ru	Сен-Мартен-де-Кро
2978439	ru	Сен-Мартен-Булонь
2978618	ru	Сен-Мандрие-сюр-Мер
2978621	ru	Санкт-Манде
2978640	ru	Сен-Мало
2978658	ru	Сен-Макэр-ан-Мож
2978661	ru	Сен-Лис
2978742	ru	Сен-Луи
2978749	ru	Сен-Лубес
2978758	ru	Сен-Ло
2978768	ru	Сен-Лё-ла-Форе
2978891	ru	Сен-Лоран-дю-Вар
2978949	ru	Сен-Лоран-Бланжи
2979010	ru	Сен-Жю-ан-Шоссе
2979072	ru	Сен-Жюльен-ан-Женевуа
297917	ru	Яхьялы
297917	tr	Yahyalı
2979261	ru	Сен-Жан-Де-Ведас
2979303	ru	Сен-Жан-де-Морьен
2979309	ru	Сен-Жан-де-Люз
2979316	ru	Сен-Жан-Де-Ла-Рюель
2979363	ru	Сен-Жан-д’Анжели
2979371	ru	Сен-Жан-Боннфон
2979698	ru	Сен-Жерве-ле-Бен
2979752	ru	Сен-Жермен-Ле-Корбей
2979755	ru	Сен-Жермен-Лез-Арпажон
2979783	ru	Сен-Жермен-ан-Ле
2979790	ru	Сен-Жермен-дю-Пюи
2979941	ru	Сен-Жорж-де-Дидон
2979983	ru	Сен-Жени-Пуйи
2979985	ru	Сен-Жени-Лаваль
2980097	ru	Сен-Фон
2980107	ru	Сен-Флоран-сюр-Шер
2980236	ru	Сент-Этьен-дю-Руврэ
2980283	ru	Сент-Этьенн-о-Мон
2980291	az	Sent-Etyen
2980291	ru	Сент-Этьен
2980313	ru	Сент-Естев
2980328	ru	Сент-Сиголен
298033	ru	Вираншехире
2980335	ru	Сент-Савин
2980400	ru	Сент-Мену
2980402	ru	Сент-Максим
2980519	ru	Сент-Ливрад-Сюр-Лот
298053	tr	Başverimli
2980558	ru	Сент-Женевьев-де-Буа
2980586	ru	Сент-Фуа-ле-Лион
2980636	ru	Сент-Эгрев
2980795	ru	Сент-Адресс
2980816	ru	Санкт-Дизье
2980827	az	Sen-Dye-de-Voj
2980827	ru	Сен-Дье-де-Вож
298088	ru	Варто
298091	ru	Варсак
2980916	ru	Сен-Дени
2980933	ru	Сен-Сир-сюр-Мер
2980942	ru	Сен-Сир-Леколь
2981041	az	Sen Klu
2981041	ru	Сен-Клу
2981073	ru	Сен-Клеман-де-Ривьер
298117	az	Van
298117	ru	Ван
298117	tr	Van
2981173	ru	Сен-Кристоль-Лез-Алес
2981206	ru	Сен-Шамон
2981280	ru	Сент-Брие
2981283	ru	Сен-Брис-су-Форе
2981296	ru	Сен-Бревен-Ле-Пен
2981492	ru	Сент-Авольд
2981512	ru	Сент-Авертен
2981515	ru	Сент-Аве
2981629	ru	Сент-Арну-ан-Ивелин
2981655	ru	Сент-Аполлинер
2981779	ru	Сент-Андре-ле-Лилль
2981837	ru	Сент-Аман-Монрон
2981839	ru	Сент-Аман-лез-О
2981878	ru	Сент-Альбан-Лес
2981925	ru	Сент-Африк
2981941	ru	Сен-ан-Гоэль
2982076	ru	Сабле-Сюр-Сарт
2982231	ru	Рюэль-сюр-Тувр
2982235	ru	Рюэй-Мальмезон
2982343	az	Ruayan
2982343	ru	Руайан
2982652	az	Ruan
2982652	ru	Руан
2982681	ru	Рубе
2982745	ru	Роспордан
2982757	ru	Рони-су-Буа
2982835	ru	Роквер
2982875	ru	Рокбрюн-сюр-Аржанс
2982876	ru	Рокбрюн-Кап-Мартен
2982938	ru	Ронк
2982944	ru	Роншен
2982967	ru	Роморантен-Лантене
2982972	ru	Ромийи-сюр-Сен
298299	az	Uşak
298299	ru	Ушак
298299	tr	Uşak
2983005	ru	Ромба
2983011	ru	Роман-сюр-Изер
2983026	ru	Роменвиль
2983050	ru	Романья
2983074	ru	Руасси-ан-Бри
2983130	ru	Роньяк
2983154	ru	Родез
298316	ru	Урла
298326	tr	Ürgüp
2983268	ru	Рошфор-Дю-Гар
2983276	ru	Рошфор
298333	az	Şanlıurfa
298333	ru	Эдесса
298333	tr	Şanlıurfa
2983362	ru	Роанн
2983393	ru	Ривальт
2983489	ru	Рьом
2983536	ru	Риллиэукс-ла-Пап
298360	ru	Умурлу
2983629	ru	Ридисайм
2983770	ru	Реза
2983806	ru	Ревен
2983891	ru	Ретель
2983990	az	Ren
2983990	ru	Ренн
2984050	ru	Ремирмон
2984114	ru	Реймс
2984135	ru	Рейшстет
2984136	ru	Рейшсоффен
298433	ru	Улудере
298435	ru	Арсуз
2984410	ru	Раон-Л'Етап
2984493	ru	Рамонвиль-Сент-Ань
298451	ru	Улуборлу
2984513	ru	Рамбуйе
2984516	ru	Рамбервиллер
2984537	ru	Рем
298454	ru	Улубеи
2984699	ru	Кемперле
2984701	ru	Кемпер
2984728	ru	Кьеврешен
2984741	ru	Киберон
2984781	ru	Кестамбер
2984787	ru	Кенуа-сюр-Дёль
298485	ru	Ула
2985034	ru	Пюто
2985143	ru	Пюже-сюр-Аржан
2985229	ru	Провэн
2985290	ru	Прива
2985934	ru	Пор-Сен-Луи-дю-Рон
2985947	ru	Порто-Веккьо
2985968	ru	Пор-ла-Нувель
2985982	ru	Порте-сюр-Гарон
2985987	ru	Порт-Ле-Валанс
2986025	ru	Пор-де-Бук
2986066	ru	Пордик
2986109	ru	Пон-Сент-Эспри
2986110	ru	Пон-Сент-Максанс
2986140	ru	Понтуаз
2986158	ru	Пон-л'Аббе
2986160	ru	Понтиви
2986219	ru	Пон-Дю-Шато
2986275	ru	Поншарра
2986294	ru	Понт-Одеме
2986302	ru	Понтарлье
2986306	ru	Понт-а-Муссон
2986495	ru	Пуатье
2986501	ru	Пуасси
2986593	ru	Плювинье
2986626	ru	Плузане
2986664	ru	Плугерно
2986674	ru	Плугастель-Даулас
2986678	ru	Плуфраган
2986692	ru	Плудальмезо
2986708	ru	Плонеур-Ланверн
2986729	ru	Плоермель
2986732	ru	Плоемер
2986795	ru	Плерен
2986818	ru	Пледран
2986889	ru	План-де-Кюк
2986991	ru	Плабеннек
2987003	ru	Питивье
2987180	ru	Пиньян
2987271	ru	Пьеррфитт-Сюр-Сен
298728	ru	Тут
2987376	ru	Пибрак
2987429	ru	Фастат
2987441	ru	Пезенас
2987547	ru	Пепен
2987706	ru	Петит-Россель
2987805	ru	Пессаке
2987863	ru	Перрос-Гирек
2987914	ru	Перпиньян
2987930	ru	Перонна
2987936	ru	Пероль
2987945	ru	Перн-ле-Фонтен
2987967	ru	Периге
2988003	ru	Перанши
2988186	ru	Пелиссан
2988220	ru	Пегома
2988236	ru	Пеканкур
2988358	ru	Пау
2988447	ru	Партене
298846	az	Tuncəli
298846	ru	Тунджели
298846	tr	Tunceli
2988490	ru	Пармен
2988507	az	Paris
2988507	ru	Париж
2988507	tr	Paris
2988589	ru	Паре-Вьей-Пост
2988592	ru	Паре-Ле-Моньяль
2988621	ru	Пантин
2988657	ru	Паназоль
2988670	ru	Памье
2988742	ru	Палавас-Ле-Фло
2988758	ru	Палезо
2988796	ru	Пемполь
298882	ru	Туфанбейли
2988867	ru	Озуар-Ла-Феррьер
2988888	ru	Ойонна
2988893	ru	Уа-Плаж
2988936	ru	Утро
2989013	ru	Уистреам
2989088	ru	Оти
2989094	ru	Острикур
2989130	ru	Они
2989170	ru	Орво
2989187	ru	Ортез
2989204	ru	Орсе
2989271	ru	Ормессон-Сюр-Марн
2989297	ru	Орли
2989317	az	Orlean
2989317	ru	Орлеан
298935	ru	Торбалы
298935	tr	Torbalı
2989422	ru	Орши
2989460	ru	Оранж
2989569	ru	Олорон-Сент-Мари
2989572	ru	Олонн-Сюр-Мер
2989590	ru	Ольюль
2989611	ru	Олива
298977	ru	Топраккале
2989796	ru	Оберне
2989819	ru	Ньон
2989837	ru	Нюи-Сен-Жорж
2989877	ru	Нуайон
2989897	ru	Нуайель-су-Ланс
2989901	ru	Нуайель-Годо
2989943	ru	Нузонвиль
2990056	ru	Нотр-Дам-Де-Граваншон
2990085	ru	Нор-Сюр-Ердр
2990187	ru	Шумная-ле-Сек
2990189	ru	Шумная-ле-Гран
2990263	ru	Ножан-сюр-Сен
2990264	ru	Ножан-сюр-Уаз
2990265	ru	Ножан-сюр-Марн
2990272	ru	Ножан-ле-Ротру
2990287	ru	Нё-ле-Мин
2990355	ru	Ньор
2990363	ru	Ним
2990377	ru	Ньёль-сюр-Мер
2990392	ru	Ньепп
299044	tr	Pınarbaşı
2990440	az	Nis
2990440	ru	Ницца
2990474	az	Never
2990474	ru	Невер
299054	ru	Томарза
2990543	ru	Нёвиль-ан-Феррен
2990611	az	Nöyi-sür-Sen
2990611	ru	Нёйи-сюр-Сен
2990612	ru	Нейи-сюр-Марн
2990680	ru	Нёшатель-ан-Бре
2990780	ru	Нерак
2990793	ru	Немур
2990919	ru	Нарбонна
2990969	ru	Нант
2990969	tr	Nantes
2990970	ru	Нантер
2990999	ru	Нанси
2991036	ru	Нентре
2991086	ru	Мюциг
2991153	ru	Мюре
2991199	ru	Мюндольсайм
2991214	ru	Мюлуз
2991264	ru	Муаевр-Гранд
2991297	ru	Муи
2991302	ru	Муво
2991431	ru	Муранс
2991481	ru	Мулин
2991551	ru	Мужен
2991692	ru	Морто
2991700	ru	Мортань-Сюр-Севр
2991743	ru	Морнан
2991772	ru	Морле
2991799	ru	Морьер-лез-Авиньон
2991832	ru	Море
2991868	ru	Мордель
2992003	ru	Мон-Сент-Еньян
2992017	ru	Монруж
2992090	ru	Монтрей
2992132	ru	Монпон-Менестероль
2992166	az	Monpelye
2992166	ru	Монпелье
2992206	ru	Монтуар-Де-Бретань
2992225	ru	Монморийон
2992229	ru	Монморанси
2992290	ru	Монлюэль
2992292	ru	Монлюсон
2992309	ru	Монлери
2992402	ru	Монтиньи-ле-Мец
2992404	ru	Монтиньи-ле-Кормей
2992415	ru	Монтиньи-ле-Бретоннё
2992420	ru	Монтиньи-ан-Гоэль
2992536	ru	Монжероне
2992581	ru	Монфор-Сюр-Ме
2992616	ru	Монфермей
2992650	ru	Монтессон
2992671	ru	Монтро-Фот-Йон
2992703	ru	Монтелимаре
2992741	ru	Монте-Карло
2992771	ru	Мон-де-Марсан
2992863	ru	Монке-ле-Мине
2992938	ru	Монбельяр
2992953	ru	Монбар
2993002	ru	Монтобан
2993004	ru	Монтатер
2993024	ru	Монтаржи
2993277	ru	Монистроль-Сюр-Луар
2993458	ru	Монако
2993476	ru	Мольсем
2993572	ru	Муасси-Крамайель
2993586	ru	Муассак
2993605	ru	Муаран
2993647	ru	Моелан-Сюр-Мер
2993679	ru	Митри-Мори
2993712	ru	Мирибель
2993728	ru	Мирекур
2993760	ru	Мирама
2993780	ru	Мйон
2993830	ru	Мимизан
2993875	ru	Мийо
2994043	ru	Мез
2994049	ru	Мейте
2994087	ru	Мелан
2994094	ru	Мексимьё
2994126	ru	Мен-Сюр-Луар
299413	ru	Текман
2994144	ru	Мёдон
2994160	ru	Мец
2994160	tr	Metz
2994283	ru	Мери-сюр-Уаз
2994306	ru	Мерю
2994494	ru	Менюкур
2994497	ru	Ментона
2994534	ru	Меннеси
2994617	ru	Манд
2994651	ru	Мелён
2994697	ru	Мелесс
2994756	ru	Меэн-сюр-Йевр
2994768	ru	Межев
2994798	ru	Мо
2994837	ru	Мазенгарб
2994902	ru	Мазаме
2994951	ru	Максевиль
2995121	ru	Могио
2995150	ru	Мобёж
2995206	ru	Масси
2995339	ru	Марвежоль
2995387	ru	Мартиг
2995404	ru	Мартиньяс-Сюр-Жаль
2995456	ru	Марсиярг
2995469	az	Marsey
2995469	ru	Марсель
2995469	tr	Marsilya
2995489	ru	Марсанне-ла-Кот
2995536	ru	Маркетт-ле-Лилль
2995563	ru	Маромм
2995642	ru	Марманд
2995652	ru	Марли-ле-Руа
2995653	ru	Марли-ла-Виль
2995669	ru	Марль-ле-Мин
299575	ru	Тавас
2995750	ru	Мариньян
2995782	ru	Маргеритт
2995790	ru	Марньи-ле-Компьень
299582	ru	Татван
299582	tr	Tatvan
2995908	ru	Марк-ан-Барёль
2995916	ru	Маркусси
2996146	ru	Мант-Ла-Виль
2996148	ru	Мант-ля-Жоли
2996180	ru	Маноске
2996236	ru	Мандюель
2996251	ru	Мандер
2996255	ru	Мандельё-ла-Напуль
2996291	ru	Маме
2996298	ru	Мальзевиль
2996397	ru	Мальмор
2996538	ru	Мезьер-ле-Мец
2996564	ru	Мезон-Лафит
2996568	ru	Мезон-Альфор
2996764	ru	Маньи-ан-Вексен
2996802	ru	Маньянвиль
2996882	ru	Макон
2996927	ru	Лис-ле-Ланнуа
2996944	az	Lion
2996944	ru	Лион
2996944	tr	Lyon
2996995	ru	Люксёй-ле-Бен
2997010	ru	Люттербак
2997110	ru	Люневиль
2997116	ru	Люнель
2997184	ru	Людр
2997317	ru	Лувр
2997336	ru	Лувье
2997351	ru	Лувесьен
2997395	ru	Лурд
2997439	ru	Луан
2997457	ru	Лудён
2997465	ru	Лудеак
2997556	ru	Лормон
2997569	ru	Лорйоль-Сюр-Дром
2997577	ru	Лорьян
2997581	ru	Лорг
2997619	ru	Лос-ан-Гоэль
2997621	ru	Лон-Плаж
2997626	ru	Лон-ле-Сонье
2997628	ru	Лонс
2997638	ru	Лонгви
2997644	ru	Лонвик
2997646	ru	Лонгюйон
2997670	ru	Лонгнесс
2997681	ru	Лонго
2997712	ru	Лонжюмо
2997803	ru	Ломм
2997904	ru	Лонь
2997936	ru	Лодев
2997996	ru	Лош
2998078	ru	Ливердён
2998105	ru	Лисс
2998127	ru	Л'Иль-сюр-ла-Сорг
2998150	ru	Лизьё
299817	ru	Тарсус
299817	tr	Tarsus
2998209	ru	Ленсель
2998224	ru	Ленгольсайм
2998264	ru	Лиму
2998269	ru	Лимур
2998286	ru	Лимож
2998305	ru	Лимей-Бреванн
2998320	ru	Лиллер
2998322	ru	Лилльбонн
2998324	az	Lil
2998324	ru	Лилль
2998423	ru	Лиффре
2998431	ru	Лиевен
2998517	ru	Либурн
2998520	ru	Либеркур
2998532	ru	Льянкур
2998639	ru	Лезу
2998644	ru	Лезиньян-Корбьер
2998854	ru	Ле-Везине
2998975	ru	Леваллуа-Перре
299900	ru	Талас
2999093	ru	Ле-Трепор
2999126	ru	Ле-Тре
2999139	ru	Ле-Туке-Пари-Плаж
2999180	ru	Ле-Тор
2999259	ru	Ле-Тей
2999260	ru	Ле-Теш
2999296	ru	Ле-Таян-Медок
2999683	ru	Ле-Сабль-д’Олон
2999838	ru	Лескен
2999908	ru	Ле-Пон-Де-Се
3000047	ru	Ле-Пен-Мирабо
3000072	ru	Леспар-Медок
3000139	ru	Ле-Соле
3000174	ru	Лесневен
300032	tr	Sutaşı
300058	ru	Сусурлук
300075	ru	Суруч
3001617	ru	Лескар
3002172	ru	Лез-Андели
3002351	ru	Ле-Ре
3002373	ru	Ле-Релек-Керюон
3002443	ru	Ле-Пюи-Сент-Репарад
3002465	ru	Пюи-ан-Веле
3002510	ru	Ле-Праде
3002551	ru	Ле-Портель
3002626	ru	Ле-Пуэнсоне
3002647	ru	Ле-Плесси-Тревиз
3002650	ru	Ле-Плесси-Робинсон
3002679	ru	Ле-Плесси-Бушар
3002880	ru	Ле-Пети-Кевилли
3002967	ru	Ле-Перре-Ан-Ивелин
3002984	ru	Ле-Пек
3003067	ru	Леоньян
3003093	ru	Ланс
3003148	ru	Ле-Мюи
3003375	ru	Ле-Мений-Ле-Руа
3003391	ru	Ле-Мений-Енар
300352	ru	Соргуне
3003603	ru	Ле-Ман
3003603	tr	Le Mans
3003650	ru	Ле-Люк
3003661	ru	Ле-Лору-Боттеро
300371	ru	Сомы
3003713	ru	Ле-Лаванду
3003737	ru	Ле-Кремлен-Бисетр
3003796	az	Havr
3003796	ru	Гавр
3003859	ru	Ле-Аян
3003874	ru	Легевен
3003952	ru	Гран-Кевилли
300399	ru	Сок
3004078	ru	Гон-Понтувр
3004213	ru	Лефоре
3004244	ru	Леффренкук
3004314	ru	Лерс
300438	tr	Söğütlü
3004427	ru	Ле-Крёзо
3004630	ru	Ле-Шене
3004871	ru	Ле-Канне
3005066	ru	Ле-Буска
3005269	ru	Ле-Блан-Мениль
3005326	ru	Ле-Босе
3005417	ru	Лаксу
3005435	ru	Ла-Вульт-сюр-Рон
3005524	ru	Ла-Виль-Дю-Буа
3005639	ru	Ла-Веррьер
3005651	ru	Ла-Верпийер
3005712	ru	Лавлане
3005825	ru	Ла-Валет-дю-Вар
3005866	ru	Лаваль
3006121	ru	Лат
3006131	ru	Ла-Тронш
300614	ru	Сивереке
300619	az	Sivas
300619	ru	Сивас
300619	tr	Sivas
3006202	ru	Ла-Тур-дю-Пен
3006283	ru	Ла-Тест-де-Буха
3006387	ru	Ла-Сутеррен
300640	ru	Ширнак
3006414	ru	Ла-Сен-сюр-Мер
3006531	ru	Ла-Сальветат-Сен-Жиль
3006767	ru	Ла-Рош-сюр-Йон
3006770	ru	Ла-Рош-Сюр-Форон
3006787	az	La Roşel
3006787	ru	Ла-Рошель
3006876	ru	Лармор-Плаж
3006928	ru	Ла-Риш
3007064	ru	Ла-Равуар
3007401	ru	Ла-Пен-сюр-Ювон
3007477	ru	Лана
300754	tr	Sinanpaşa
3007609	ru	Ланнион
3007622	ru	Ланмезан
3007663	ru	Лангидик
3007666	ru	Лангё
3007680	ru	Лангр
3007842	ru	Ландивизьйо
3007874	ru	Ландерно
3007912	ru	Лансон-Прованс
3007957	ru	Ла Мюр
300796	ru	Сильван
300796	tr	Silvan
300797	ru	Силопи
3007998	ru	Ла-Мот-Серволе
3008074	ru	Ламорле
300808	ru	Силифке
300808	tr	Silifke
3008198	ru	Ламбр-ле-Дуэ
3008208	ru	Ламбеск
3008218	ru	Ламберсар
300822	ru	Сиирт
300822	tr	Siirt
3008225	ru	Ламбаль
3008379	ru	Мадлен
3008432	ru	Ла-Лонд-ле-Мор
3008981	ru	Ла-Гранд-Мотт
3009050	ru	Ла-Горг
3009071	ru	Ланьи-Сюр-Марн
3009073	ru	Ланьё
3009150	ru	Ла-Год
3009443	ru	Ла-Флеш
3009481	ru	Ла-Ферте-Су-Жуарр
3009484	ru	Ла-Ферте-Сент-Обен
3009486	ru	Ла-Ферте-Масе
3009494	ru	Ла-Ферте-Бернар
3009575	ru	Ла-Фар-лез-Оливье
3009791	ru	Ла-Кро
3009824	ru	Ла-Курнев
3009937	ru	Ла-Кондамин
3009978	ru	Ла-Коль-сюр-Лу
3010025	ru	Ла-Сьота
3010201	ru	Ля-Шарите-сюр-Луар
3010271	ru	Ла-Шапель-Сен-Люк
3010720	ru	Лабрюгьер
301101	ru	Серик
301116	tr	Koçhisar
3011307	ru	Ля-Басэ
3011312	ru	Лабарт-сюр-Лез
301167	tr	Şenköy
3012004	ru	Жювиньяк
3012049	ru	Жюрансон
3012142	az	Jüan-le-Pen
3012142	ru	Жюан-ле-Пен
3012162	ru	Жуи-ле-Мутье
3012219	ru	Жу-ле-Тур
3012234	ru	Жуар-Поншартрен
3012322	ru	Жёф
3012346	ru	Жёмон
301238	ru	Сиде
301238	tr	Side
3012444	ru	Жассан-Риотье
3012467	ru	Жарни
3012495	ru	Жанзе
301256	ru	Сельчук
3012621	ru	Иври-сюр-Сен
3012638	ru	Иттвиль
3012647	ru	Истра
3012649	ru	Исси-ле-Мулино
3012655	ru	Исудён
3012664	ru	Иссуар
3012725	ru	Исберг
3012780	ru	Енгре
3012829	ru	Ильзак
3012834	ru	Илькирш-Граффенштаден
3012848	ru	Иль-Сюр-Тет
3012937	ru	Иер
3012979	ru	Юненг
3013082	ru	Уплин
3013122	ru	Уден
3013173	ru	Онфлёр
3013195	ru	Омекур
3013196	ru	Омбур-От
3013258	ru	Ирсон
3013350	ru	Еттанж-Гранд
3013403	ru	Эрувиль-Сен-Клер
3013477	ru	Эрбле
3013521	ru	Энбон
3013525	ru	Энен-Бомон
301353	tr	Şefaatlı
3013534	ru	Андай
3013619	ru	Азбрук
3013681	ru	Отмон
3013701	ru	Йюс
3013862	ru	Обурден
3013908	ru	Арн
3013922	ru	Арфлёр
3014034	ru	Аллюэн
3014067	ru	Айикур
3014078	ru	Агно
3014080	ru	Агонданж
3014143	ru	Гюйанкур
3014175	ru	Гюжан-Местрас
3014195	ru	Гюиз
3014213	ru	Гипава
3014221	ru	Генган
3014224	ru	Гин
3014280	ru	Гиле
301431	ru	Савур
301431	tr	Savur
3014334	ru	Геньон
3014383	ru	Гере
3014392	ru	Геранд
3014393	ru	Гер
3014407	ru	Генанж
3014433	ru	Гебвиллер
3014540	ru	Гроле
3014728	az	Qrönobl
3014728	ru	Грeнобль
3014816	ru	Гравлин
3014828	ru	Гроле
301483	ru	Сасон
301483	tr	Sason
3014856	ru	Грас
3014867	ru	Гранвиль
3015126	ru	Гран-Фор-Филипп
3015160	ru	Гранд-Сент
301529	tr	Edremit
3015419	ru	Градиньян
3015424	ru	Грабель
3015460	ru	Гувьё
3015507	ru	Гурне-Сюр-Марн
3015509	ru	Гурне-Ан-Бре
3015522	ru	Гурен
3015601	ru	Гуену
3015689	ru	Гонесс
3015902	ru	Живор
3015904	ru	Живе
3015926	ru	Жизор
3016070	ru	Жиньяк-ла-Нерт
3016078	ru	Жиф-сюр-Иветт
3016089	ru	Жьер
3016177	ru	Жерза
3016274	ru	Жерарме
3016321	ru	Женвилье
3016332	ru	Жанлис
3016398	ru	Жемнос
3016424	ru	Гайспольсайм
3016621	ru	Гарж-ле-Гонесс
3016622	ru	Гаржанвиль
3016635	ru	Гареу
3016667	ru	Гардан
3016675	ru	Гарш
3016702	ru	Гап
3016711	ru	Ганна
3016807	ru	Гайон
3016824	ru	Гайак
3016830	ru	Ганьи
3016878	ru	Фюво
3016903	ru	Фюмель
3016940	ru	Фрузен
3016944	ru	Фруар
3016956	ru	Фронтиньян
3017167	ru	Френ-сюр-Эско
3017178	ru	Френ
301719	tr	Sarıhamzalı
3017253	ru	Фрежюс
3017556	ru	Фукьер-ле-Ланс
3017609	ru	Фужер
3017624	ru	Фуэнан
3017651	ru	Фос-сюр-Мер
3017660	ru	Фосс
3017805	ru	Форбах
3017902	ru	Фонтене-Трезиньи
3017910	ru	Фонтене-су-Буа
3017921	ru	Фонтене-ле-Конт
3017924	ru	Фонтене-о-Роз
3018032	ru	Фонтен-ле-Дижон
3018074	ru	Фонтенбло
3018095	ru	Фонтейн
3018124	ru	Фондетт
3018174	ru	Фуа
3018257	ru	Флин-ле-Раш
3018279	ru	Флери-Мерожи
3018323	ru	Флёранс
3018506	ru	Фижак
3018544	ru	Фейзен
3018560	ru	Фер
3018650	ru	Ферьер-ла-Гранд
3018679	ru	Ферне-Вольтер
3018679	tr	Ferney Voltaire
3018739	ru	Фенен
3018778	ru	Феньи
3018794	ru	Фекан
3018903	ru	Фаверж
3018946	ru	Фолькемон
3019044	ru	Фареберсвиллер
3019077	ru	Фамек
301911	ru	Сандикли
3019153	ru	Фаш-Тюмениль
3019160	ru	Фабрег
3019175	ru	Эзанвиль
3019219	ru	Эгьер
3019238	ru	Эбанс
3019259	ru	Еврон
3019265	ru	Эврё
3019280	ru	Эвьян-ле-Бен
301943	ru	Самсат
3019441	ru	Этапль
3019459	ru	Этамп
3019578	ru	Эстер
3019607	ru	Эссе-ле-Нанси
301962	tr	Şambayadı
301975	tr	Samandağı
3019766	ru	Ла-Боль-Эскублак
3019854	ru	Ебли
3019865	ru	Ерстен
3019895	ru	Ерне
3019897	ru	Эрмон
3019920	ru	Ерге-Габерик
3019960	ru	Екердревиль-Енневиль
3019985	ru	Епон
3020020	ru	Эпине-сюр-Сен
3020024	ru	Епине-Су-Сенар
3020035	ru	Эпиналь
3020057	ru	Епернон
302006	ru	Акбез
302006	tr	Salmanuşağı
3020062	ru	Эперне
3020142	ru	Антрег-сюр-ла-Сорг
3020152	ru	Энсисайм
3020188	ru	Анген-ле-Бен
3020281	ru	Ельн
3020307	ru	Эльбёф
3020310	ru	Еланкур
3020330	ru	Эгюий
3020346	ru	Егли
3020440	ru	Экуан
3020489	ru	Екбольсайм
3020495	ru	Эшироль
3020601	ru	Обонн
3020686	ru	Дюнкерк
3020810	ru	Дрё
3020832	ru	Дравей
3020839	ru	Дранси
3020850	ru	Драгиньян
3020886	ru	Дуврен
3020887	ru	Дувр-ла-Деливранд
3020917	ru	Дурж
3020925	ru	Дурдан
3020944	ru	Дуллан
3020980	ru	Души-ле-Мин
3020996	ru	Дуарнене
3021000	ru	Дуэ
3021150	ru	Домон
3021210	ru	Домен
3021221	ru	Домбаль-сюр-Мёрт
3021263	ru	Доля
3021264	ru	Доль-де-Бретань
3021296	ru	Дивон-ле-Бен
3021298	ru	Дивьон
3021301	ru	Див-сюр-Мер
3021351	ru	Динар
3021356	ru	Динан
3021372	ru	Дижон
3021377	ru	Дигуэн
3021382	ru	Динь-ле-Бен
3021411	ru	Дьеп
3021516	ru	Дёй-ла-Барр
3021524	ru	Девр
3021570	ru	Деоль
3021605	ru	Денен
3021661	ru	Десиз
3021663	ru	Деши
3021664	ru	Деказвиль
3021993	ru	Кюссе
3022151	ru	Кюньо
3022158	ru	Кюэр
3022167	ru	Кюк
3022242	ru	Крозон
3022331	ru	Кроль
3022513	ru	Крётцвальд
3022530	ru	Кретей
3022569	ru	Крепи-ан-Валуа
3022610	ru	Крей
3022799	ru	Кутра
3022826	ru	Кутанс
3022897	ru	Куртезон
3022956	ru	Курсан
3022969	ru	Курьер
3023044	ru	Курдиманш
3023097	ru	Курсель-ле-Ланс
3023141	ru	Курбевуа
3023214	ru	Кулунье-Шамье
3023254	ru	Кулонь
3023324	ru	Куерон
3023356	ru	Кудкерк-Бранш
3023506	ru	Корт
302355	ru	Рейханлы
3023606	ru	Корнбарьё
3023628	ru	Кормонрей
3023645	ru	Кормей-ан-Паризи
3023742	ru	Корби
3023763	ru	Корбей-Эссон
3023771	ru	Корба
3023924	ru	Конфлан-Сент-Онорин
3023953	ru	Конде-сюр-Нуаро
3023955	ru	Конде-сюр-л’Эско
3024035	ru	Конкарно
3024066	ru	Компьень
3024086	ru	Коммерси
3024090	ru	Коммантри
3024137	ru	Комбур
3024223	ru	Коломье
3024266	ru	Коломб
3024267	ru	Коломбель
3024297	ru	Кольмар
3024421	ru	Коголен
3024440	ru	Коньяк
3024578	ru	Клисон
3024596	ru	Клиши-су-Буа
3024597	ru	Клиши
3024635	az	Klermon-Feran
3024635	ru	Клермон-Ферран
3024783	ru	Кламар
302482	ru	Позанты
3024865	ru	Варенн-Возель
3024979	ru	Сибур
3025053	ru	Шоле
3025055	ru	Шуази-ле-Руа
3025132	ru	Шинон
302525	ru	Полатли
302525	tr	Polatlı
3025294	ru	Шеврёз
3025314	ru	Шевильи-Ларю
3025324	ru	Шевиньи-Сен-Совёр
3025466	az	Şerburq-Oktevil
3025466	ru	Шербур-Октевиль
3025509	ru	Шеннвьер-Сюр-Марн
3025715	ru	Шавиль
3025860	ru	Шони
3025892	ru	Шомон
3026033	ru	Шату
3026046	ru	Шатийон-сюр-Сен
3026094	ru	Шатенуа-Ле-Руаяль
3026108	ru	Шатне-Малабри
3026141	ru	Шательро
3026172	ru	Шателайон-Плаж
3026194	ru	Шато-Тьерри
3026204	ru	Шатору
3026211	ru	Шаторенар
3026227	ru	Шатонёф-ле-Мартиг
3026262	ru	Шатолен
3026285	ru	Шатодён
3026303	ru	Шатобриан
3026384	ru	Шас-сюр-Рон
3026465	ru	Шартр-Де-Бретань
3026467	az	Şartr
3026467	ru	Шартр
3026613	az	Şarlevil Mezyer
3026613	ru	Шарлевиль-Мезьер
3026637	ru	Шарантон-ле-Пон
302667	tr	Pınarbaşı
3026757	ru	Шапоно
3026823	ru	Шантонне
3026862	ru	Шантелу-Ле-Винь
3027014	ru	Шан-сюр-Марн
3027105	ru	Шампиньи-сюр-Марн
3027126	ru	Шампиньёль
3027235	ru	Шампаньоль
302724	ru	Пертек
3027242	ru	Шампань-Сюр-Сен
3027301	ru	Шамони
3027422	ru	Шамбери
3027453	ru	Шамальер
3027484	ru	Шалон-сюр-Сон
3027487	ru	Шалон-ан-Шампань
3027705	ru	Шабей
3027767	ru	Сессон-Севинье
302787	ru	Пазарлар
3027883	ru	Сержи
3027888	ru	Серет
3027950	ru	Сенон
302800	ru	Пазарджик
3028028	ru	Себаза
3028129	ru	Кавалер-сюр-Мер
3028134	ru	Кавайон
302819	ru	Патнос
3028205	ru	Кодри
302824	ru	Пасинлер
3028263	ru	Кастр
3028322	ru	Кастельсарразен
3028351	ru	Кастельнодари
3028409	ru	Кастане-Толозан
3028486	ru	Карвен
3028510	ru	Карри-ле-Руэ
3028513	ru	Карро
3028520	ru	Каррьер-Сюр-Сен
3028534	ru	Каркеран
3028542	ru	Карпантрас
3028580	ru	Кармо
3028603	ru	Каре-Плугер
3028610	ru	Карантан
3028641	ru	Каркасон
3028690	ru	Каппель-ла-Гранд
3028745	ru	Капбретон
3028779	ru	Кантеле
3028808	az	Kann
3028808	ru	Канны
3028832	ru	Кане-Ан-Руссийон
3028838	ru	Канежан
3028868	ru	Канкаль
302903	ru	Памуккале
302903	tr	Pamukkale
3029030	ru	Камбре
3029090	ru	Кальви
3029099	ru	Калонн-Рикуар
302912	ru	Палу
302912	tr	Palu
3029162	az	Kale
3029162	ru	Кале
3029213	ru	Каор
3029227	ru	Кань-сюр-Мер
3029241	ru	Кан
3029276	ru	Кашан
3029283	ru	Кабриес
3029302	ru	Кабестани
3029522	ru	Бюр-сюр-Иветт
3029566	ru	Бюлли-ле-Мин
3029706	ru	Бри-сюр-Марн
3029746	ru	Брёнстат
3029748	ru	Брюнуа
3029825	ru	Брюэ-ла-Бюисьер
302986	tr	Özdere Cumhuriyet
3029931	ru	Брон
3029974	ru	Бриве-ла-Гаилларде
3029995	ru	Бриуд
3030057	ru	Бриньоль
3030142	ru	Бриансон
3030257	ru	Бретиньи-Сюр-Орж
3030300	ru	Брест
3030303	ru	Брессюир
3030440	ru	Бреш
3030949	ru	Бур-Сен-Морис
3030953	ru	Бур-Сент-Андеоль
3030985	ru	Бур-ле-Валанс
3031005	ru	Бурж
3031009	ru	Бурк-ан-Брес
303107	ru	Оваджык
3031085	ru	Бурбур
3031133	ru	Булонь-сюр-Мер
3031137	ru	Булонь-Бийанкур
3031277	ru	Буживаль
3031294	ru	Буффемон
3031387	ru	Бук-Бель-Эр
3031389	ru	Буко
3031403	ru	Буе
3031532	ru	Борм-ле-Мимоза
3031582	az	Bordo
3031582	ru	Бордо
3031815	ru	Бонди
3031817	ru	Бондю
3031868	ru	Боллен
3031871	ru	Больбек
303195	az	Osmaniyə
303195	ru	Османие
303195	tr	Osmaniye
3032127	ru	Боэн-ан-Вермандуа
3032179	ru	Бобиньи
3032213	ru	Блуа
3032279	ru	Бландек
3032326	ru	Бланзи
3032469	ru	Бланьяк
3032496	ru	Бизанос
3032518	ru	Бич
3032544	ru	Бишвиллер
3032556	ru	Бискарросс
3032618	ru	Бийи-Монтиньи
3032639	ru	Бийер
3032668	ru	Бигулья
3032767	ru	Бидарт
3032797	ru	Биарриц
3032824	ru	Безон
3032833	ru	Безье
3032903	ru	Бёври
3032915	ru	Бёвраж
3033002	ru	Бетюн
3033006	ru	Бетонкур
303305	ru	Ортакей
303305	tr	Ortaköy
3033098	ru	Бессанкур
3033123	az	Bezanson
3033123	ru	Безансон
3033123	tr	Bezanson
3033391	ru	Бержерак
3033625	ru	Белле
3033636	ru	Белвил
3033666	ru	Бельрив-сюр-Алье
3033685	ru	Бельгард-сюр-Вальсерин
3033791	ru	Бельфор
3033881	ru	Беглесе
3033912	ru	Бедаррид
3033913	ru	Бедарье
3034006	ru	Бове
3034111	ru	Бопрео
3034126	ru	Бон
3034141	ru	Бомон-сюр-Уаз
3034297	ru	Божанси
3034382	ru	Бокер
3034458	ru	Базас
3034475	ru	Байонна
3034483	ru	Байё
3034640	ru	Бастия
3034802	ru	Бар-сюр-Об
3034868	ru	Барр
3034903	ru	Барлен
3034911	ru	Бар-ле-Дюк
3035016	ru	Барбезьё-Сент-Илер
3035139	ru	Банналек
3035156	ru	Бандоль
3035204	ru	Бальма
3035226	ru	Балан Мире
3035268	ru	Баларюк-ле-Бен
303532	tr	Ömerli
3035324	ru	Бен-Де-Бретань
3035396	ru	Баньоль-сюр-Сез
3035403	ru	Баньоле
3035418	ru	Баньер-де-Бигор
3035560	ru	Этре
3035612	ru	Аврийе
3035639	ru	Авранш
3035654	ru	Авон
3035667	ru	Авьон
3035681	ru	Авиньон
3035768	ru	Аваллон
3035828	ru	Осон
3035843	az	Oser
3035843	ru	Осер
3035864	ru	Овер-сюр-Уаз
3035883	ru	Отён
3036012	ru	Орьоль
3036016	ru	Орийак
3036059	ru	Оре
3036132	ru	Онуа-Эмери
3036133	ru	Ольнуа-ле-Валансьен
3036145	ru	Оне-су-Буа
3036278	ru	Ошель
3036281	ru	Ош
3036289	ru	Оби
3036326	ru	Обиньи-сюр-Нер
3036386	ru	Обервилье
3036418	ru	Обена
3036433	ru	Обань
3036572	ru	Аньер-сюр-Сен
3036711	ru	Арс-сюр-Мозель
3036784	ru	Аррас
3036822	ru	Арпажон-сюр-Сер
3036823	ru	Арпажон
3036843	ru	Арнувиль
3036903	ru	Армантьер
3036938	ru	Арль
303700	tr	Ödemiş
3037018	ru	Аржантон-сюр-Крёз
3037044	ru	Аржантей
3037051	ru	Аржантан
3037157	ru	Аркей
3037253	ru	Аркашон
3037397	ru	Анзен
3037423	ru	Онтони
3037456	ru	Антиб
303750	ru	Нузайбин
303750	tr	Nusaybin
3037514	ru	Анноне
3037520	ru	Аннёллен
3037521	ru	Аннезен
3037540	ru	Аннеси-ле-Вье
3037543	ru	Анси
3037598	ru	Ангулем
3037612	ru	Англет
3037656	az	Anje
3037656	ru	Анже
3037726	ru	Андернос-ле-Бен
3037797	ru	Ансени
3037818	ru	Амплепуис
3037854	ru	Амьен
3037902	ru	Амбуаз
3037937	ru	Амбер
3037943	ru	Амберьё-ан-Бюже
3037954	ru	Амбазак
303798	ru	Низипе
3038012	ru	Альткирш
3038159	ru	Аллош
3038213	ru	Альфорвиль
3038224	ru	Алес
3038230	ru	Алансон
3038261	ru	Альби
3038266	ru	Альбервиль
303827	az	Niğdə
303827	ru	Нигде
303827	tr	Niğde
3038271	ru	Альбер
303831	az	Nevşəhər
303831	ru	Невшехир
303831	tr	Nevşehir
3038334	ru	Аяччо
3038334	tr	Ajaccio
3038350	ru	Экс-ле-Бен
3038352	ru	Экс-сюр-Вьен
3038354	ru	Экс-ан-Прованс
3038354	tr	Aix-en-Provence
3038393	ru	Эр-сюр-ла-Лис
3038493	ru	Эг-Морт
3038634	ru	Ажен
3038638	ru	Агд
3038698	ru	Асинье
3038703	ru	Ашикур
303873	ru	Назилли
303873	tr	Nazilli
3038754	ru	Аблон-сюр-Сен
3038789	ru	Абвиль
3039163	az	Sant Julia de Loria
3039163	ru	Сант-Жулия-де-Лория
3039163	tr	Sant Julia de Loria
3039678	az	Ordino
3039678	ru	Ордино
3039678	tr	Ordino
3040051	az	Escaldes-Engordany
3040051	ru	Эскальдес-Энджордани
3040051	tr	Escaldes-Engordany
304009	tr	Mutki
304013	ru	Мут
3040132	az	La Massana
3040132	ru	Ла-Массана
3040132	tr	La Massana
3040686	az	Encamp
3040686	ru	Энкам
3040686	tr	Encamp
304081	ru	Муш
304081	tr	Muş
3041204	az	Canillo
3041204	ru	Канильо
3041204	tr	Canillo
3041563	ru	Андорра-ла-Велья
3041732	ru	Мариехамн
3041732	tr	Mariehamn
304184	ru	Мугла
3042030	ru	Вадуц
3042030	tr	Vaduz
3042033	az	Triesenberg
3042033	ru	Тризенберг
3042033	tr	Triesenberg
3042035	az	Triesen
3042035	ru	Тризен
3042035	tr	Triesen
3042037	az	Schellenberg
3042037	ru	Шеллenbergг
3042037	tr	Schellenberg
3042041	az	Schaan
3042041	ru	Шаан
3042041	tr	Schaan
3042046	az	Ruggell
3042046	ru	Руггелль
3042046	tr	Ruggell
3042049	az	Planken
3042049	ru	Планкен
3042049	tr	Planken
3042055	az	Mauren
3042055	ru	Маурен
3042055	tr	Mauren
3042062	az	Gamprin
3042062	ru	Гамприн
3042062	tr	Gamprin
3042068	az	Eschen
3042068	ru	Эшен
3042068	tr	Eschen
3042073	az	Balzers
3042073	ru	Бальцерс
3042073	tr	Balzers
3042091	ru	Сент-Хельер
3042192	ru	Рамси
3042196	ru	Порт-Эрин
3042198	ru	Пил
3042201	ru	Онкан
3042217	ru	Лакси
3042237	az	Duqlas
3042237	ru	Дуглас
3042255	ru	Каслтаун
3042287	az	Sent Piter Port
3042287	ru	Сент-Питер-Порт
3042507	ru	Жамбек
3042638	ru	Залаэгерсег
3042929	ru	Веспрем
3042929	tr	Veszprém
3043293	ru	Вац
304355	ru	Милас
304382	ru	Мидьят
304382	tr	Midyat
3044082	ru	Татабанья
3044083	ru	Тата
3044310	ru	Сомбатхей
3044469	ru	Сигетвар
3044469	tr	Zigetvar
3044475	ru	Сигетсентмиклош
3044681	ru	Сентендре
3044760	ru	Сексард
3044774	ru	Секешфехервар
3044809	ru	Сечень
3045017	ru	Сабадсаллаш
3045070	ru	Шюмег
3045190	ru	Шопрон
3045298	ru	Шольтвадкерт
3045303	ru	Шольт
304531	ru	Мерсин
304531	tr	Mersin
3045332	ru	Шиофок
3045364	ru	Шиклош
3045643	ru	Шальготарьян
3045991	ru	Райка
304612	ru	Менемен
3046446	ru	Пешт
3046446	tr	Peşte
3046526	ru	Печ
3046580	ru	Пасто
3046686	ru	Папы
3046888	ru	Орослане
3047211	ru	Обуда
304734	tr	Mazıdağı
3047679	ru	Надьканижа
3047679	tr	Kanije
304782	ru	Мармарис
304782	tr	Marmaris
3047896	ru	Мошонмадьяровар
3047927	ru	Мор
3047967	ru	Мохач
3047967	tr	Mohaç
304797	ru	Мардин
304797	tr	Mardin
3048194	ru	Мейкут
304827	ru	Маниса
304854	ru	Манавгат
304854	tr	Manavgat
3049002	ru	Лайошмиже
3049100	ru	Кунсентмиклош
304922	ru	Малатья
304922	tr	Malatya
3049366	ru	Кёсег
3049519	ru	Комаром
3049875	ru	Кишкунмайша
3049880	ru	Кишкунхалаш
3049885	ru	Кишкунфеледьхаза
3049896	ru	Кишкёрёш
3050212	ru	Кестхей
3050311	ru	Керекедьхаза
3050434	ru	Кечкемет
3050454	ru	Кецель
3050616	ru	Капошвар
3050719	ru	Калоча
305089	tr	Lice
3050907	ru	Ясберень
3050967	ru	Яношхальма
3051016	ru	Ижак
3051621	ru	Хатван
3051822	ru	Халастелек
3052009	ru	Дьёр
3052040	az	Dyöndyöş
3052040	ru	Дьёндьёш
3052236	ru	Гёдёллё
3052655	ru	Ференцварош
305268	ru	Кютахья
305268	tr	Kütahya
3053163	az	Esterqom
3053163	ru	Эстергом
3053163	tr	Estergon
3053281	ru	Эрд
3053434	ru	Дунаваршань
3053438	ru	Дунауйварош
3053489	ru	Дунафёльдвар
3053562	ru	Дорог
305359	ru	Кушадасы
305359	tr	Kuşadası
3053684	ru	Диошд
3053712	ru	Девечер
3054543	ru	Цеглед
3054643	az	Budapeşt
3054643	ru	Будапешт
3054643	tr	Budapeşte
3054667	az	Budin
3054667	ru	Буда
3054667	tr	Budin
305469	ru	Курттепе
305469	tr	Kurttepe
3055287	ru	Батоньтеренье
305532	ru	Курталан
3055566	ru	Балатонфюред
3055601	ru	Балашшадьярмат
3055685	ru	Байя
3055760	ru	Бачальмаш
3056357	ru	Айка
3056459	ru	Зволен
3056495	az	Zlate Moravtse
3056495	ru	Злате-Моравце
3056508	az	Jilina
3056508	ru	Жилина
3056508	tr	Žilina
3056547	ru	Жельезовце
3056589	ru	Жарновица
3056683	ru	Врутки
3056697	ru	Врбове
3056816	ru	Вельки-Медер
3056825	az	Velki Krtiş
3056825	ru	Вельки-Кртиш
305699	ru	Dergyul’
3057063	ru	Тврдошин
3057069	ru	Турзовка
3057086	ru	Турчьянске-Теплице
3057108	ru	Трстена
3057124	az	Trnava
3057124	ru	Трнава
3057124	tr	Trnava
3057140	az	Trenčín
3057140	ru	Тренчин
3057140	tr	Trenčín
3057174	az	Topolçanı
3057174	ru	Топольчани
3057304	ru	Свети-Юр
3057339	ru	Шурани
3057339	tr	Şuran
3057379	ru	Штурово
3057384	ru	Ступава
305742	ru	Кулу
3057478	ru	Старе Место
305750	ru	Кулп
305750	tr	Kulp
3057691	ru	Сеница
3057692	az	Senets
3057692	ru	Сенец
3057757	az	Şamorin
3057757	ru	Шаморин
3057769	ru	Шаля
3057772	ru	Шаги
3057789	az	Rujomberok
3057789	ru	Ружомберок
3057789	tr	Ružomberok
3057963	az	Puxov
3057963	ru	Пухов
3058000	az	Priеvidzа
3058000	ru	Прьевидза
3058060	az	Povajska Bistritsa
3058060	ru	Поважска-Бистрица
3058083	ru	Полтар
305810	ru	Кул
3058202	ru	Пьештяни
3058210	az	Pеzinоk
3058210	ru	Пезинок
3058213	ru	Петржалка
3058268	az	Partizanske
3058268	ru	Партизанске
3058472	ru	Нове-Замки
3058477	ru	Нове-Место-над-Вагом
3058498	ru	Нова-Баня
3058531	az	Nitra
3058531	ru	Нитра
3058531	tr	Nitra
3058579	ru	Наместово
3058663	ru	Модра
3058780	az	Mаrtin
3058780	ru	Мартин
3058897	az	Mаlаtski
3058897	ru	Малацки
3058986	ru	Лученец
3059050	ru	Липтовски-Микулаш
3059053	ru	Липтовски-Градок
3059101	az	Lеvitsе
3059101	ru	Левице
3059101	tr	Levice
3059179	az	Kisutske Nove Mesto
3059179	ru	Кисуцке-Нове-Место
3059244	ru	Крупина
3059436	az	Komarno
3059436	ru	Комарно
3059448	ru	Коларово
3059796	ru	Илава
3059821	ru	Гурбаново
3059870	ru	Гринёва
3060077	ru	Голич
3060089	ru	Гнуштя
3060095	ru	Глоговец
3060139	az	Handlova
3060139	ru	Гандлова
3060219	ru	Галанта
3060242	ru	Филяково
3060242	tr	Filakovo
3060308	az	Dunayska Streda
3060308	ru	Дунайска-Стреда
3060322	ru	Дубравка
3060346	az	Dubnitsa nad Vahom
3060346	ru	Дубница-над-Вагом
3060405	az	Dolnı Kubin
3060405	ru	Дольны-Кубин
306041	ru	Козлук
306041	tr	Kozluk
3060589	ru	Детва
3060835	ru	Чадца
3060852	ru	Битча
3060950	ru	Брезно
3060972	ru	Братислава
3060972	tr	Bratislava
3061015	ru	Бойнице
3061015	tr	Bojnice
306112	ru	Козан
306112	tr	Kozan
3061184	ru	Банска-Штьявница
3061186	az	Banska Bistritsa
3061186	ru	Банска-Бистрица
3061186	tr	Banská Bystrica
3061188	az	Banovtse nad Bebravou
3061188	ru	Бановце-над-Бебравоу
3061284	ru	Двур-Кралове-над-Лабем
3061344	ru	Зноймо
3061344	tr	Znaym
3061370	az	Zlin
3061370	ru	Злин
3061370	tr	Zlin
3061412	ru	Жижков
3061695	ru	Ждяр-над-Сазавоу
3061753	ru	Збраслав
3061822	ru	Жатец
3061888	ru	Жамберк
306207	tr	Kovancılar
3062111	ru	Забржег
3062214	ru	Високе-Мито
3062283	ru	Вышков
3062339	ru	Всетин
3062439	ru	Врхлаби
3062446	ru	Врбно-под-Прадедем
3062497	ru	Вратимов
3062759	ru	Влашим
3062811	ru	Витков
3062888	ru	Вимперк
3063032	ru	Весели На Морави
3063196	ru	Вельке-Мезиржичи
3063276	ru	Велка Битеш
3063305	ru	Велеславин
3063375	ru	Варнсдорф
3063447	ru	Мезиржичи
3063546	ru	Усти-над-Орлици
3063548	az	Ústí nad Labem
3063548	ru	Усти-над-Лабем
3063548	tr	Ústí nad Labem
3063590	ru	Упице
3063596	ru	Уничов
3063599	ru	Унхошт
3063736	ru	Угерски-Брод
3063739	ru	Угерске-Градиште
3063794	ru	Тин На Влтави
3063853	ru	Турнов
3063907	ru	Трутнов
3064000	ru	Тршинец
3064079	ru	Тршебонь
3064104	ru	Тршебич
3064211	ru	Тишнов
3064288	ru	Теплице
3064316	ru	Тельч
3064358	ru	Танвалд
3064373	ru	Тахов
3064373	tr	Tachov
3064379	ru	Табор
3064454	ru	Свитави
3064510	ru	Светла-над-Сазавоу
3064662	ru	Сушице
3064673	ru	Шумперк
306474	ru	Коркутели
306476	ru	Коркут
306476	tr	Korkut
3064807	ru	Студенка
3064919	ru	Стршибро
3064995	ru	Стражнице
3065067	ru	Страконице
3065166	ru	Штернберк
3065249	ru	Стари-Пльзенец
3065328	ru	Старе-Место
3065335	ru	Старе-Место
3065617	ru	Соколов
3065644	ru	Собеслав
306571	ru	Конья
306571	tr	Konya
3065743	ru	Смихов
3065768	ru	Шлукнов
3065824	ru	Славков-у-Брна
3065843	ru	Славичин
3065876	ru	Слатина
3065901	ru	Шлапанице
3065903	ru	Слани
3065921	ru	Скутеч
306626	tr	Konaklı
3066333	ru	Седльчани
306641	ru	Конак
3066483	ru	Римаржов
3066503	ru	Рихнов-над-Кнежноу
3066578	ru	Румбурк
3066599	ru	Рудна
3066636	ru	Розтоки
3066651	ru	Рожнов-под-Радгоштем
3066719	ru	Роусинов
3066727	ru	Роуднице-над-Лабем
3066759	ru	Росице
3066794	ru	Рокицани
3066878	ru	Ржичани
3067051	ru	Раковник
3067124	ru	Радотин
3067421	ru	Простейов
3067433	ru	Просек
3067542	ru	Пршибрам
3067544	ru	Пршибор
3067553	ru	Пршештице
3067580	ru	Преров
3067696	ru	Прага
3067696	tr	Prag
3067713	ru	Прахатице
3067870	ru	Польна
3067882	ru	Поличка
3067953	ru	Погоржелице
3068000	ru	Подоли
3068107	ru	Подебрады
3068119	ru	Подборжани
3068160	az	Plzen
3068160	ru	Пльзень
3068160	tr	Pilsen
3068246	ru	Плана
3068293	ru	Писек
3068582	az	Pardubitse
3068582	ru	Пардубице
3068582	tr	Pardubice
3068647	ru	Пацов
3068690	ru	Отроковице
3068766	ru	Остров
3068799	az	Ostrava
3068799	ru	Острава
3068799	tr	Ostrava
3068873	ru	Орлова
3068927	ru	Опава
3069011	az	Olomouts
3069011	ru	Оломоуц
3069011	tr	Olomouc
3069230	ru	Нирско
3069236	ru	Нимбурк
3069247	ru	Нусле
306935	tr	Kocaköy
3069381	ru	Нови-Бор
3069431	ru	Нове-Страшеци
3069467	ru	Нове-Место
3069669	ru	Нова-Пака
3069844	ru	Нератовице
3069934	ru	Нейдек
3070291	ru	Мост
3070310	ru	Моравски-Крумлов
3070323	ru	Моравске-Будеёвице
3070325	ru	Моравска-Тршебова
3070416	ru	Модрице
3070420	ru	Модржаны
3070446	ru	Мнишек-под-Брди
3070451	ru	Мнихово-Градиште
3070544	ru	Млада-Болеслав
3070622	ru	Мимонь
3070678	ru	Милевско
3070720	ru	Микулов
3070720	tr	Nikolsburg
307084	ru	Кызылтепе
307084	tr	Kızıltepe
3070862	ru	Мельник
3071024	ru	Марианске-Лазне
3071213	ru	Мала-Страна
3071304	ru	Лиса-над-Лабем
3071407	ru	Лугачовице
3071480	ru	Ловосице
3071507	ru	Лоуни
3071665	ru	Литвинов
3071669	ru	Литовел
3071675	ru	Литомишль
3071677	ru	Литомержице
3071791	ru	Липник-над-Бечвоу
3071961	az	Liberets
3071961	ru	Либерец
3071961	tr	Liberec
3072130	ru	Летовице
3072134	ru	Летоград
3072235	ru	Ледеч На Сазави
3072332	ru	Ланшкроун
3072463	ru	Кутна-Гора
3072476	ru	Куржим
3072497	ru	Куновице
3072598	ru	Крупка
3072649	ru	Кромнержиж
3072656	ru	Крнов
307290	tr	Kızılcaşar
3072903	ru	Краслице
3072927	ru	Кралув-Двур
3072929	ru	Кралупи-над-Влтавоу
3073149	ru	Костелец-над-Орлици
3073254	ru	Копршивницах
3073332	ru	Комин
3073371	ru	Колин
3073407	ru	Коетин
3073660	ru	Клатовы
3073668	ru	Клаштерец-над-Огржи
3073699	ru	Кладно
3073789	ru	Карвина
3073803	az	Karlovı Varı
3073803	ru	Карловы Вары
3073803	tr	Karlsbad
3073838	ru	Карлин
3073862	ru	Каплице
3074020	ru	Кадань
3074110	ru	Йирков
3074149	ru	Йиндржихув-Градец
3074187	ru	Йилемнице
3074199	az	Jihlava
3074199	ru	Йиглава
3074199	tr	Jihlava
3074204	ru	Йичин
3074462	ru	Яромерж
3074593	ru	Яблунков
3074603	ru	Яблонец
3074615	ru	Иванчице
3074677	ru	Хустопече
3074723	ru	Гумполец
3074731	ru	Гулин
3074893	ru	Границе
3074944	ru	Храдек На Ниси
3074967	az	Hradec Králové
3074967	ru	Градец Кралове
3074967	tr	Hradec Králové
3075119	ru	Горжовице
307515	az	Kırşəhər
307515	ru	Кыршехир
307515	tr	Kırşehir
3075208	ru	Горни-Славков
3075493	ru	Хоржице
3075522	ru	Гораждёвице
3075654	ru	Годонин
3075716	ru	Глучин
3075766	ru	Глинско
3075919	ru	Гавличкув-Брод
3075921	ru	Гавиржов
3076116	ru	Фульнек
3076123	ru	Фридлант-над-Остравици
3076124	ru	Фридлант
3076127	az	Fridek-Mistek
3076127	ru	Фридек-Мистек
3076311	ru	Духцов
3076346	ru	Дуби
307654	az	Kırıkkale
307654	ru	Кырыккале
307654	tr	Kırıkkale
3076972	ru	Доксы
3077024	ru	Добржиш
3077073	ru	Добржани
3077244	ru	Дечин
3077304	ru	Дачице
3077539	ru	Хрудим
3077549	ru	Хропине
3077584	ru	Храстава
3077685	ru	Хомутов
3077706	ru	Ходов
3077725	ru	Хоцень
3077751	ru	Хлумец-над-Цидлиноу
3077835	ru	Хеб
3077882	ru	Чески-Тешин
3077889	az	Çeski Krumlov
3077889	ru	Чески Крумлов
3077898	ru	Чешки Брод
3077916	az	Ceské Budéjovice
3077916	ru	Ческе-Будеёвице
3077916	tr	Ceské Budéjovice
3077920	ru	Ческа-Тршебова
3077921	ru	Чешка Скалица
3077929	ru	Ческа-Липа
3077932	ru	Ческа-Каменице
3077955	ru	Червени Костелец
3078234	ru	Часлав
3078286	ru	Бистрице Под Хостином
3078503	ru	Бучовице
3078545	ru	Брунтал
3078577	ru	Броумов
3078610	az	Brno
3078610	ru	Брно
3078610	tr	Brno
307864	az	Kilis
307864	ru	Килис
307864	tr	Kilis
3078773	ru	Бржецлав
3078833	ru	Браник
3078837	ru	Брандис-над-Лабем-Стара-Болеслав
3078910	ru	Босковице
3079129	ru	Богумин
3079252	ru	Блатна
3079273	ru	Бланско
3079336	ru	Биловец
3079348	ru	Билина
3079467	ru	Бероун
3079508	ru	Бенешов
3079514	ru	Бенатки-над-Йизероу
3079751	ru	Аш
3079855	ru	Живец
3079897	ru	Жихлин
3079942	ru	Журомин
3080004	ru	Жоры
3080047	ru	Жнин
3080058	ru	Жмигруд
3080071	ru	Злотув
3080074	ru	Злоторыя
3080102	ru	Злоценец
3080165	az	Zelona Qura
3080165	ru	Зелёна-Гура
3080165	tr	Zielona Gora
3080226	az	Zembise
3080226	ru	Зембице
3080231	ru	Згожелец
308024	ru	Кескин
3080251	ru	Згеж
3080295	ru	Зелюв
3080389	ru	Здзешовице
3080414	ru	Здуньская-Воля
3080494	ru	Збоншинек
3080495	ru	Збоншинь
3080526	ru	Заверце
3080538	ru	Завадзке
3080644	ru	Жара
3080652	ru	Жарув
3080866	ru	Закопане
3080944	az	Jaqan
3080944	ru	Жагань
3080944	tr	Żagań
3080985	ru	Забже
3081046	ru	Зомбковице-Слёнске
3081158	ru	Выжиск
3081300	ru	Всхова
3081324	ru	Вжесня
308133	ru	Кепсут
3081350	ru	Вронки
3081368	az	Vroslav
3081368	ru	Вроцлав
3081368	tr	Wroclaw
3081419	ru	Вольштын
3081430	ru	Волув
3081471	ru	Волин
3081488	ru	Волчин
3081495	ru	Вольбром
3081604	ru	Вола
3081636	ru	Войковице
3081677	ru	Водзислав-Слёнски
3081699	ru	Влощова
3081741	ru	Влоцлавек
3081752	ru	Владыславово
3081818	ru	Витница
3081826	ru	Витково
308208	tr	Kemerağzı
3082176	ru	Верушув
3082197	ru	Велюнь
308220	ru	Кемер
308224	ru	Кемальпаша
308224	tr	Karabel
3082319	ru	Велень
3082364	ru	Венцборк
3082473	ru	Вейхерово
3082704	ru	Валч
3082707	ru	Валбжих
3082712	ru	Вонгровец
3082722	ru	Вадовице
3082734	ru	Вомбжезьно
3082751	ru	Устронь
3082756	ru	Устка
3082914	ru	Тыхы
3082938	ru	Твардогура
3082945	ru	Тушин
3082998	ru	Турек
3083043	ru	Тухоля
3083077	ru	Тшемешно
3083103	ru	Тшебница
3083111	ru	Тшебиня
3083145	ru	Тшебятув
3083185	ru	Тшчанка
3083271	az	Toruni
3083271	ru	Торунь
3083271	tr	Toruń
3083426	ru	Тчев
3083440	ru	Тарновске-Гуры
3083611	ru	Шубин
3083616	ru	Штум
3083632	ru	Шпротава
3083677	ru	Шклярска-Поремба
3083749	ru	Житна
3083752	ru	Щирк
3083826	ru	Щецинек
3083829	az	Şçeçin
3083829	ru	Щецин
3083829	tr	Szczecin
3083835	ru	Щавно-Здруй
3083878	ru	Шамотулы
308389	ru	Кебан
3083921	ru	Сыцув
3083955	az	Svinouyscie
3083955	ru	Свиноуйсьце
3083955	tr	Świnoujście
3083988	ru	Свентохловице
3083988	tr	Świętochłowice
3084062	ru	Свебодзин
3084074	ru	Свеце
3084084	ru	Свебодзице
3084085	ru	Свидвин
3084093	ru	Свидница
3084130	ru	Сважендз
3084143	ru	Суш
3084194	ru	Сулковице
3084230	ru	Сулеюв
3084237	ru	Суленцин
3084241	ru	Сулехув
3084300	ru	Суха-Бескидзка
3084396	ru	Стшельно
3084404	ru	Стшелин
3084415	ru	Стшельце-Опольске
3084421	ru	Стшельце-Краеньске
3084440	ru	Стшегом
3084515	ru	Строне-Слёнске
308464	az	Kayseri
308464	ru	Кайсери
308464	tr	Kayseri
3084647	ru	Стеншев
3084826	ru	Старогард-Гданьски
3084840	ru	Старгард
3085045	ru	Сьрода-Велькопольска
3085047	ru	Сьрода-Слёнска
3085056	ru	Срем
3085128	ru	Сосновец
3085151	ru	Сопот
3085172	ru	Солец-Куявски
3085252	ru	Собутка
3085391	ru	Смигель
3085450	ru	Слупск
3085481	ru	Слупца
3085495	ru	Слубице
3085610	ru	Славно
3085616	ru	Славкув
3085656	ru	Сквежина
308572	tr	Kayapınar
3085786	ru	Скочув
3085807	ru	Скавина
3085826	ru	Скаршевы
3085925	ru	Севеж
3085941	ru	Серпц
3085970	ru	Сераковице
3085974	ru	Серакув
3085978	ru	Серадз
3086024	ru	Семяновице-Слёнске
3086134	ru	Сянув
3086153	ru	Семпульно-Краеньске
3086206	ru	Сьцинава
3086435	ru	Жепин
3086511	ru	Рыпин
3086531	ru	Рыдултовы
3086586	ru	Рыбник
3086706	ru	Румя
3086800	ru	Руда-Сленска
308697	tr	Kayabağlar
3087072	ru	Рогузьно
3087281	ru	Реда
3087307	ru	Равич
3087418	ru	Радзёнкув
3087427	ru	Радзеюв
3087497	ru	Радомско
3087529	ru	Радлин
3087584	az	Rasibuj
3087584	ru	Ратибор
3087601	ru	Рабка-Здруй
3087628	ru	Пысковице
3087630	ru	Пыжице
3087640	ru	Пущиково
3087691	ru	Пуцк
3087701	ru	Пшув
3087705	ru	Пщина
3087954	ru	Пшемкув
3088034	ru	Прущ-Гданьский
3088065	ru	Прудник
3088135	ru	Прашка
3088161	ru	Прабуты
3088171	az	Poznan
3088171	ru	Познань
3088171	tr	Poznan
3088273	ru	Поремба
3088435	ru	Польковице
3088461	ru	Полиция
3088477	ru	Полчин-Здруй
3088496	ru	Поляница-Здруй
3088710	ru	Поддембице
3088749	ru	Победзиска
3088759	ru	Пневы
3088825	ru	Плоцк
3088846	ru	Плевиска
3088848	ru	Плешев
3088972	ru	Пётркув-Трыбунальский
3088977	ru	Пётркув-Куявский
3089025	ru	Пилава-Гурна
3089033	ru	Пилы
3089065	ru	Пешице
3089098	ru	Пеньск
3089125	ru	Пекары-Слёнске
3089152	ru	Пеховице
3089282	ru	Пельплин
3089392	ru	Пасленк
308948	ru	Каш
308948	tr	Kaş
3089547	ru	Пакосць
3089553	ru	Паенчно
3089566	ru	Пачкув
3089578	ru	Пабьянице
3089582	ru	Озоркув
3089583	ru	Озимек
3089642	ru	Отмухув
3089658	ru	Освенцим
3089670	ru	Остшешув
3089684	ru	Острув-Велькопольски
3089779	ru	Оструда
3089823	ru	Осова
3089965	ru	Ожеше
3090048	az	Opole
3090048	ru	Ополе
3090048	tr	Opole
3090076	ru	Опаленица
3090146	ru	Олькуш
3090147	ru	Олива
3090158	ru	Олесно
3090170	ru	Олесница
3090205	ru	Олава
3090401	ru	Оборники-Слёнске
3090403	ru	Оборники
3090436	ru	Ныса
3090452	ru	Новы-Томысль
3090502	ru	Новы-Двур-Гданьский
3090553	ru	Новогруд-Бобжаньский
3090558	ru	Новогард
3090613	ru	Нове-Място
3090660	ru	Нове
3090764	ru	Нова-Суль
3090768	ru	Нова-Руда
3090951	ru	Немодлин
3091141	ru	Намыслув
3091150	ru	Накло-над-Нотецён
3091217	ru	Мышков
3091232	ru	Мысловице
3091253	ru	Мыслибуж
3091256	ru	Мысленице
3091293	ru	Мурована-Гослина
3091407	ru	Мосина
3091462	ru	Моронг
3091523	ru	Могильно
3091788	ru	Милич
3091831	ru	Миколув
309192	tr	Karayılanlı
3091961	ru	Мендзыздрое
3091969	ru	Мендзыжеч
3091983	ru	Мендзыхуд
3092080	ru	Мястко
3092082	ru	Мястечко-Слёнске
3092472	ru	Мальборк
3092517	ru	Макув-Подхаляньский
3092638	ru	Львувек-Слёнски
3092643	ru	Люзино
3092813	ru	Любско
3092856	ru	Любон
3092906	ru	Люблинец
3092931	ru	Любин
3093027	ru	Любавка
3093028	ru	Любава
3093040	ru	Любань
3093066	ru	Лович
309312	tr	Küçükkarataş
3093133	az	Lodz
3093133	ru	Лодзь
3093133	tr	Łódź
3093158	az	Lobez
3093158	ru	Лобез
3093268	ru	Липно
3093439	ru	Лидзбарк
3093457	ru	Либёнж
3093501	ru	Левин-Бжески
3093524	ru	Лешно
3093692	ru	Легница
3093708	ru	Лендзины
3093726	ru	Ленчица
3093739	ru	Лемборк
3093768	ru	Лазы
3093785	ru	Лазиска-Гурне
3093902	ru	Ласк
3094016	ru	Ладек Здрой
3094086	ru	Квидзын
3094164	ru	Кузня-Рациборская
3094170	ru	Кутно
3094303	ru	Кудова-Здруй
3094408	ru	Кшиж-Велькопольский
3094490	ru	Кшешовице
3094585	ru	Крушвица
3094625	ru	Кротошин
3094633	ru	Кросно-Оджаньске
3094788	ru	Крапковице
3094802	az	Krakow
3094802	ru	Краков
3094802	tr	Kraków
3094832	ru	Кожухув
3094852	ru	Козмин-Велькопольски
3094934	ru	Ковары
3095049	ru	Кошалин
3095057	ru	Костшин-над-Одрон
3095058	ru	Костшин
3095126	ru	Косьцежина
3095151	ru	Косьцян
3095192	ru	Короново
3095194	ru	Курник
309527	az	Karaman
309527	ru	Караман
309527	tr	Karaman
3095277	ru	Константынув-Лодзинский
3095321	ru	Конин
3095330	ru	Конецполь
3095413	ru	Колюшки
3095795	ru	Колобжег
3095797	ru	Коло
3095971	ru	Кнурув
3096003	ru	Ключборк
3096053	ru	Клодзко
3096079	ru	Клодава
3096090	ru	Клобуцк
3096240	ru	Кетш
3096328	ru	Кенты
3096338	ru	Кемпно
3096372	ru	Кендзежин-Козле
3096444	ru	Конты-Вроцлавске
309647	az	Ağrı
309647	ru	Агры
309647	tr	Ağrı
3096472	az	Katovitse
3096472	ru	Катовице
3096472	tr	Katowice
3096525	ru	Картузы
309663	ru	Каракоджана
3096630	ru	Карлино
3096765	ru	Камень-Поморский
3096779	ru	Каменна-Гура
3096880	ru	Калиш
3096911	ru	Калеты
3097107	ru	Йорданув
3097257	ru	Йеленя Гура
3097301	ru	Едлина-Здруй
3097328	ru	Явожина-Слёнска
3097333	ru	Явожно
3097367	ru	Явор
3097391	ru	Ястшембе-Здруй
3097420	ru	Ястрове
3097528	ru	Яроцин
3097594	ru	Яновец-Велькопольский
3097688	ru	Яниково
3097872	ru	Иновроцлав
3097886	ru	Имелин
3097902	ru	Илава
3098130	ru	Губин
3098199	ru	Грыфув-Слёнский
3098200	ru	Грыфино
3098201	ru	Грыфице
3098218	ru	Грудзендз
3098288	ru	Гродзиск-Велькопольский
3098333	ru	Гродкув
3098619	ru	Гостынин
3098625	ru	Гостын
3098686	ru	Госцицино
3098722	az	Gorzow Velikopolski
3098722	ru	Гожув-Велькопольски
3098722	tr	Gorzow Wielkopolski
3098898	ru	Гура
3098925	ru	Голюб-Добжинь
3098966	ru	Голенюв
3099048	ru	Гоголин
3099112	ru	Гнезно
3099120	ru	Гневково
3099127	ru	Гнев
3099146	ru	Глушица
3099169	ru	Глухолазы
3099174	ru	Глубчице
3099180	ru	Гловно
3099209	ru	Глогувек
3099213	ru	Глогув
3099230	ru	Гливице
3099424	az	Qdınya
3099424	ru	Гдыня
3099434	az	Qdansk
3099434	ru	Гданьск
3099434	tr	Gdansk
3099654	ru	Фордон
3099759	ru	Эльблонг
3099828	ru	Дзержонюв
3099842	ru	Дзежгонь
3099923	ru	Дзялошин
310004	tr	Karaçoban
3100127	ru	Дрезденко
3100139	ru	Дравско-Поморске
3100139	tr	Drawsko Pomorskie
3100489	ru	Дебжно
3100545	ru	Дембно
3100637	ru	Дарлово
3100796	ru	Домброва-Гурнича
310083	tr	Karacaören
3100933	ru	Члухув
3100946	az	Çenstoxova
3100946	ru	Ченстохова
3100974	ru	Червёнка-Лещины
3100984	ru	Черск
3101053	ru	Чемпинь
3101076	ru	Чеховице-Дзедзице
3101145	ru	Чарнкув
3101161	ru	Чарне
3101204	ru	Чаплинек
3101321	ru	Цешин
3101367	ru	Теплице
3101426	ru	Цехоцинек
3101547	az	Xşanov
3101547	ru	Хшанув
3101613	ru	Хощно
3101619	ru	Хожув
3101660	ru	Хойнув
3101672	ru	Хойнице
3101675	ru	Хойна
3101680	ru	Ходзеж
3101722	ru	Хоцянув
3101787	ru	Хелмжа
3101795	ru	Хелмно
3101812	ru	Хелмек
3101943	ru	Бытув
3101950	ru	Бытом
3101968	ru	Быстшица-Клодзка
3102014	az	Bıdqoş
3102014	ru	Быдгощ
3102014	tr	Bydgoszcz
3102076	ru	Буковно
3102138	ru	Бук
3102390	ru	Бжезины
3102444	ru	Бжеще
3102456	ru	Бжег-Дольны
3102459	ru	Бжег
3102627	ru	Бродница
3102652	ru	Бренна
3102677	ru	Бранево
3102969	ru	Болькув
3102987	ru	Болеславец
3103034	ru	Богушув-Горце
3103096	ru	Богатыня
3103364	ru	Берутув
3103365	ru	Берунь
3103402	ru	Бельско-Бяла
3103476	ru	Белява
3103556	ru	Бялогард
3103709	ru	Белхатув
3103719	ru	Бендзин
3103824	ru	Барлинек
3103856	ru	Барцин
3103856	tr	Barçın
3104115	ru	Андрыхув
3104132	ru	Александрув-Лодзинский
3104133	ru	Александрув-Куявски
3104219	ru	Сумаррага
3104226	ru	Суэра
3104324	az	Saraqosa
3104324	ru	Сарагоса
3104324	tr	Zaragoza
3104342	ru	Самора
3104499	ru	Витория-Гастейс
3104499	tr	Vitoria-Gasteiz
3104584	ru	Винаросе
3104703	ru	Вильявисиоса-де-Одон
3105148	ru	Вильякиламбре
3105522	ru	Вилалба
3105600	ru	Вильяфранка-дель-Пенедес
3105748	ru	Вильяблино
3105805	ru	Вила-сека
3105935	ru	Виладеканс
3105976	ru	Виго
3105976	tr	Vigo
3105994	ru	Вьелья
3106054	ru	Викальваро
3106166	ru	Вента-де-Баньос
3106180	ru	Вендрель
3106356	ru	Ведра
310641	ru	Каман
3106477	ru	Балмаседа
3106492	ru	Вальс
3106672	ru	Вальядолид
3106868	ru	Вальдеморо
3107112	ru	Васиамадрид
3107139	ru	Утебо
3107141	ru	Усурбил
3107418	ru	Тудела
3107519	ru	Тремп
3107677	ru	Тортоса
3107765	ru	Торрелодонес
3107775	ru	Торрелавега
3107775	tr	Torrelavega
3107784	ru	Торрехон-де-Ардос
3107807	ru	Торредембарра
310784	ru	Кале
3107886	ru	Торо
310789	ru	Кале
3107941	ru	Торельо
3107952	ru	Тордесильяс
3107955	ru	Тордера
3107997	ru	Тона
3108008	ru	Толоса
3108087	ru	Тинео
3108126	ru	Теруэль
3108269	ru	Таусте
3108286	ru	Террасса
3108286	tr	Terrassa
3108288	ru	Таррагона
3108308	ru	Тарасона
3108317	ru	Таранкон
3108412	ru	Тафалья
310855	ru	Кахта
310859	az	Qəhrəmanmaraş
310859	ru	Кахраманмараш
310859	tr	Kahramanmaraş
3108681	ru	Сория
3108702	ru	Сопела
3108747	ru	Солсона
3108877	ru	Ситжес
3109041	ru	Сестао
3109165	ru	Сентменат
3109256	ru	Сеговия
3109369	ru	Сарриа
3109369	tr	Sarria
3109453	ru	Баракалдо
3109527	ru	Сантония
3109535	ru	Санто-Доминго-де-ла-Кальсада
3109642	az	Santiaqo de Kompostela
3109642	ru	Сантьяго-де-Компостела
3109642	tr	Santiago de Compostela
3109718	ru	Сантандер
3109800	ru	Санта-Мария-де-Кайон
310982	ru	Кабала
310982	tr	Kabala
3109935	ru	Санта-Крус-де-Бесана
3109981	ru	Санта-Колома-де-Граманет
3109983	ru	Santa Coloma de Cervelló
3110040	ru	Сан-Себастиан-де-лос-Рейес
3110044	ru	Сан-Себастьян
3110110	ru	Сант Пол де Мар
3110326	ru	Сан-Мартин-де-Вальдейглесьяс
3110360	ru	Сан-Мартин-де-ла-Вега
3110458	ru	Сан-Лоренсо-де-Эль-Эскориаль
311046	az	İzmir
311046	ru	Измир
311046	tr	İzmir
3110519	ru	Sant Joan Despí
3110581	ru	Сан-Ильдефонсо
3110589	ru	Сангуэса
3110627	ru	Сан-Фернандо-де-Энарес
3110642	ru	Фелиу-де-Льобрегат
3110643	ru	Сан-Фелиу-де-Гишольс
311073	az	İsparta
311073	ru	Испарта
311073	tr	Isparta
3110821	ru	Сан-Карлос-де-ла-Рапита
3110880	ru	Сан-Андрес-дель-Рабанедо
3110962	ru	Саме
3110962	tr	Langreo
3110983	ru	Салт
3110986	ru	Салоу
3111101	ru	Салас
3111108	ru	Саламанка
311111	ru	Искендерун
311111	tr	İskenderun
3111158	ru	Сада
3111185	ru	Сабиньяниго
3111294	ru	Руби
3111348	ru	Росас
3111605	ru	Рипольет
3111855	ru	Рибадеселья
3111855	tr	Ribadesella
3111933	ru	Реус
3112024	ru	Ренедо
3112075	ru	Рейноса
3112154	ru	Редондела
3112154	tr	Redondela
3112866	ru	Премия-де-Мар
3112989	ru	Посуэло-де-Аларкон
3113082	ru	Португалете
3113209	ru	Понтеведра
3113236	ru	Понферрада
3113268	ru	Пола-де-Сьеро
3113331	ru	Пласенсиа
3113415	ru	Пинто
3113526	ru	Пинеда де Мар
3113800	ru	Перальта
311381	tr	İncek
3113910	ru	Пеньяранда-де-Бракамонте
3114183	ru	Валдебернардо
3114245	ru	Паррес
3114256	ru	Парла
3114472	ru	Памплона
3114531	ru	Паленсия
3114567	ru	Палафружель
3114643	tr	Padrón
3114711	ru	Овьедо
3114711	tr	Oviedo
3114726	ru	Оутес
3114866	ru	Ортуэлья
3114904	ru	Оросо
3114965	ru	Оренсе
3114992	ru	Ордес
3115093	ru	Олот
3115177	ru	Олейрос
3115314	ru	Нуэво-Бастан
3115463	ru	Нигран
3115659	ru	Навалькарнеро
3115739	ru	Нарон
3115739	tr	Narón
3115780	ru	Нахера
3115824	ru	Мурос
3115943	ru	Мугардос
3115943	tr	Mugardos
3116025	ru	Мостолес
3116057	ru	Мос
3116351	ru	Монтеермосо
3116411	ru	Монблан
3116478	ru	Монфорте-де-Лемос
311665	az	İğdır
311665	ru	Игдир
311665	tr	Iğdır
3116653	ru	Моания
3116689	ru	Миранда-де-Эбро
3116789	ru	Мьерес
3117009	ru	Медина-де-Помар
3117010	ru	Медина-дель-Кампо
311704	ru	Идиль
311704	tr	Idil
311711	ru	Ичмелер
3117164	ru	Матаро
3117200	ru	Матадепера
3117331	ru	Марторелле
3117503	ru	Мансанарес-эль-Реаль
3117533	ru	Манреса
3117539	ru	Манльеу
3117667	ru	Махадаонда
3117735	az	Madrid
3117735	ru	Мадрид
3117735	tr	Madrid
3117814	ru	Луго
3118024	ru	Лос-Корралес-де-Буэльна
3118150	ru	Логроньо
3118212	ru	Льорет-де-Мар
3118228	tr	Llodio
3118304	ru	Льянес
3118304	tr	Llanes
3118514	ru	Лерида
3118532	ru	Леон
3118554	ru	Лехона
3118594	ru	Леганес
3118848	ru	Лас-Росас-де-Мадрид
3119027	ru	Ласарте
3119145	ru	Ларедо
3119153	ru	Лардеро
3119198	ru	Просперидад
3119231	ru	Ла Пинеда
3119384	ru	Ла-Муэла
3119536	ru	Лалин
3119631	ru	Лагуна-де-Дуэро
3119746	ru	Ла-Эстрада
3119841	ru	Ла-Корунья
3119889	ru	Ла Канонджа
3119979	ru	Ла-Баньеса
3120211	ru	Хака
312024	tr	Hizan
3120304	ru	Ирун
3120410	ru	Ильескас
3120431	ru	Игуалада
3120514	ru	Уэска
3120619	ru	Оспиталет-де-Льобрегат
3120811	ru	Эрнани
3120963	ru	Гихуэло
3120998	ru	Гуэньес
3121029	ru	Гвардо
3121070	ru	Гвадалахара
3121078	ru	О-Грове
312114	ru	Хнус
312114	tr	Hınıs
3121238	ru	Градо
3121424	ru	Хихон
3121424	tr	Gijón
3121437	ru	Хетафе
3121456	ru	Жерона
3121519	ru	Гава
312156	tr	Hıdırbey
3121751	ru	Гальдакано
3121766	ru	Галапагар
3121960	ru	Фуэнлабрада
3122426	ru	Фистерра
3122453	ru	Фигерас
312253	tr	Hazro
3122564	ru	Фене
3122695	ru	Фаберо
3122762	ru	Эстелья
3123063	ru	Эрмуа
3123104	ru	Эрандио
3123329	ru	Эль-Прат-де-Льобрегат
3123421	ru	Эль-Молар
3123473	ru	Эмпуриабрава
3123493	ru	Феррол
3123504	ru	Эль-Эскориаль
3123531	ru	Салья
3123667	ru	Эль-Астильеро
3123688	ru	Эхеа-де-лос-Кабальерос
3123709	ru	Эйбар
3123773	ru	Дуранго
3123910	ru	Дева
3124026	ru	Кунит
3124041	ru	Кульередо
3124132	ru	Куэнка
3124136	ru	Куэльяр
3124142	ru	Кудильеро
3124408	ru	Кослада
3124600	ru	Корелья
3124765	ru	Кольменар-Вьехо
3124794	ru	Кольядо-Вильяльба
3124821	ru	Колиндрес
3124963	ru	Сьюдад-Родриго
3124964	ru	Сьюдад-Линеаль
3124964	tr	Ciudad Lineal
3124967	tr	Ciutadella
3125144	ru	Чинчон
3125239	ru	Чамартин
3125239	tr	Chamartin
3125526	ru	Сеэ
3125526	tr	Cee
3125537	ru	Седейра
3125621	tr	Castro-Urdiales
3125800	ru	Кастель-Пладжа-де-Аро
3125994	ru	Каспе
3126369	ru	Карбальо
3126369	tr	Carballo
3126571	ru	Кангас-де-Онис
3126571	tr	Cangas de Onís
3126572	ru	Кангас-дель-Нарсеа
312659	tr	Hanımçiftliği
3126622	ru	Канделеда
312663	tr	Hani
3126888	ru	Камбрилс
3126915	ru	Камариньяс
3126917	ru	Камарго
3127047	ru	Калатаюд
3127065	ru	Калаорра
3127224	ru	Кабесон-де-ла-Саль
3127267	ru	Кабанильяс-дель-Кампо
3127451	ru	Бурлата
3127461	az	Burqos
3127461	ru	Бургос
3127588	ru	Брунете
3127611	ru	Бривьеска
3127958	ru	Боадилья-дель-Монте
3127978	ru	Бланес
3128026	ru	Бильбао
3128071	tr	Betanzos
3128174	ru	Бермео
3128273	ru	Беникарло
3128291	ru	Бенавенте
3128308	ru	Бембибре
3128382	ru	Бехар
3128760	az	Barselona
3128760	ru	Барселона
3128760	tr	Barselona
3128795	ru	Барбастро
3128824	ru	Бараньяйн
312899	ru	Хадим
3129028	ru	Бадалона
3129046	ru	Асукека-де-Энарес
3129059	ru	Аспейтиа
3129135	ru	Авилес
3129135	tr	Avilés
3129136	ru	Авила
3129231	ru	Асторга
3129356	ru	Арройомолинос
3129406	ru	Арригорриага
3129476	ru	Арнедо
3129636	ru	Арганда
3129644	ru	Аревало
3129655	ru	Арес
3129661	ru	Ареньс-де-Мар
3129678	ru	Аренас-де-Сан-Педро
3129857	ru	Аранхуэс
3129877	ru	Аранда-де-Дуэро
3130067	ru	Андорра
3130124	ru	Амуррио
3130124	tr	Amurrio
3130131	ru	Ампоста
3130244	ru	Альсасуа
3130255	ru	Алпедрете
3130262	ru	Аловера
3130313	ru	Альмасан
3130354	tr	Allariz
3130399	ru	Алфаро
3130564	ru	Алькоркон
3130583	ru	Алькобендас
3130606	ru	Альканьис
3130616	ru	Алькала-де-Энарес
3130739	ru	Алагон
3131024	ru	Абрера
3131093	tr	Abegondo
3131329	ru	Восс
3131449	ru	Волда
3132058	ru	Вестбю
313248	tr	Güzelçamlı
3133349	ru	Ульстейнвик
3133681	ru	Тведестранн
313379	tr	Gürbüz
3133880	ru	Тронхейм
3133895	az	Tromsø
3133895	ru	Тромсё
3133895	tr	Tromso
3134070	ru	Транбй
3134331	az	Tonsberg
3134331	ru	Тёнсберг
3134331	tr	Tonsberg
3134628	ru	Тиме
3135601	ru	Стрюн
3135833	ru	Странн
313669	ru	Гюльнар
3136765	ru	Схьёрдалсхалсен
3136947	az	Steinkjer
3136947	ru	Стейнкьер
3136947	tr	Steinkjer
3137115	az	Stavanger
3137115	ru	Ставангер
3137115	tr	Stavanger
3137405	ru	Сортланд
3137942	ru	Сола
313900	ru	Гёйнюк
3139075	az	Skien
3139075	ru	Шиен
3139075	tr	Skien
3139081	ru	Ши
313947	az	Görəmə
313947	ru	Гореме
313947	tr	Göreme
313973	ru	Гонен
3140084	az	Sarpsborg
3140084	ru	Сарпсборг
3140084	tr	Sarpsborg
3140301	ru	Саннесшёэн
3140390	ru	Саннефьорд
3141332	ru	Рёрус
314136	ru	Гёльбаши
3142657	ru	Пушгрён
3143244	ru	Осло
3143244	tr	Oslo
3143423	ru	Оркангер
3144075	ru	Нутодден
3144987	ru	Нарвик
3145023	ru	Намсус
3145375	ru	Мосс
3145386	ru	Мушёэн
3145580	az	Molde
3145580	ru	Молде
3145580	tr	Molde
3145614	ru	Му-и-Рана
314608	tr	Gercüş
3146463	ru	Мандал
3146470	ru	Малвик
314648	ru	Генк
314648	tr	Genç
314677	tr	Gelinkaya
314716	ru	Гедиз
3147465	ru	Лиллестрём
3147467	ru	Лиллесанн
3147474	az	Lillehammer
3147474	ru	Лиллехаммер
3147474	tr	Lillehammer
3147698	ru	Левангер
314812	tr	Gazipaşa
3148129	ru	Ларвик
314830	az	Qaziantep
314830	ru	Газиантеп
314830	tr	Gaziantep
314923	ru	Финике
3149312	ru	Кристиансунн
3149318	az	Kristiansand
3149318	ru	Кристиансанн
3149318	tr	Kristiansand
3149412	ru	Крагерё
3149512	ru	Копервик
3149533	ru	Конгсвингер
3149563	ru	Конгсберг
314967	ru	Фетхие
3150851	ru	Йессхейм
3151770	ru	Хортен
3151917	ru	Хёнефосс
315202	az	Əskişəhər
315202	ru	Эскишехир
315202	tr	Eskişehir
3152884	az	Hermansverk
3152884	ru	Хермансверк
3152884	tr	Hermansverk
3153623	ru	Хаугезунд
315368	az	Ərzurum
315368	ru	Эрзурум
315368	tr	Erzurum
315373	az	Ərzincan
315373	ru	Эрзинджан
315373	tr	Erzincan
3153823	ru	Харстад
3153890	ru	Харам
3154084	az	Hamar
3154084	ru	Хамар
3154084	tr	Hamar
3154209	ru	Халден
315468	ru	Эграни
315498	ru	Эрегли
3155041	ru	Гримстад
315515	ru	Эрдемли
3155573	ru	Йёвик
315639	ru	Эмет
3156529	ru	Фредрикстад
315697	az	Almalı
315697	ru	Элмалы
3156980	ru	Флурё
3157090	ru	Флеккефьорд
3157686	ru	Фетсун
3157781	ru	Фауске
315795	ru	Эльбистан
315795	tr	Elbistan
315808	az	Elazığ
315808	ru	Элязыг
315808	tr	Elâzığ
3158300	ru	Эльверум
3158792	ru	Айерсун
3158960	ru	Дрёбак
3159016	az	Drammen
3159016	ru	Драммен
3159016	tr	Drammen
315985	ru	Эдремит
3159954	ru	Брённёйсунн
3160881	az	Bodø
3160881	ru	Бодо
3160881	tr	Bodø
3161732	az	Bergen
3161732	ru	Берген
3161732	tr	Bergen
3162321	ru	Эустеволл
3162651	ru	Ашим
3162657	ru	Аскер
3162955	az	Arendal
3162955	ru	Арендал
3162955	tr	Arendal
3163392	ru	Олесунн
3163443	ru	Окрехамн
3163948	ru	Вомеро
3163950	ru	Волвера
3163962	ru	Вольтерра
3163995	ru	Вогера
3164002	ru	Вобарно
3164028	ru	Витторио-Венето
3164039	ru	Витербо
3164065	ru	Штерцинг
3164080	ru	Вимодроне
3164083	ru	Вимеркате
316411	ru	Догубаязит
316411	tr	Doğubayazıt
3164153	ru	Вилларикка
3164318	ru	Вигонца
3164376	ru	Виджевано
3164387	ru	Вьесте
3164419	ru	Виченца
3164433	ru	Виареджио
3164472	ru	Ветралла
3164527	ru	Верона
3164527	tr	Verona
3164557	ru	Верделло
3164565	ru	Верчелли
3164572	ru	Вентурина
3164582	ru	Вентимилья
3164603	az	Venesiya
3164603	ru	Венеция
3164603	tr	Venedik
3164621	ru	Венафро
3164630	ru	Веллетри
3164665	ru	Ваццола
3164672	ru	Васто
3164699	ru	Варезе
3164702	ru	Варедо
3164718	ru	Варалло
3164723	ru	Ваприо Д'Ада
3164778	ru	Валмонтоне
3164920	ru	Валенса
3164973	ru	Ваяно
3165035	ru	Урбино
3165052	ru	Умбертиде
3165072	ru	Удине
3165094	ru	Тури
3165141	ru	Троя
3165142	ru	Трофарелло
3165165	ru	Трино
3165166	ru	Тринитаполи
3165185	ru	Триест
3165185	tr	Trieste
3165197	ru	Трецо Сул'Ада
3165201	ru	Тревизо
3165207	ru	Тревильо
3165243	ru	Тренто
3165243	tr	Trento
3165306	ru	Трастевере
3165322	ru	Трани
3165340	ru	Традате
3165370	ru	Тортона
3165381	ru	Торрита-ди-Сьена
316541	az	Diyarbəkir
316541	ru	Диярбакыр
316541	tr	Diyarbakır
3165456	ru	Торре-дель-Греко
3165475	ru	Торре-Аннунциата
3165513	ru	Торитто
3165524	az	Turin
3165524	ru	Турин
3165524	tr	Torino
3165576	ru	Томболо
3165595	ru	Толентино
3165612	ru	Тоди
3165624	ru	Тиволи
3165639	ru	Тирренья
3165647	ru	Тирано
3165698	ru	Тьене
3165762	ru	Террачина
3165771	ru	Терни
3165773	ru	Термоли
3165788	ru	Терлицци
3165803	ru	Терамо
3165828	ru	Темпио Паусания
3165856	ru	Теано
3165919	az	Tarkviniya
3165919	ru	Тарквинии
3165926	ru	Таранто
3165926	tr	Taranto
3166018	ru	Суза
3166034	ru	Сулмона
3166052	ru	Субьяко
3166114	ru	Страделла
3166236	ru	Сполето
3166241	ru	Спино Д'Ада
3166262	ru	Спилимберго
316634	ru	Динар
3166350	ru	Сорренто
3166387	ru	Сора
3166397	ru	Сондрио
3166399	ru	Сончино
3166448	ru	Соларо
3166499	ru	Сирмионе
3166548	ru	Сиена
3166645	az	Serravalle
3166645	ru	Серравалле
3166645	tr	Serravalle
3166706	ru	Сериате
3166740	ru	Сенигаллия
3166766	ru	Сельваццано-Дентро
3166813	ru	Сеньи
3166917	ru	Скио
3166955	ru	Скарперия
3166988	ru	Скандиччи
3167022	ru	Савона
3167053	ru	Сассуоло
3167096	ru	Сассари
3167116	ru	Сарно
316726	ru	Дикили
3167327	ru	Сантерамо-ин-Колле
316746	tr	Dicle
3167561	ru	Санта-Мария-Капуа-Ветере
3167595	ru	Санта-Маргарита Лигурэ
3167632	ru	Сант-Аньелло
3167777	ru	Сан-Ремо
3167777	tr	San Remo
3168007	ru	Сан-Мартино-ин-Рио
3168070	ru	Сан-Марино
3168070	tr	San Marino şehri
3168429	ru	Сан-Дона-ди-Пьяве
3168550	ru	Сан-Бенедетто-дель-Тронто
3168633	ru	Сало
3168673	ru	Салерно
3168770	ru	Руво-ди-Пулья
3168843	ru	Ровиго
3168854	ru	Роверето
3168868	ru	Ровелло-Порро
3168874	ru	Ровато
3168927	ru	Розолина
3169035	ru	Роментино
3169070	ru	Рим
3169070	tr	Roma
3169228	ru	Риволта Д'Ада
3169231	ru	Риволи
3169361	ru	Римини
3169361	tr	Rimini
3169412	ru	Риети
3169424	ru	Риччоне
3169447	ru	Ро
3169522	ru	Реджо-Эмилия
3169539	ru	Реко
3169540	ru	Реканати
3169561	ru	Равенна
3169561	tr	Ravenna
3169602	ru	Рапалло
3169742	ru	Путиньяно
3169811	ru	Приверно
3169921	ru	Прато
3169984	ru	Поцуоли
3170027	tr	Potenza
3170069	ru	Порто-Торрес
3170094	tr	Portoferraio
3170102	ru	Чивитанова-Марке
3170116	ru	Портичи
3170147	ru	Порденоне
3170175	ru	Пополи
3170191	ru	Понтремоли
3170208	ru	Понтевико
3170232	ru	Понтенуре
3170272	ru	Понтедера
3170293	ru	Понтеканьяно
3170335	ru	Помпеи
3170376	ru	Полла
3170472	az	Poggio di Chiesanuova
3170472	ru	Кьезануова
3170472	tr	Poggio di Chiesanuova
3170504	ru	Поджибонси
3170621	ru	Пистойя
3170647	ru	Пиза
3170647	tr	Pisa
3170674	ru	Пьомбино
3170692	ru	Пинето
3170694	ru	Пинероло
3170699	ru	Пимонте
3170778	ru	Пиетрасанта
3170921	ru	Пьянура
317095	ru	Дербент
3171058	ru	Пьяченца
317109	az	Denizli
317109	ru	Денизли
317109	tr	Denizli
3171148	ru	Пеша
3171168	ru	Пескара
3171173	ru	Пезаро
3171180	ru	Перуджа
3171180	tr	Perugia
3171247	ru	Пенне
3171355	ru	Павуло Нел Фриняно
3171366	ru	Павия
3171457	ru	Парма
3171483	ru	Парабита
3171529	ru	Пандино
3171562	ru	Пало-дель-Колле
3171606	ru	Палестрина
3171728	ru	Падуя
3171771	ru	Овада
3171786	ru	Остуни
3171848	ru	Осимо
3171874	ru	Орвието
3171886	ru	Ортона
3171985	ru	Орбетелло
3171986	ru	Орбассано
3172000	ru	Опера
3172023	ru	Оменя
3172059	ru	Олиена
3172087	ru	Ольбия
3172101	ru	Оджоно
3172154	ru	Нуоро
3172168	ru	Новоли
3172170	ru	Нови-Лигуре
3172177	ru	Новеллара
3172189	ru	Новара
3172215	ru	Ноне
3172217	ru	Нонантола
3172226	ru	Ноле
3172227	ru	Нола
3172269	ru	Никелино
3172287	ru	Неттуно
3172300	ru	Нерви
3172322	ru	Непи
3172330	ru	Нембро
317236	tr	Demirci
3172363	ru	Наве
3172377	ru	Нарни
3172394	az	Neapol
3172394	ru	Неаполь
3172394	tr	Napoli
3172499	ru	Моттола
3172557	ru	Мортара
3172586	ru	Морлупо
3172598	ru	Мори
3172617	ru	Морбеньо
3172629	ru	Монца
3172669	ru	Монтиньозо
3172718	ru	Монтеварки
3172768	ru	Монтеротондо
3172828	ru	Монтемурло
3172906	az	Monte Giardino
3172906	ru	Монтеджардино
3172906	tr	Montegiardino
3173029	ru	Монтебеллуна
3173074	ru	Монтанаро
3173093	ru	Монтале
3173131	ru	Монополи
3173153	ru	Монфальконе
3173162	ru	Мондови
3173276	ru	Молинелла
3173287	ru	Мольфетта
3173326	ru	Модуньо
3173331	ru	Модена
3173331	tr	Modena
3173369	ru	Мирано
3173370	ru	Мирандола
3173385	ru	Мира
3173391	ru	Минтурно
3173435	ru	Милан
3173435	tr	Milano
3173480	ru	Медзоломбардо
3173524	ru	Мета
3173529	ru	Местре
3173576	ru	Мерате
3173577	ru	Мерано
3173582	ru	Ментана
3173615	ru	Мелфи
3173635	ru	Мелдола
3173667	ru	Меде
3173671	ru	Мед
3173699	ru	Маттината
3173704	ru	Маттарелло
3173711	ru	Матино
3173721	ru	Матера
3173721	tr	Matera
3173754	ru	Массаросе
3173775	ru	Масса
3173857	ru	Мартано
3173877	ru	Маротта
3173888	ru	Марнате
3173895	ru	Мармироло
3173914	ru	Марино
3173945	ru	Марильяно
3173985	ru	Маркон
3173995	ru	Марчанизе
3174032	ru	Маранелло
3174032	tr	Maranello
3174051	ru	Мантуя
3174051	tr	Mantova
3174092	ru	Манфредония
3174093	ru	Манербио
3174096	ru	Мандурия
3174139	ru	Мало
3174141	ru	Малнате
3174214	ru	Майори
3174214	tr	Maiori
3174358	ru	Маддалони
3174380	ru	Мачерата
3174380	tr	Macerata
3174494	ru	Луго
3174526	ru	Лучера
3174530	ru	Лукка
3174543	ru	Ловере
3174567	ru	Лорето
3174607	ru	Лонато
3174638	ru	Лоди
3174645	ru	Локате-ди-Триульци
3174659	ru	Ливорно
3174659	tr	Livorno
3174679	ru	Лиссоне
3174718	ru	Лимена
3174719	ru	Лимбьяте
3174741	ru	Лидо-ди-Рома
3174748	ru	Лидо
3174789	ru	Леверано
3174892	ru	Лено
3174896	ru	Лендинара
3174921	ru	Леньяно
3174922	ru	Леньяго
3174945	ru	Лекко
3174945	tr	Lecco
3174953	ru	Лечче
3175003	ru	Лавено-Момбелло
3175009	ru	Лавелло
3175058	ru	Латина
3175081	ru	Специя
3175105	ru	Ларино
3175121	ru	Л’Аквила
317515	ru	Давутлар
3175173	ru	Ланчано
3175177	ru	Лана
3175235	ru	Лайвес
3175298	ru	Ладисполи
3175384	ru	Ивреа
3175388	ru	Иттири
3175392	ru	Итри
3175445	ru	Изерния
3175458	ru	Искья
3175494	ru	Инверуно
3175532	ru	Империя
3175537	ru	Имола
3175627	ru	Лидо ди Езоло
3175628	ru	Джези
3175687	ru	Губбио
3175773	ru	Гротталье
3175786	ru	Гроссето
317587	ru	Даргечит
317588	ru	Даренде
3175952	ru	Граньяно
3175986	ru	Гориция
3176072	ru	Джовинаццо
3176090	ru	Джоя-дель-Колле
3176177	ru	Геди
3176203	ru	Дженцано-ди-Рома
3176219	ru	Генуя
3176219	tr	Cenova
3176282	ru	Гаттинара
3176299	ru	Гарласко
3176366	ru	Галлиполи
3176391	ru	Галларате
3176438	ru	Гаета
3176504	ru	Фучеккио
3176515	ru	Фрозиноне
3176560	ru	Фраттаминоре
3176561	ru	Фраттамаджоре
3176739	ru	Формелло
3176743	ru	Форлимпополи
3176746	ru	Форли
3176797	ru	Фонтанива
3176843	ru	Фонда
3176849	ru	Фоллоника
3176854	ru	Фолиньо
3176885	ru	Фоджа
3176885	tr	Foggia
3176907	ru	Флеро
3176923	ru	Фьюмичино
3176959	az	Florensiya
3176959	ru	Флоренция
3176959	tr	Floransa
3176966	az	Fiorentino
3176966	ru	Фьорентино
3176966	tr	Fiorentino
3176988	ru	Филоттрано
3177029	ru	Фиденцы
3177090	ru	Феррара
3177094	ru	Феррандина
3177098	ru	Ферно
3177099	ru	Фермо
3177102	ru	Ферентино
3177120	ru	Фелтре
3177171	ru	Фазано
3177219	ru	Фано
3177299	az	Faetano
3177299	ru	Фаэтано
3177299	tr	Faetano
3177315	ru	Фабриано
3177337	ru	Эсте
3177363	ru	Геркуланум
3177400	ru	Емполи
3177474	ru	Дронеро
3177542	az	Domagnano
3177542	ru	Доманьяно
3177542	tr	Domagnano
3177547	ru	Доло
3177564	ru	Догана
3177608	ru	Дезио
3177610	ru	Дезенцано дель Гарда
3177650	ru	Дальмине
3177700	ru	Кунео
3177773	ru	Крочетта-Монтелло
3177838	ru	Кремона
3177841	ru	Крема
3177952	ru	Кортина д'Ампеццо
3178004	ru	Корсико
3178019	ru	Корреджо
3178099	ru	Кори
3178131	ru	Корато
3178147	ru	Конверсано
3178197	ru	Конельяно
3178229	ru	Комо
3178245	ru	Комаккьо
3178388	ru	Колленьо
3178398	ru	Коллеферро
3178402	ru	Колле-ди-Валь-д'Эльса
317851	ru	Мендерес
3178534	ru	Коккальо
3178587	ru	Чивитавеккья
3178619	ru	Чита Ди Кастело
3178738	ru	Чампино
3178745	ru	Кивассо
3178796	ru	Кьети
3178818	ru	Кьери
3178832	ru	Киавари
3178956	ru	Чезенатико
3178957	ru	Чезена
3178998	ru	Червиа
3178999	ru	Черветери
3179067	ru	Черноббьо
3179162	ru	Ченто
3179235	ru	Чечина
3179241	ru	Чекина
3179243	ru	Чеккано
3179470	ru	Кастельсардо
3179560	ru	Кастел Маджоре
3179781	ru	Кассино
3179795	ru	Касано Д'Ада
3179809	ru	Казорате-Примо
3179866	ru	Казерта
3180423	ru	Каррара
3180445	ru	Карпи
3180496	ru	Карманьола
3180601	ru	Капуя
3180630	ru	Капри
3180733	ru	Капаннори
3180944	ru	Кампо-Марцио
3180991	ru	Кампобассо
3181061	ru	Кампаньяно-ди-Рома
3181125	ru	Камайоре
3181165	ru	Калуско Д'Ада
3181258	ru	Кайвано
318137	az	Hakkari
318137	ru	Хаккари
318137	tr	Hakkari
3181480	ru	Брунико
3181495	ru	Бругерио
3181507	ru	Брони
3181528	ru	Бриндизи
3181528	tr	Brindisi
3181548	ru	Брессо
3181550	ru	Брессаноне
3181554	ru	Брешиа
3181577	ru	Брембате
3181628	ru	Браччано
3181631	ru	Бра
3181637	ru	Боволоне
3181683	ru	Боскореале
3181793	az	Borgo Maggiore
3181793	ru	Борго-Маджоре
3181793	tr	Borgo Maggiore
3181854	ru	Боретто
3181891	ru	Бондено
3181913	ru	Больцано
3181913	tr	Bozen-Bolzano
3181928	ru	Болонья
3181928	tr	Bolonya
3181931	ru	Боллате
3181939	ru	Бояно
3181994	ru	Битритто
3181995	ru	Битонто
3181996	ru	Битетто
3182007	ru	Бишеллье
3182043	ru	Бьелла
3182153	ru	Берналда
3182164	ru	Бергамо
3182164	tr	Bergamo
3182179	ru	Беневенто
3182210	ru	Беллуно
3182297	ru	Бассано-дель-Граппа
3182336	ru	Барра
3182340	ru	Барлетта
3182351	ru	Бари
3182518	ru	Баньоли
318253	ru	Джизре
3182636	ru	Авеццано
3182637	ru	Аветрана
3182640	ru	Аверса
3182650	ru	Авеллино
3182651	ru	Авелла
3182696	ru	Атрипалда
3182697	ru	Атри
3182714	ru	Асти
3182749	ru	Асколи-Пичено
3182757	ru	Арциньяно
3182778	ru	Артена
3182812	ru	Арона
3182835	ru	Арлуно
3182878	ru	Аргента
3182884	ru	Ареццо
3182897	ru	Ардеа
3182910	ru	Арко
3182957	ru	Априлия
3182997	ru	Аоста
3182997	tr	Aosta
3183005	ru	Анцио
3183072	ru	Андрия
3183089	az	Ankona
3183089	ru	Анкона
3183089	tr	Ancona
3183113	ru	Амелия
3183178	ru	Алтамура
3183299	ru	Алессандрия
3183316	ru	Албино
3183330	ru	Альберобелло
3183364	ru	Альбом
3183365	ru	Алатри
3183374	ru	Ала
3183446	ru	Аджерола
3183455	ru	Афрагола
3183461	ru	Адро
3183466	ru	Адрия
3183500	az	Acquaviva
3183500	ru	Аккваввива
3183500	tr	Acquaviva
3183573	ru	Аббиатеграссо
3183587	ru	Абано-Терме
3183625	ru	Зареза
3183719	az	Vlyora
3183719	ru	Влёра
3183719	tr	Vlora
3183780	ru	Велябишт
3183814	ru	Ура-Вайгуроре
3183875	ru	Тирана
3183875	tr	Tiran
3183945	ru	Сукти
3184081	az	Şkodra
3184081	ru	Шкодер
3184081	tr	İşkodra
3184099	ru	Шияку
3184136	ru	Шенгини
3184197	ru	Селеница
3184252	ru	Рогожина
3184264	az	Rreshen
3184264	ru	Решени
3184264	tr	Rrëshen
3184290	ru	Росковеци
3184388	az	Puka
3184388	ru	Пука
3184388	tr	Puke
3184497	az	Pekin
3184497	ru	Пекини
3184497	tr	Pekin
3184518	ru	Патоси
3184568	ru	Отлак
3184801	ru	Манеза
3184806	ru	Мамураси
3184862	az	Lushnja
3184862	ru	Люшня
3184862	tr	Lushnje
3184935	az	Leş
3184935	ru	Лежа
3184935	tr	Leş
3185012	az	Laç
3185012	ru	Лячи
3185012	tr	Laç
3185060	az	Kuçova
3185060	ru	Кучова
3185060	tr	Kuçova
3185082	az	Kruya
3185082	ru	Круя
3185082	tr	Kruje
3185211	az	Kavaja
3185211	ru	Кавая
3185211	tr	Kavalye
3185270	ru	Камза
3185638	ru	Фуше-Круя
3185672	az	Fier
3185672	ru	Фиери
3185672	tr	Fier
3185728	az	Durrës
3185728	ru	Дуррес
3185728	tr	Durrës
3185797	ru	Дивьяка
3185897	ru	Церрик
3186084	az	Bərat
3186084	ru	Берат
3186084	tr	Berat
3186246	az	Zvornik
3186246	ru	Зворник
3186246	tr	Zvornik
3186270	az	Zuzemberk
3186270	ru	Зузембарк
3186270	tr	Zuzemberk
3186294	ru	Жупаня
3186423	ru	Живинице
3186450	az	Ziri
3186450	ru	Зири
3186450	tr	Ziri
3186509	az	Zgornje Jezersko
3186509	ru	Згорнье-Езерско
3186509	tr	Zgornje Jezersko
3186514	az	Zgornje Gorje
3186514	ru	Згорнье-Горье
3186514	tr	Zgornje Gorje
3186538	az	Zgornja Kungota
3186538	ru	Згорня-Кунгота
3186538	tr	Zgornja Kungota
3186543	az	Zgornja Hajdina
3186543	ru	Згорня-Хайдина
3186543	tr	Zgornja Hajdina
3186557	az	Zetale
3186557	ru	Зетале
3186557	tr	Zetale
3186567	ru	Жепче
3186573	az	Zenica
3186573	ru	Зеница
3186573	tr	Zenica
3186607	az	Zelezniki
3186607	ru	Железники
3186607	tr	Zelezniki
318668	tr	Ceylanpınar
3186705	az	Zavrc
3186705	ru	Заврц
3186705	tr	Zavrc
3186717	ru	Завидовичи
318675	ru	Джейхан
318675	tr	Ceyhan
3186781	ru	Запрешич
3186781	tr	Zaprešić
3186844	az	Zalec
3186844	ru	Залец
3186844	tr	Zalec
3186886	az	Zaqreb
3186886	ru	Загреб
3186886	tr	Zagreb
3186906	az	Zagorje ob Savi
3186906	ru	Загорье-об-Сави
3186906	tr	Zagorje ob Savi
3186952	ru	Задар
3186999	az	Zabljak
3186999	ru	Жабляк
3186999	tr	Zabljak
3187020	az	Vuzenica
3187020	ru	Вузеница
3187020	tr	Vuzenica
3187047	ru	Вуковар
3187162	ru	Врнограч
3187214	az	Vrhnika
3187214	ru	Врхника
3187214	tr	Vrhnika
3187297	ru	Врбас
3187336	az	Vransko
3187336	ru	Врански
3187336	tr	Vransko
3187448	az	Vojnik
3187448	ru	Войник
3187448	tr	Vojnik
3187485	az	Vodice
3187485	ru	Водице
3187485	tr	Vodice
3187489	ru	Водице
318755	ru	Чешме
3187575	az	Vitomarci
3187575	ru	Витомарци
3187575	tr	Vitomarci
3187590	ru	Витез
3187598	az	Vitanje
3187598	ru	Витанье
3187598	tr	Vitanje
3187609	ru	Високо
3187609	tr	Visoko
3187681	az	Vişeqrad
3187681	ru	Вишеград
3187681	tr	Vişegrad
3187694	ru	Вировитица
3187706	az	Vipava
3187706	ru	Випава
3187706	tr	Vipava
3187719	ru	Винковцы
3187813	az	Videm
3187813	ru	Видем
3187813	tr	Videm
3187829	ru	Ветерник
3187840	az	Verzej
3187840	ru	Верзей
3187840	tr	Verzej
3188128	az	Velike Lasce
3188128	ru	Великие-Ласце
3188128	tr	Velike Lasce
3188181	az	Velika Polana
3188181	ru	Великая-Поляна
3188181	tr	Velika Polana
3188225	ru	Велика-Кладуша
3188244	ru	Велика-Горица
3188366	ru	Вареш
3188383	ru	Вараждин
3188383	tr	Varaždin
3188395	ru	Валпово
3188402	ru	Валево
3188434	ru	Ужице
3188498	ru	Умаг
3188516	az	Ulcinj
3188516	ru	Улцинь
3188516	tr	Ulcinj
3188582	az	Tuzla
3188582	ru	Тузла
3188582	tr	Tuzla
3188584	ru	Тузи
3188606	az	Turnisce
3188606	ru	Турниште
3188606	tr	Turnisce
3188684	az	Trzin
3188684	ru	Трзин
3188684	tr	Trzin
3188688	az	Trzic
3188688	ru	Тржич
3188688	tr	Trzic
3188691	tr	Tržačka Raštela
3188763	ru	Трогир
3188767	az	Trnovska Vas
3188767	ru	Трновска-Вас
3188767	tr	Trnovska Vas
3188817	ru	Трн
3188886	az	Trebnje
3188886	ru	Требнье
3188886	tr	Trebnje
3188893	az	Trebinye
3188893	ru	Требинье
3188893	tr	Trebinje
3188915	az	Trbovlje
3188915	ru	Трбовье
3188915	tr	Trbovlje
3188924	az	Travnik
3188924	ru	Травник
3188924	tr	Travnik
3189014	az	Sveti Tomaz
3189014	ru	Святой-Томаш
3189014	tr	Sveti Tomaz
3189038	az	Tolmin
3189038	ru	Толмин
3189038	tr	Tolmin
3189073	ru	Тиват
3189075	az	Velenje
3189075	ru	Веленье
3189075	tr	Velenje
3189098	az	Tisina
3189098	ru	Тизина
3189098	tr	Tisina
3189143	az	Teslik
3189143	ru	Теслич
3189143	tr	Teslic
3189146	ru	Тешань
3189227	az	Tabor
3189227	ru	Табор
3189227	tr	Tabor
3189403	az	Sv. Ana v Slov. Goricah
3189403	ru	Св. Анна в Сл. Горицах
3189403	tr	Sv. Ana v Slov. Goricah
3189595	ru	Суботица
3189798	az	Store
3189798	ru	Сторе
3189798	tr	Store
3189823	ru	Столац
3189917	az	Starse
3189917	ru	Старсе
3189917	tr	Starse
3190101	ru	Сремски-Карловци
3190101	tr	Karlofça
3190104	ru	Сремска-Каменица
3190150	az	Sredisce ob Dravi
3190150	ru	Среди́ще об Драви
3190150	tr	Sredisce ob Dravi
3190158	ru	Сребреник
3190172	az	Srbac
3190172	ru	Србац
3190172	tr	Srbac
3190199	az	Spodnji Duplek
3190199	ru	Спо́дни Дупле́к
3190199	tr	Spodnji Duplek
3190219	az	Spodnje Hoce
3190219	ru	Спо́дне Хо́це
3190219	tr	Spodnje Hoce
3190261	ru	Сплит
3190311	az	Sostanj
3190311	ru	Соста́нь
3190311	tr	Sostanj
3190335	ru	Сонта
3190342	ru	Сомбор
3190359	ru	Солин
3190359	tr	Solin
3190360	az	Solcava
3190360	ru	Со́лцава
3190360	tr	Solcava
3190385	ru	Соколац
3190391	az	Sodrazica
3190391	ru	Сода́жица
3190391	tr	Sodrazica
3190495	az	Smartno pri Litiji
3190495	ru	Сма́ртно при Ли́тији
3190495	tr	Smartno pri Litiji
3190498	az	Smartno ob Paki
3190498	ru	Сма́ртно об Па́ки
3190498	tr	Smartno ob Paki
3190506	az	Smarjeta
3190506	ru	Сма́рета
3190506	tr	Smarjeta
3190510	az	Smarje pri Jelsah
3190510	ru	Сма́рье при Е́льсах
3190510	tr	Smarje pri Jelsah
3190530	az	Slovenske Konjice
3190530	ru	Слове́нске Ко́нице
3190530	tr	Slovenske Konjice
3190534	az	Slovenska Bistrica
3190534	ru	Слове́нска Би́стрица
3190534	tr	Slovenska Bistrica
3190536	az	Slovenj Gradec
3190536	ru	Словень-Градец
3190536	tr	Slovenj Gradec
3190586	ru	Славонски-Брод
3190589	ru	Пожега
3190712	az	Skofljica
3190712	ru	Ско́фльица
3190712	tr	Skofljica
3190717	az	Skofja Loka
3190717	ru	Шкофья-Лока
3190717	tr	Skofja Loka
3190722	az	Skocjan
3190722	ru	Ско́чьян
3190722	tr	Skocjan
3190733	az	Knezevo
3190733	ru	Кнежево
3190733	tr	Knezevo
3190813	ru	Сисак
3190813	tr	Sisak
3190837	az	Sipovo
3190837	ru	Сипово
3190837	tr	Sipovo
3190865	ru	Синь
3190941	ru	Шибеник
3190941	tr	Şibenik
3190945	az	Sezana
3190945	ru	Сежана
3190945	tr	Sezana
3190950	az	Sevnica
3190950	ru	Се́вница
3190950	tr	Sevnica
3190966	ru	Сесвете
3191024	az	Sentrupert na Dolenjskem
3191024	ru	Сентру́пер на Доле́нском
3191024	tr	Sentrupert na Dolenjskem
3191029	az	Sentjur
3191029	ru	Шентюр
3191029	tr	Sentjur
3191033	az	Sentjernej
3191033	ru	Сентье́рней
3191033	tr	Sentjernej
3191039	az	Sentilj v Slov. Goricah
3191039	ru	Сентиль в Сл. Гори́цах
3191039	tr	Sentilj v Slov. Goricah
319104	ru	Кей
3191059	az	Sencur
3191059	ru	Сенцу́р
3191059	tr	Sencur
3191063	az	Sempeter pri Gorici
3191063	ru	Семпетер при Горици
3191063	tr	Sempeter pri Gorici
3191072	az	Semic
3191072	ru	Семич
3191072	tr	Semic
3191156	az	Sekovici
3191156	ru	Шековичи
3191156	tr	Sekovici
319118	tr	Çavuşlu
3191222	ru	Шавник
3191281	az	Sarayevo
3191281	ru	Сараево
3191281	tr	Saraybosna
3191297	ru	Сански Мост
3191302	ru	Саница
3191316	ru	Самобор
3191329	az	Salovci
3191329	ru	Саловци
3191329	tr	Salovci
3191376	ru	Шабац
3191376	tr	Böğürdelen
3191401	az	Ruse
3191401	ru	Русе
3191401	tr	Ruse
3191429	ru	Рума
3191518	ru	Ровинь
3191578	az	Rogatec
3191578	ru	Рогатец
3191578	tr	Rogatec
3191579	az	Rogasovci
3191579	ru	Рогасовци
3191579	tr	Rogasovci
3191580	az	Rogaska Slatina
3191580	ru	Рогашка Слатина
3191580	tr	Rogaska Slatina
3191589	ru	Родоч
3191648	ru	Риека
3191678	az	Ribnica na Pohorju
3191678	ru	Рибница на Похорью
3191678	tr	Ribnica na Pohorju
3191685	az	Ribnica
3191685	ru	Рибница
3191685	tr	Ribnica
3191756	az	Recica ob Savinji
3191756	ru	Рецица об Савиньи
3191756	tr	Recica ob Savinji
3191839	az	Ravne na Koroskem
3191839	ru	Равне на Корошkem
3191839	tr	Ravne na Koroskem
3192063	az	Radovljica
3192063	ru	Радовльица
3192063	tr	Radovljica
3192121	az	Radlje ob Dravi
3192121	ru	Радле об Драви
3192121	tr	Radlje ob Dravi
3192139	az	Radenci
3192139	ru	Раденци
3192139	tr	Radenci
3192144	az	Radece
3192144	ru	Радеце
3192144	tr	Radece
3192165	az	Race
3192165	ru	Раце
3192165	tr	Race
3192224	ru	Пула
3192230	az	Puconci
3192230	ru	Пуконци
3192230	tr	Puconci
3192236	ru	Нови Травник
3192241	az	Ptuj
3192241	ru	Птуй
3192241	tr	Ptuj
3192279	ru	Прозор
3192327	az	Prnjavor
3192327	ru	Прњавор
3192327	tr	Prnjavor
3192409	az	Prijedor
3192409	ru	Приедора
3192409	tr	Prijedor
3192420	ru	Пригревиця
3192484	az	Prevalje
3192484	ru	Превалье
3192484	tr	Prevalje
3192560	az	Preddvor
3192560	ru	Преддвор
3192560	tr	Preddvor
3192570	az	Prebold
3192570	ru	Преболд
3192570	tr	Prebold
3192673	az	Postojna
3192673	ru	Постойна
3192673	tr	Postojna
3192699	ru	Пореч
3192762	az	Polzela
3192762	ru	Ползела
3192762	tr	Polzela
3192802	az	Poljcane
3192802	ru	Польчане
3192802	tr	Poljcane
3192878	ru	Подзвизд
3192899	az	Podvelka
3192899	ru	Подвелка
3192899	tr	Podvelka
3192910	ru	Подстрана
3192932	ru	Слатина
3192986	az	Podlehnik
3192986	ru	Подлехник
3192986	tr	Podlehnik
3193008	ru	Подхум
3193044	az	Podqoritsa
3193044	ru	Подгорица
3193044	tr	Podgorica
3193075	az	Podcetrtek
3193075	ru	Подцертек
3193075	tr	Podcetrtek
3193131	ru	Плужине
3193161	ru	Плевля
3193228	ru	Плав
3193299	az	Pivka
3193299	ru	Пивка
3193299	tr	Pivka
3193341	az	Piran
3193341	ru	Пиран
3193341	tr	Piran
3193406	ru	Петроварадин
3193406	tr	Petervaradin
3193420	ru	Петриня
3193463	az	Pesnica
3193463	ru	Песница
3193463	tr	Pesnica
3193542	ru	Печиград
3193542	tr	Pećigrad
3193561	ru	Пазин
3193678	ru	Палич
3193692	ru	Пале
3193776	ru	Отока
3193821	ru	Острожац
3193821	tr	Ostrožac
3193930	az	Osilnitsa
3193930	ru	Озильница
3193930	tr	Osilnica
3193935	ru	Осиек
3193965	az	Ormoz
3193965	ru	Орможе
3193965	tr	Ormoz
3194061	tr	Orahovica Donja
3194086	az	Oplotnitsa
3194086	ru	Оплотница
3194086	tr	Oplotnica
3194099	ru	Опатия
3194114	ru	Омиш
3194120	ru	Омарска
3194183	ru	Огулин
3194199	ru	Оджак
3194213	az	Odrantsi
3194213	ru	Одранци
3194213	tr	Odranci
3194319	ru	Новска
3194351	az	Novo Mesto
3194351	ru	Ново-Место
3194351	tr	Novo Mesto
3194360	ru	Нови-Сад
3194403	az	Nova Vas
3194403	ru	Новая Вас
3194403	tr	Nova Vas
3194452	az	Nova Gorica
3194452	ru	Нова-Горица
3194452	tr	Nova Gorica
3194494	ru	Никшич
3194510	az	Nevesinje
3194510	ru	Невесинье
3194510	tr	Nevesinje
3194581	ru	Нашице
3194595	az	Naklo
3194595	ru	Накло
3194595	tr	Naklo
3194622	az	Muta
3194622	ru	Мута
3194622	tr	Muta
3194648	az	Murska Sobota
3194648	ru	Мурска Собота
3194648	tr	Murska Sobota
3194724	az	Mrkonjic Grad
3194724	ru	Мрконич-Град
3194724	tr	Mrkonjic Grad
3194792	az	Mozirje
3194792	ru	Мозирье
3194792	tr	Mozirje
3194828	az	Mostar
3194828	ru	Мостар
3194828	tr	Mostar
3194871	az	Moravske Toplice
3194871	ru	Моравске Топлице
3194871	tr	Moravske Toplice
3194873	az	Moravse
3194873	ru	Моравце
3194873	tr	Moravce
3194904	az	Mokronog
3194904	ru	Мокронег
3194904	tr	Mokronog
3194926	ru	Мойковац
3195011	az	Mislinja
3195011	ru	Мисли́нья
3195011	tr	Mislinja
3195036	az	Mirna Peç
3195036	ru	Мирна Печ
3195036	tr	Mirna Pec
3195041	az	Mirna
3195041	ru	Мирна
3195041	tr	Mirna
3195054	az	Miren
3195054	ru	Мирен
3195054	tr	Miren
3195128	az	Milici
3195128	ru	Милячи
3195128	tr	Milici
3195162	az	Miklavz na Dravskem Polju
3195162	ru	Миклавж на Дравском Поле
3195162	tr	Miklavz na Dravskem Polju
3195202	az	Mezitsa
3195202	ru	Мезица
3195202	tr	Mezica
3195214	az	Metlika
3195214	ru	Метлика
3195214	tr	Metlika
3195222	ru	Меткович
3195250	az	Menges
3195250	ru	Менгеш
3195250	tr	Menges
319528	ru	Кестел
319528	tr	Kestel
3195281	az	Medvode
3195281	ru	Медводе
3195281	tr	Medvode
3195460	az	Markovtsi
3195460	ru	Марковци
3195460	tr	Markovci
3195506	az	Maribor
3195506	ru	Марибор
3195506	tr	Maribor
3195674	ru	Мали Лошинь
3195883	az	Makole
3195883	ru	Макол
3195883	tr	Makole
3195890	ru	Макарска
3195898	az	Maysperk
3195898	ru	Майшпрк
3195898	tr	Majsperk
3195930	ru	Махала
3195930	tr	Mahala
3195946	ru	Маглай
3196049	az	Lukovitsa pri Domzalah
3196049	ru	Луковица при Домжалах
3196049	tr	Lukovica pri Domzalah
3196079	ru	Лукавац
3196133	az	Lutse
3196133	ru	Луче
3196133	tr	Luce
3196153	ru	Лозница
3196165	az	Lovrents na Pohoryu
3196165	ru	Ловренец на Похорье
3196165	tr	Lovrenc na Pohorju
3196307	az	Lyutomer
3196307	ru	Любомер
3196307	tr	Ljutomer
3196324	ru	Любушки
3196338	az	Lyubno ob Savinji
3196338	ru	Любно-об-Савинье
3196338	tr	Ljubno ob Savinji
3196359	az	Lyublyana
3196359	ru	Любляна
3196359	tr	Ljubljana
3196410	az	Livno
3196410	ru	Ливно
3196410	tr	Livno
3196425	az	Litija
3196425	ru	Лития
3196425	tr	Litija
3196428	az	Siroki Brijeg
3196428	ru	Сирoki Бриег
3196428	tr	Siroki Brijeg
3196681	az	Lendava
3196681	ru	Лендава
3196681	tr	Lendava
3196682	az	Lenart v slovenskih Goricah
3196682	ru	Ленарт-в-Словенских-Горицах
3196682	tr	Lenart v slovenskih Goricah
3196760	az	Lasko
3196760	ru	Лашко
3196760	tr	Lasko
3196792	az	Laktasi
3196792	ru	Лакташи
3196792	tr	Laktasi
3196834	ru	Лабин
3196842	az	Kuzma
3196842	ru	Кузма
3196842	tr	Kuzma
3196864	ru	Кутина
3197147	az	Krsko
3197147	ru	Кршко
3197147	tr	Krsko
3197226	az	Krizevci pri Ljutomeru
3197226	ru	Крижевци-при-Любомере
3197226	tr	Krizevci pri Ljutomeru
3197230	ru	Крижевцы
3197369	ru	Крапина
3197373	az	Kranjska Gora
3197373	ru	Краньска-Гора
3197373	tr	Kranjska Gora
3197378	az	Kranj
3197378	ru	Крань
3197378	tr	Kranj
3197442	az	Kozje
3197442	ru	Козье
3197442	tr	Kozje
3197532	az	Kotor Varos
3197532	ru	Котор Варош
3197532	tr	Kotor Varos
3197538	ru	Котор
3197581	az	Kostanjevica na Krki
3197581	ru	Костанджевица-на-Крке
3197581	tr	Kostanjevica na Krki
3197728	ru	Копривница
3197753	az	Koper
3197753	ru	Копер
3197753	tr	Koper
3197842	az	Komen
3197842	ru	Комен
3197842	tr	Komen
3197896	ru	Колашин
3197896	tr	Kolaşin
3197943	az	Koçevje
3197943	ru	Кочевье
3197943	tr	Kocevje
3197959	az	Kobilje
3197959	ru	Кобилье
3197959	tr	Kobilje
3197983	az	Kobarid
3197983	ru	Кобарид
3197983	tr	Kobarid
3197986	ru	Книн
3198126	ru	Кладань
3198165	az	Kidrichevo
3198165	ru	Кидричево
3198165	tr	Kidricevo
3198227	ru	Кастав
3198354	az	Kanal
3198354	ru	Канал
3198354	tr	Kanal
3198365	az	Kamnik
3198365	ru	Камник
3198365	tr	Kamnik
3198490	ru	Какань
3198531	az	Yursintsi
3198531	ru	Юрсинци
3198531	tr	Jursinci
3198533	az	Yurovskiy Dol
3198533	ru	Юровский Дол
3198533	tr	Jurovski Dol
3198549	az	Sveti Yurij
3198549	ru	Святой Юрий
3198549	tr	Sveti Jurij
3198647	az	Jesenitsa
3198647	ru	Есенице
3198647	tr	Jesenice
3198799	ru	Ястребарско
3198895	ru	Яня
3198895	tr	Yayna
3198934	ru	Яйце
3199017	az	Izola
3199017	ru	Изола
3199017	tr	Izola
3199051	ru	Иванково
3199069	ru	Иванич-Град
3199071	ru	Беране
3199078	az	İvançna Gorica
3199078	ru	Иванчна-Горица
3199078	tr	Ivancna Gorica
3199131	az	İlirska Bistritsa
3199131	ru	Илирска-Бистрица
3199131	tr	Ilirska Bistrica
3199145	ru	Илиджа
3199162	az	İg
3199162	ru	Иг
3199162	tr	Ig
3199171	az	İdrija
3199171	ru	Идрия
3199171	tr	Idrija
3199256	az	Hrpelje
3199256	tr	Hrpelje
3199268	az	Hrib-Loski Potok
3199268	tr	Hrib-Loski Potok
3199297	az	Hrastnik
3199297	ru	Храстник
3199297	tr	Hrastnik
3199347	az	Horjul
3199347	tr	Horjul
3199361	az	Hodos
3199361	tr	Hodos
3199394	ru	Херцег-Нови
3199463	ru	Гусине
3199523	az	Grosuplje
3199523	tr	Grosuplje
3199525	ru	Громиляк
3199525	tr	Gromiljak
3199685	az	Sv. Trojica v Slov. Goricah
3199685	tr	Sv. Trojica v Slov. Goricah
3199744	ru	Градачац
3199765	az	Grad
3199765	tr	Grad
3199779	ru	Грачаница
3199862	ru	Гостовичи
3199873	ru	Госпич
3199948	az	Gornji Petrovci
3199948	tr	Gornji Petrovci
3200016	az	Gornji Grad
3200016	tr	Gornji Grad
3200197	az	Gornja Radgona
3200197	ru	Горня Радгона
3200197	tr	Gornja Radgona
3200307	az	Gorisnica
3200307	tr	Gorisnica
3200379	az	Gorenja Vas
3200379	tr	Gorenja Vas
3200385	az	Straza
3200385	tr	Straza
3200396	az	Goražde
3200396	ru	Горажде
3200396	tr	Gorajde
3200422	ru	Голубовци
3200802	ru	Футог
3200837	az	Foça
3200837	ru	Фоча
3200837	tr	Foça
3200930	az	Tomislavgrad
3200930	ru	Томиславград
3200930	tr	Tomislavgrad
3201009	ru	Дуго-Село
3201030	ru	Дуга-Реса
3201047	ru	Дубровник
3201047	tr	Dubrovnik
3201217	ru	Дренова
3201253	az	Dravograd
3201253	tr	Dravograd
3201294	az	Dragomer
3201294	tr	Dragomer
3201355	az	Dornava
3201355	tr	Dornava
3201376	ru	Доньи-Вакуф
3201662	tr	Donja Mahala
3201730	az	Domzale
3201730	ru	Домжале
3201730	tr	Domzale
3201748	az	Dol pri Ljubljani
3201748	tr	Dol pri Ljubljani
320177	tr	Nikfer
3201817	az	Dolenjske Toplice
3201817	tr	Dolenjske Toplice
3201896	az	Dobrovo
3201896	tr	Dobrovo
3201897	az	Dobrovnik
3201897	tr	Dobrovnik
3201901	az	Dobrova
3201901	tr	Dobrova
3201903	ru	Доброта
3201927	az	Dobrna
3201927	tr	Dobrna
3201984	az	Doboj
3201984	ru	Добой
3201984	tr	Doboj
3201988	az	Dobje pri Planini
3201988	tr	Dobje pri Planini
3202014	ru	Дивичани
3202014	tr	Divičani
3202019	az	Divaca
3202019	tr	Divaca
3202058	az	Destrnik
3202058	tr	Destrnik
3202081	az	Derventa
3202081	ru	Дервента
3202081	tr	Derventa
3202184	ru	Дарувар
3202194	az	Danilovgrad
3202194	ru	Даниловград
3202194	tr	Danilovgrad
3202220	ru	Джяково
3202333	az	Crnomelj
3202333	ru	Чрномель
3202333	tr	Crnomelj
3202459	az	Crna na Koroskem
3202459	tr	Crna na Koroskem
3202507	ru	Цриквеница
3202524	az	Crensovci
3202524	tr	Crensovci
3202564	ru	Читлук
320257	tr	Çiğli
3202641	az	Cetinje
3202641	ru	Цетине
3202641	tr	Cetinje
3202704	az	Serkvenyak
3202704	ru	Церквеньяк
3202704	tr	Cerkvenjak
3202709	az	Serknika
3202709	ru	Церкница
3202709	tr	Cerknica
3202711	az	Serkle na Gorenskəm
3202711	ru	Церкље на Горенйском
3202711	tr	Cerklje na Gorenjskem
3202743	ru	Чепин
3202781	az	Sele
3202781	ru	Целе
3202781	tr	Celje
3202798	ru	Челарево
3202822	ru	Цазин
3202873	ru	Чаплина
3202877	az	Çankova
3202877	ru	Цанкова
3202877	tr	Cankova
3202888	az	Çakovets
3202888	ru	Чаковец
3202888	tr	Čakovec
3202935	ru	Бужим
3203057	az	Bukovitsa
3203057	ru	Буковица
3203057	tr	Bukovica
3203099	ru	Бугойно
3203106	az	Budva
3203106	ru	Будва
3203106	tr	Budva
3203338	az	Brezovitsa pri Lyublyana
3203338	ru	Брезовица при Любляне
3203338	tr	Brezovica pri Ljubljani
3203377	az	Breznitsa
3203377	ru	Брезница
3203377	tr	Breznica
3203412	az	Brezitse
3203412	ru	Брежице
3203412	tr	Brezice
3203521	az	Brçko
3203521	ru	Брчко
3203521	tr	Brčko
3203550	az	Braslavtse
3203550	ru	Браславце
3203550	tr	Braslovce
3203611	az	Boveç
3203611	ru	Бовец
3203611	tr	Bovec
3203644	ru	Босанско Грахово
3203647	az	Novi Grad
3203647	ru	Нови Град
3203647	tr	Novi Grad
3203651	az	Brod
3203651	ru	Брод
3203651	tr	Brod
3203653	ru	Босанска Крупа
3203656	az	Gradiska
3203656	ru	Градиска
3203656	tr	Gradiska
3203657	az	Kozarska Dubica
3203657	ru	Козарска-Дубица
3203657	tr	Kozarska Dubica
3203677	az	Borovnitsa
3203677	ru	Боровница
3203677	tr	Borovnica
320374	tr	Çubukdağı
3203808	az	Bohinskaya Bistritsa
3203808	ru	Бохиньска-Быстрица
3203808	tr	Bohinjska Bistrica
3203840	ru	Богатич
320392	az	Burdur
320392	ru	Бурдур
320392	tr	Burdur
3203925	az	Bled
3203925	ru	Блед
3203925	tr	Bled
3203982	ru	Беловар
3204044	az	Bistritsa ob Sotli
3204044	ru	Бистрица об Сотли
3204044	tr	Bistrica ob Sotli
3204121	ru	Биоград-на-Мору
3204161	az	Bileca
3204161	ru	Билеча
3204161	tr	Bileca
3204176	az	Bijelo Polje
3204176	ru	Биело-Поле
3204176	tr	Bijelo Polje
3204186	az	Bijeljina
3204186	ru	Биелине
3204186	tr	Bijeljina
3204222	az	Bihać
3204222	ru	Бихач
3204222	tr	Bihaç
3204296	az	Benedikt
3204296	ru	Бенедикт
3204296	tr	Benedikt
3204303	az	Beltintsi
3204303	ru	Белтинци
3204303	tr	Beltinci
3204317	ru	Белишче
3204320	ru	Бели-Манастир
320437	ru	Булдан
3204509	az	Bar
3204509	ru	Бар
3204509	tr	Bar
3204520	ru	Бановичи
3204541	az	Banya Luka
3204541	ru	Баня-Лука
3204541	tr	Banya Luka
3204623	ru	Баина-Башта
3204665	ru	Бачки-Петровац
3204674	ru	Бачка-Паланка
3204793	ru	Апатин
3204796	az	Apaçe
3204796	ru	Апаче
3204796	tr	Apace
3204816	az	Andrijevica
3204816	ru	Андриевица
3204816	tr	Andrijevica
3204854	az	Aydovshchina
3204854	ru	Айдовшчина
3204854	tr	Ajdovscina
320533	ru	Буджак
320552	ru	Бозязы
3205535	ru	Хёэнкирхен-Зигертсбрунн
3205666	ru	Лаухринген
3205690	ru	Ульдинген-Мюльхофен
3205691	ru	Илинген-Биркендорф
320581	ru	Бозова
3206149	ru	Альтес Лагер
3206188	ru	Кёнигсбах-Штайн
3206254	ru	Ниферн-Эшельбронн
3206402	ru	Гизен
3206590	ru	Риен
3206682	ru	Маллерсдорф-Пфаффенберг
3206934	ru	Постбауэр-Хенг
3207077	ru	Катленбург-Линдау
3207197	ru	Фельмар
3207383	ru	Шидер-Шваленберг
3207410	ru	Рёденталь
3207512	ru	Брухмюльбах-Мизау
3207540	ru	Шёненберг-Кюбельберг
3207806	ru	Мюльхайм-Керлих
3208053	ru	Флорштадт
3208118	ru	Шёффенгрунд
3208129	ru	Вальдбрунн
3208130	ru	Вальдемс
3208134	ru	Валлуф
3208606	ru	Ильзеде
3208618	ru	Зассенбург
3208620	ru	Зикте
320871	ru	Бор
3209262	ru	Райнау
3209505	ru	Тоне
320995	ru	Бодрум
320995	tr	Bodrum
321025	az	Bitlis
321025	ru	Битлис
321025	tr	Bitlis
321028	tr	Bitez
321031	tr	Bismil
3210439	tr	Jelah
321062	ru	Биреджик
321082	az	Bingöl
321082	ru	Бингол
321082	tr	Bingöl
321184	ru	El’ki
321191	ru	Бейшехир
321337	ru	Бесни
321360	tr	Beşiri
321426	ru	Пергам
321426	tr	Bergama
3215453	az	Razkrizye
3215453	ru	Разкризье
3215453	tr	Razkrizje
321572	ru	Белен
321580	az	Bələk
321580	ru	Белек
321580	tr	Belek
321786	ru	Байиндыр
321836	az	Batman
321836	ru	Батман
321836	tr	Batman
3218364	az	Serkno
3218364	ru	Церквено
3218364	tr	Cerkno
3218464	ru	Финкенштайн-ам-Факер-Зее
3218745	az	Leskovaya Dolina
3218745	ru	Лесковая Долина
3218745	tr	Leskova Dolina
3218907	az	Logateç
3218907	ru	Логатец
3218907	tr	Logatec
3220262	az	Ankaran
3220262	ru	Анкаран
3220262	tr	Ankaran
322051	ru	Баназ
3220594	az	Petnjica
3220594	ru	Петница
3220594	tr	Petnjica
322165	az	Balıkesir
322165	ru	Балыкесир
322165	tr	Balıkesir
322250	ru	Баклан
3225108	ru	Рансбах-Баумбах
322673	ru	Айвалык
322817	tr	Aydınkent
322826	ru	Айдынджык
322830	az	Aydın
322830	ru	Айдын
322830	tr	Aydın
322869	tr	Aşyurdu
322887	ru	Авсаллар
322965	ru	Аванос
323094	tr	Aşkale
3233832	ru	Атнанг-Пуххайм
3234498	ru	Ист-Каус
323653	tr	Arıcak
323750	ru	Арабан
323777	az	Antalya
323777	ru	Анталия
323777	tr	Antalya
323779	az	Antakya
323779	ru	Антиохия
323779	tr	Antakya
323786	az	Ankara
323786	ru	Анкара
323786	tr	Ankara
323828	ru	Анамур
323854	ru	Амбар
323854	tr	Ambar
323963	ru	Алпу
324052	tr	Alifakı
324106	ru	Алиага
324172	ru	Алашехир
324172	tr	Alaşehir
324190	ru	Аланья
324190	tr	Alanya
324415	ru	Актопрак
324415	tr	Aktoprak
324490	tr	Akşehir
324496	az	Aksaray
324496	ru	Аксарай
324496	tr	Aksaray
324698	ru	Акхисар
324698	tr	Akhisar
3247449	az	Aaxen
3247449	ru	Ахен
3247449	tr	Aachen
324944	ru	Акчакале
325028	ru	Акарсу
325028	tr	Akarsu
325066	tr	Ahmetli
325103	ru	Ахлат
325103	tr	Ahlat
325303	az	Afyonkarahisar
325303	ru	Афьонкарахисар
325303	tr	Afyonkarahisar
325330	az	Adıyaman
325330	ru	Адыяман
325330	tr	Adıyaman
325336	ru	Адилджеваз
325363	az	Adana
325363	ru	Адана
325363	tr	Adana
325420	tr	Acırlı
325449	tr	Acıgöl
325780	ru	Йирга-Алем
3257948	ru	Ковачи
326206	ru	Верэта
326406	ru	Уольдыя
3272450	ru	Убштадт-Вайер
3272458	ru	Карлсдорф-Нойтард
3272459	ru	Грабен-Нойдорф
3272460	ru	Мёрфельден-Вальдорф
3272461	ru	Линкенхайм-Хохштеттен
3272463	ru	Бёль-Иггельхайм
3272934	ru	Альсбах-Хенлайн
3272941	az	Ridştadt
3272941	ru	Ридштадт
3274259	ru	Лайнгартен
3274966	ru	Лауда-Кёнигсхофен
3289093	ru	Качуни
3301568	ru	Тодорово
3301568	tr	Todorovo
330546	ru	Массауа
330546	tr	Massava
330789	ru	Мэтэма
3310247	ru	Шаннон
331038	ru	Менди
331180	ru	Мэкэле
3313472	ru	Атлон
3315276	ru	Фёрхаус
3315278	ru	Сандифорд
3315280	ru	Фоксрок
3315280	tr	Foxrock
3315287	az	Ratqar
3315287	ru	Ратгар
3315315	ru	Баллимун
3315322	ru	Уолкинстаун
3315378	ru	Баллифермот
3315404	ru	Темплоуг
332288	az	Lalibela
332288	ru	Лалибэла
332746	ru	Корем
333287	ru	Кэрэн
333373	ru	Комбольча
333373	tr	Kombolcha
3336565	ru	Ви
3336565	tr	Vi
3336566	ru	Фисксетра
3336588	ru	Эрста
3336891	ru	Фильдерштадт
3336893	ru	Родгау
3336894	ru	Бутъядинген
3336895	ru	Кауфунген
3336896	ru	Еттинген-Шеппах
3337504	ru	Зехайм-Югенхайм
333772	ru	Джимма
333772	tr	Jimma
333795	ru	Джиджига
3339111	az	Videm pri Ptujу
3339111	ru	Видем при Птуе
3339111	tr	Videm pri Ptuju
3339120	az	Zretse
3339120	ru	Зреце
3339120	tr	Zrece
3339128	az	Selnitsa ob Dravi
3339128	ru	Сельница об Драви
3339128	tr	Selnica ob Dravi
3343512	ru	Луция
3344411	ru	Ябланица
3345283	ru	Тонипанди
334529	ru	Хурута
3345300	ru	Карловац
3345439	ru	Телфорд
3345440	ru	Крейгавон
3345492	ru	Ксангонго
3345497	ru	Ваку Кунгу
3345668	ru	Укума
3345669	ru	Уку
3345790	ru	Томбуа
3346015	az	Sumbe
3346015	ru	Сумбе
3346015	tr	Sumbe
3346598	ru	Кибала
3346661	ru	Порту Амбоим
3346821	az	Ondjiva
3346821	ru	Онджива
3346821	tr	Ondjiva
3347019	az	Mossamedes
3347019	ru	Намибе
3347019	tr	Mossamedes
3347353	az	Menongue
3347353	ru	Менонге
3347353	tr	Menongue
3347424	ru	Матала
3347719	az	Luena
3347719	ru	Луэна
3347719	tr	Luena
3347762	az	Lubango
3347762	ru	Лубанго
3347762	tr	Lubango
3347853	ru	Логонжу
3347939	az	Lobitu
3347939	ru	Лобиту
3347939	tr	Lobito
3348078	az	Kuito
3348078	ru	Куито
3348078	tr	Cuito
3348313	az	Huambo
3348313	ru	Уамбо
3348313	tr	Huambo
3348581	ru	Ганда
3348613	ru	Габела
3348896	ru	Домбе Гранде
3348966	ru	Дала
3349201	ru	Куши
3349229	ru	Кубал
3349324	ru	Конда
3349649	ru	Шипинду
3349997	ru	Шибия
3350123	ru	Кела
3350246	ru	Катумбела
335035	ru	Харэр
3350372	ru	Катабола
3351014	ru	Камакупа
3351064	ru	Калуло
3351089	ru	Калукинга
3351268	ru	Каимбамбу
3351307	ru	Каама
3351380	ru	Каконда
3351390	ru	Каколо
3351500	ru	Каале
3351647	ru	Бибала
3351663	az	Benguela
3351663	ru	Бенгела
3351663	tr	Benguela
3351764	ru	Баломбо
3351884	ru	Андулу
3352136	az	Vindhuk
3352136	ru	Виндхук
3352263	ru	Вармбад
3352593	ru	Цумеб
3352844	az	Swakopmund
3352844	ru	Свакопмунд
3352844	tr	Swakopmund
3353383	az	Rundu
3353383	ru	Рунду
3353383	tr	Rundu
3353540	ru	Рехобот
3353540	tr	Rehoboth
3353811	az	Otjiwarongo
3353811	ru	Отьиваронго
3353811	tr	Otjiwarongo
3353871	ru	Очимбингве
3354021	az	Oshakati
3354021	ru	Ошакати
3354021	tr	Oshakati
3354077	az	Opuwo
3354077	ru	Опуво
3354077	tr	Opuwo
3354147	ru	Онгуэдива
3354147	tr	Ongwediva
3354247	ru	Ондангва
3354367	az	Omuthiya
3354367	ru	Омутия
3354367	tr	Omuthiya
3354898	ru	Окаханджа
3355137	az	Nkurenkuru
3355137	ru	Нкуренкуру
3355137	tr	Nkurenkuru
3355595	az	Mariental
3355595	ru	Мариенталь
3355595	tr	Mariental
3355672	az	Lüderitz
3355672	ru	Людериц
3355672	tr	Lüderitz
3356213	ru	Кхорихас
3356264	az	Keetmanshoop
3356264	ru	Китмансхуп
3356264	tr	Keetmanshoop
3356343	ru	Карасбург
3357114	ru	Хрутфонтейн
3357247	az	Gobabis
3357247	ru	Гобабис
3357247	tr	Gobabis
3357804	az	Eenhana
3357804	ru	Ээнхана
3357804	tr	Eenhana
3358670	ru	Арандис
3359041	ru	Вустер
3359638	ru	Уолфиш-Бей
336014	ru	Гондэр
3361025	ru	Стелленбос
3361142	ru	Спрингбок
3361934	ru	Салдана
3363094	ru	Паарл
336350	ru	Гоба
3367877	ru	Франсхук
3369056	ru	Констанция
3369056	tr	Constantia
3369098	ru	Клэрмонт
3369098	tr	Claremont
3369129	ru	Церера
3369157	az	Keyptaun
3369157	ru	Кейптаун
3369157	tr	Cape Town
336931	ru	Женя
337010	ru	Гелемсо
3370352	ru	Атлантида
3370352	tr	Atlantis
3370726	az	Yeddi dəniz Edinburqu
3370726	ru	Эдинбург
3370726	tr	Yedi Deniz Edinburgh
3370903	az	Ceymstaun
3370903	ru	Джеймстаун
3371197	az	Outapi
3371197	ru	Аутапи
3371197	tr	Outapi
3372965	ru	Лагоа
3372988	ru	Орта
3373348	ru	Ангра-ду-Эроишму
3373430	az	Velçmen Holl
3373430	ru	Велчман-Холл
3373430	tr	Welchman Hall
3373477	az	Krayn
3373477	ru	Крейн
3373477	tr	Crane
3373505	az	Speytstaun
3373505	ru	Спейтстаун
3373505	tr	Speightstown
3373652	az	Oyistins
3373652	ru	Ойстинс
3373652	tr	Oistins
3373790	az	Holtaun
3373790	ru	Холтаун
3373790	tr	Holetown
3373831	az	Qrenlandiya
3373831	ru	Гринленд
3373831	tr	Greenland
3373877	az	For Kross Roadz
3373877	ru	Фор Кросс Роадс
3373877	tr	Four Cross Roads
3373993	az	Çeker Holl
3373993	ru	Чекер Холл
3373993	tr	Checker Hall
3374036	ru	Бриджтаун
337405	ru	Гамбеле
3374083	az	Batşeba
3374083	ru	Батшеба
3374083	tr	Bathsheba
3374117	az	Nova Sintra
3374117	ru	Нова-Синтра
3374117	tr	Nova Sintra
3374120	az	Vila do Maio
3374120	ru	Вила-ду-Майо
3374120	tr	Vila do Maio
3374121	az	Ribeira Brava
3374121	ru	Рибейра-Брава
3374121	tr	Ribeira Brava
3374165	az	Tarrafal de Sao Nicolau
3374165	ru	Тарrafal де Сан-Николау
3374165	tr	Tarrafal de Sao Nicolau
3374166	az	Tarrafal
3374166	ru	Тарrafal
3374166	tr	Tarrafal
3374210	az	Sao Filipe
3374210	ru	Сан-Филипи
3374210	tr	Sao Filipe
3374211	az	Sao Domingos
3374211	ru	Сан-Домингос
3374211	tr	Sao Domingos
3374218	ru	Санта-Мария
3374235	az	Sal Rei
3374235	ru	Сал-Рей
3374235	tr	Sal Rei
3374333	az	Praya
3374333	ru	Прая
3374336	az	Porto Novo
3374336	ru	Порто-Ново
3374336	tr	Porto Novo
3374351	az	Pombas
3374351	ru	Помбаш
3374351	tr	Pombas
3374360	az	Picos
3374360	ru	Пикос
3374360	tr	Picos
3374462	az	Mindelo
3374462	ru	Минделу
3374462	tr	Mindelo
3374707	az	Cova Figueira
3374707	ru	Кова-Фигейра
3374707	tr	Cova Figueira
3374725	az	Cidade Velha
3374725	ru	Сидаде Велья
3374725	tr	Cidade Velha
3374794	az	Calheta
3374794	ru	Калета
3374794	tr	Calheta
3374888	az	Assomada
3374888	ru	Ассомада
3374888	tr	Assomada
3376223	ru	Росигнол
3376762	ru	Нью-Амстэрдам
3377408	ru	Линден
3378644	ru	Джорджтаун
3380387	ru	Сен-Лоран-дю-Марони
3380994	ru	Марипасула
3381303	ru	Кур
3382160	ru	Кайенна
3382527	ru	Апату
3382867	az	Totness
3382867	ru	Тотнесс
3382867	tr	Totness
3383330	ru	Парамарибо
3383330	tr	Paramaribo
3383384	az	Onverwacht
3383384	ru	Онверхахт
3383384	tr	Onverwacht
3383427	az	Yeni Nikeri
3383427	ru	Нивю-Никкерия
3383427	tr	Yeni Nickerie
3383434	az	Yeni Amsterdam
3383434	ru	Нивю-Амстердам
3383434	tr	Yeni Amsterdam
338345	ru	Эдд
3383714	az	Lelydorp
3383714	ru	Лелидорп
3383714	tr	Lelydorp
3384125	az	Groningen
3384125	ru	Гронинген
3384125	tr	Groningen
3384482	az	Brokopondo
3384482	ru	Брокопондо
3384482	tr	Brokopondo
3384792	az	Albina
3384792	ru	Албина
3384792	tr	Albina
3384987	ru	Витория-де-Санту-Антан
3385109	ru	Висоза
3385122	ru	Виана
3385935	ru	Тукурви
3386264	ru	Торитама
3386361	ru	Тимон
3386445	ru	Тибау-ду-Сул
3386496	az	Teresina
3386496	ru	Терезина
3386496	tr	Teresina
3386533	ru	Тейшейра
338726	ru	Додола
3387296	ru	Собрал
3387604	ru	Сиринхаем
3387786	ru	Серра-Тальяда
3387807	ru	Серра-Негра-ду-Норти
3388112	ru	Сан-Себастьян
3388266	ru	Сан-Мигел-ду-Тапую
3388269	ru	Сан-Мигель-дус-Кампус
3388301	ru	Сан-Мигел
338832	ru	Диредавы
3388368	az	San Luis
3388368	ru	Сан-Луис
3388368	tr	Sao Luis
3388376	ru	Сан-Лоренсу-да-Мата
3388618	ru	Сан-Жуан-ду-Пиауи
3389006	ru	Сан-Бенту
3389339	ru	Санта Рита
3389353	ru	Сантарен
3389384	ru	Сантана-ду-Ипанема
3389609	ru	Санта-Инес
3389652	ru	Санта-Крус-ду-Капибариби
3389673	ru	Санта-Крус
3389860	ru	Салгейру
338998	ru	Дила
3390760	az	Recife
3390760	ru	Ресифи
3390760	tr	Recife
3390879	ru	Рафаэл-Фернандис
3391360	ru	Сантана
3391438	ru	Порталегри
3391571	ru	Помбал
3391762	ru	Посиньюс
3392054	ru	Пиньейру
3392126	ru	Пилар
3392167	ru	Пикус
339219	ru	Дэссе
339219	tr	Dessie
3392242	ru	Петролина
3392243	ru	Ятоба
3392629	ru	Педра-Бранка
3392734	ru	Паулу-Афонсу
3392740	ru	Паулиста
3392742	ru	Паулиста
3392775	ru	Пау-дус-Феррус
3392887	ru	Патус
3392998	ru	Парнамирин
3393001	ru	Парнаиба
3393008	ru	Паринтинса
3393264	ru	Палмарис
3393536	ru	Олинда
3393764	ru	Уэйрас
3393768	ru	Обидус
3393972	ru	Назар-да-Мата
3394023	az	Natal
3394023	ru	Натал
3394023	tr	Natal
3394605	ru	Монти-Алегри
3394682	ru	Мосоро
3395258	ru	Мартинс
3395409	ru	Марселину-Виейра
3395503	ru	Мараба
3395981	az	Maceio
3395981	ru	Масейо
3395981	tr	Maceio
3395998	ru	Макау
3396016	az	Makapa
3396016	ru	Макапа
3396016	tr	Macapa
3396116	ru	Луис-Гомис
3396496	ru	Лажеду
3396601	ru	Лаго-да-Педра
3396979	ru	Журути
3397147	ru	Жуазейру-ду-Норти
3397233	ru	Жозе-да-Пенья
3397277	az	Joao Pessoa
3397277	ru	Жуан-Песоа
3397277	tr	João Pessoa
339734	ru	Дэбрэ-Бырхан
339734	tr	Debre Berhan
3397675	ru	Жагуариби
3397909	ru	Итапипока
3398115	ru	Ипожука
3398269	ru	Императрис
3398352	ru	Игарасу
3398497	ru	Гимарайнс
3398570	ru	Гуарабира
3398904	ru	Гояна
3399058	ru	Гараньюнс
3399415	az	Fortaleza
3399415	ru	Форталеза
3399415	tr	Fortaleza
3399506	ru	Флориан
3399518	ru	Флореста
3400558	ru	Эусебио
3400567	ru	Эстремос
3400815	ru	Экуадор
3400946	ru	Дотор-Севериану
3401283	ru	Куррайс-Новус
3401545	ru	Крату
3401963	ru	Колинас
3402383	ru	Кашиас
3402591	ru	Кастаньял
3402655	ru	Каруару
3402721	ru	Карпина
3402724	ru	Каролина
3403353	ru	Канинде
3403362	ru	Кангуаретама
3403566	ru	Кампу-Майор
3403642	ru	Кампина-Гранде
3404020	ru	Кажазейрас
3404117	ru	Кайко
3404558	ru	Кабеделу
3404766	ru	Буики
3405051	ru	Борба
3405738	ru	Безеррус
3405863	ru	Белем
3405870	az	Belem
3405870	ru	Белен
3405870	tr	Belém
3405924	ru	Беберибе
3406263	ru	Баррас
3406545	ru	Бальсас
3406846	ru	Баиа-Формоза
3406910	ru	Бакабал
3407216	ru	Арковерди
3407243	ru	Арарипина
3407297	ru	Арара
3407357	ru	Арагуаина
3407378	ru	Аракати
3407440	ru	Аподи
3407669	ru	Ананиндеуа
3407882	ru	Альтамира
3407903	ru	Алмейрин
3407977	ru	Алешандрия
3408368	ru	Акарау
3408404	ru	Абреу-и-Лима
3413604	ru	Сельфосс
3413829	az	Reykyavik
3413829	ru	Рейкьявик
3413829	tr	Reykjavik
341397	ru	Буря
3415021	ru	Мосфедльсбайр
3415212	ru	Коупавогюр
3415496	az	Keflavik
3415496	ru	Кефлавик
3415667	az	İsafyordür
3415667	ru	Исафьордюр
3416706	ru	Хабнарфьордюр
3417195	ru	Гардабайр
341742	ru	Бонга
3418076	az	Borqarnes
3418076	ru	Боргарнес
3418653	ru	Акранес
3419842	ru	Сисимиут
3420846	ru	Какорток
3421319	ru	Нуук
3421319	tr	Nuuk
342190	ru	Бичена
3423146	az	İlulissat
3423146	ru	Илулиссат
3424901	ru	Аасиаат
3424941	az	Mikelon
3424941	ru	Микелон
3424941	tr	Miquelon
3426466	az	Qryotviken
3426466	ru	Грютвикен
3426691	az	Stenli
3426691	ru	Порт-Стэнли
342711	ru	Барэнту
3427213	az	Zarate
3427213	ru	Зарате
3427213	tr	Zarate
3427428	az	Villaguay
3427428	ru	Вильягуай
3427428	tr	Villaguay
3427431	ru	Вилья-Хесель
3427474	ru	Валентин-Альсина
3427761	ru	Тигре
3427833	az	Tandil
3427833	ru	Тандиль
3427833	tr	Tandil
3427897	az	Suipacha
3427897	ru	Суйпача
3427897	tr	Suipacha
3428067	az	San Vicente
3428067	ru	Сан-Висенте
3428067	tr	San Vicente
3428071	az	Santo Tome
3428071	ru	Санто-Томе
3428071	tr	Santo Tome
3428182	ru	Санта-Роса
3428287	az	Santa Lucia
3428287	ru	Санта-Люсия
3428287	tr	Santa Lucia
3428455	az	Santa Ana
3428455	ru	Санта-Ана
3428455	tr	Santa Ana
3428481	az	San Salvador
3428481	ru	Сан-Сальвадор
3428481	tr	San Salvador
342856	ru	Бако
3428576	az	San Pedro
3428576	ru	Сан-Педро
3428576	tr	San Pedro
3428577	az	San Pedro
3428577	ru	Сан-Педро
3428577	tr	San Pedro
3428609	az	San Miguel del Monte
3428609	ru	Сан-Мигель-дель-Монте
3428609	tr	San Miguel del Monte
3428644	az	San Miguel
3428644	ru	Сан-Мигель
3428644	tr	San Miguel
3428708	az	San Luis del Palmar
3428708	ru	Сан-Луис-дель-Пальмар
3428708	tr	San Luis del Palmar
3428775	az	San Justo
3428775	ru	Сан-Хусто
3428775	tr	San Justo
342884	ru	Бахр-Дар
3428858	az	San Jose de Feliciano
3428858	ru	Сан-Хосе-де-Фелисиано
3428858	tr	San Jose de Feliciano
3428975	az	San Javier
3428975	ru	Сан-Харьер
3428975	tr	San Javier
3428976	az	San Javier
3428976	ru	Сан-Харьер
3428976	tr	San Javier
3428992	az	San Isidro
3428992	ru	Сан-Исидро
3428992	tr	San Isidro
3429016	az	San Ignacio
3429016	ru	Сан-Игнасио
3429016	tr	San Ignacio
3429160	ru	Сан-Клементе-дель-Тую
3429244	ru	Сан-Антонио-де-Падуа
3429248	az	San Antonio de Areco
3429248	ru	Сан-Антонио-де-Аресо
3429248	tr	San Antonio de Areco
3429309	az	San Andres de Giles
3429309	ru	Сан-Андрес-де-Хилес
3429309	tr	San Andres de Giles
3429399	az	Saladillo
3429399	ru	Саладильо
3429399	tr	Saladillo
3429403	az	Saladas
3429403	ru	Салядас
3429403	tr	Saladas
3429439	az	Rosario del Tala
3429439	ru	Росарио дель Тала
3429439	tr	Rosario del Tala
3429450	az	Roque Perez
3429450	ru	Роке Перес
3429450	tr	Roque Perez
3429576	ru	Ретиро
3429577	az	Resistencia
3429577	ru	Ресистенсия
3429577	tr	Resistencia
3429594	az	Reconquista
3429594	ru	Реконкиста
3429594	tr	Reconquista
3429602	az	Rauch
3429602	ru	Раух
3429602	tr	Rauch
3429652	az	Quilmes
3429652	ru	Кильмес
3429652	tr	Quilmes
3429721	az	Puerto Tirol
3429721	ru	Пуэрто Тирол
3429721	tr	Puerto Tirol
3429732	az	Puerto Riko
3429732	ru	Пуэрто-Рико
3429732	tr	Porto Riko
3429777	ru	Пуэрто-Игуасу
3429786	az	Puerto Esperanza
3429786	ru	Пуэрто Эсперанса
3429786	tr	Puerto Esperanza
3429866	az	Presidencia de la Plaza
3429866	ru	Президенсия де ла Плаза
3429866	tr	Presidencia de la Plaza
3429886	az	Posadas
3429886	ru	Посадас
3429886	tr	Posadas
3429902	ru	Понтеведра
3429949	az	Pirane
3429949	ru	Пиране
3429949	tr	Pirane
3429971	az	Pinamar
3429971	ru	Пинамар
3429971	tr	Pinamar
3429980	az	Pilar
3429980	ru	Пилар
3429980	tr	Pilar
3430104	az	Paso de los Libres
3430104	ru	Пасо де лос Либрес
3430104	tr	Paso de los Libres
3430340	az	Obera
3430340	ru	Обера
3430340	tr	Obera
3430402	az	Nuestra Señora del Rosario de Caá Catí
3430402	ru	Нуэстра Сеньора дель Росарио де Каа Каті
3430402	tr	Nuestra Señora del Rosario de Caá Catí
3430415	az	Nogoya
3430415	ru	Ногойá
3430415	tr	Nogoya
3430443	az	Necochea
3430443	ru	Некочеа
3430443	tr	Necochea
3430457	az	Navarro
3430457	ru	Наварро
3430457	tr	Navarro
3430545	az	Moron
3430545	ru	Морон
3430545	tr	Morón
3430595	ru	Монте-Чинголо
3430598	az	Monte Caseros
3430598	ru	Монте Касерос
3430598	tr	Monte Caseros
3430601	az	Montekarlo
3430601	ru	Монтекарло
3430601	tr	Montecarlo
3430668	az	Miramar
3430668	ru	Мирамар
3430668	tr	Miramar
3430697	az	Merlo
3430697	ru	Мерло
3430697	tr	Merlo
3430708	az	Mercedes
3430708	ru	Мерседес
3430708	tr	Mercedes
3430709	az	Mercedes
3430709	ru	Мерседес
3430709	tr	Mercedes
3430760	az	Mburucuya
3430760	ru	Мбуруküя
3430760	tr	Mburucuya
3430857	az	Margarita Belen
3430857	ru	Маргарита Белен
3430857	tr	Margarita Belen
3430861	az	Mar del Tuyu
3430861	ru	Мар дель Туйу
3430861	tr	Mar del Tuyu
3430863	az	Mar del Plata
3430863	ru	Мар-дель-Плата
3430863	tr	Mar del Plata
3430957	az	Magdalena
3430957	ru	Магдалена
3430957	tr	Magdalena
3430988	az	Lujan
3430988	ru	Лухан
3430988	tr	Lujan
3431271	az	Lomas de Zamora
3431271	ru	Ломас де Замора
3431271	tr	Lomas de Zamora
3431313	az	Lobos
3431313	ru	Лобос
3431313	tr	Lobos
3431321	az	Loberia
3431321	ru	Лобария
3431321	tr	Loberia
3431350	ru	Лима
343137	ru	Авасе
3431391	az	Leandro N. Alem
3431391	ru	Леандро Н. Алем
3431391	tr	Leandro N. Alem
3431788	az	Las Flores
3431788	ru	Лас Флорес
3431788	tr	Las Flores
3432043	az	La Plata
3432043	ru	Ла-Плата
3432043	tr	La Plata
3432079	az	La Paz
3432079	ru	Ла-Paz
3432079	tr	La Paz
3432135	az	Lanus
3432135	ru	Ланус
3432135	tr	Lanus
3432355	az	La Leonesa
3432355	ru	Ла Леонеса
3432355	tr	La Leonesa
3432555	ru	Лаферрере
3432760	az	La Cruz
3432760	ru	Ла Круз
3432760	tr	La Cruz
343292	ru	Асоса
343300	az	Əsməra
343300	ru	Асмэра
343300	tr	Asmara
3433360	az	Ituzaingo
3433360	ru	Итусаинго
3433360	tr	Ituzaingo
3433363	az	Itati
3433363	ru	Итати
3433363	tr	Itati
3433424	ru	Исидро-Касанова
3433424	tr	Isıdro Casanova
3433513	ru	Ибаррета
3433522	az	Hurlingham
3433522	ru	Хурлингем
3433522	tr	Hurlingham
3433658	az	Gualeguaychu
3433658	ru	Гуалегуайчу
3433658	tr	Gualeguaychu
3433663	az	Gualeguay
3433663	ru	Гуалегай
3433663	tr	Gualeguay
3433715	az	Goya
3433715	ru	Гойя
3433715	tr	Goya
3433787	ru	Хенераль-Пачеко
3433801	az	General Juan Madariaga
3433801	ru	Генерал Хуан Мадариага
3433801	tr	General Juan Madariaga
3433803	az	General Xose de San Martin
3433803	ru	Генерал Хосе де Сан Мартин
3433803	tr	General Jose de San Martin
3433817	az	General Belqrano
3433817	ru	Генерал Бельграно
3433817	tr	General Belgrano
3433899	az	Formosa
3433899	ru	Формоза
3433899	tr	Formosa
3433901	ru	Фонтана
3433956	az	Federal
3433956	ru	Федераль
3433956	tr	Federal
3433959	az	Federasyon
3433959	ru	Федерасьон
3433959	tr	Federasyon
3433975	az	Ezeiza
3433975	ru	Эсеиса
3433975	tr	Ezeiza
343409	ru	Асайита
3434095	az	Eskina
3434095	ru	Эскина
3434095	tr	Esquina
3434141	az	Ensenada
3434141	ru	Энсенада
3434141	tr	Ensenada
3434291	az	El Soberbio
3434291	ru	Эль Собербио
3434291	tr	El Soberbio
3434674	az	Eldorado
3434674	ru	Эльдорадо
3434674	tr	Eldorado
3435010	ru	Дон Торкуато
3435038	az	Dolores
3435038	ru	Долорес
3435038	tr	Dolores
3435103	az	Kuruzu Kwatiya
3435103	ru	Курусу Куатиа
3435103	tr	Curuzu Cuatia
3435217	az	Corrientes
3435217	ru	Корриентес
3435217	tr	Corrientes
3435234	az	Polkovnik Vidal
3435234	ru	Полковник Видаль
3435234	tr	Coronel Vidal
3435261	az	Konkordiya
3435261	ru	Конкордия
3435261	tr	Concordia
3435264	az	Konsepsyon del Uruqvay
3435264	ru	Консепсьон-дель-Уругвай
3435264	tr	Concepcion del Uruguay
3435266	az	Konsepsyon de la Syerra
3435266	ru	Консепсьон-де-ла-Сьерра
3435266	tr	Concepcion de la Sierra
3435283	az	Komandant Fontana
3435283	ru	Командант Фонтана
3435283	tr	Komutan Fontana
3435352	az	Kolon
3435352	ru	Колон
3435352	tr	Colon
3435364	az	Klorinda
3435364	ru	Клоринда
3435364	tr	Clorinda
3435448	az	Chaskomus
3435448	ru	Часкомус
3435448	tr	Chascomus
3435605	az	Kastelli
3435605	ru	Кастелли
3435605	tr	Castelli
3435607	ru	Кастелар
3435607	tr	Castelar
3435644	az	Karmen de Areko
3435644	ru	Кармен де Арехо
3435644	tr	Carmen de Areco
3435690	az	Kapitan Sarmyento
3435690	ru	Капитан Сармьенто
3435690	tr	Kapitan Sarmiento
3435704	az	Kapilla del Señor
3435704	ru	Капилья-дель-Сеньор
3435704	tr	Kapilla del Señor
3435713	az	Kanuelas
3435713	ru	Канюэлас
3435713	tr	Canuelas
3435789	az	Campo Grande
3435789	ru	Кампо-Гранде
3435789	tr	Campo Grande
3435810	az	Kampana
3435810	ru	Кампана
3435810	tr	Campana
3435910	az	Buenos Ayres
3435910	ru	Буэнос-Айрес
3435963	az	Polkovnik Brandsen
3435963	ru	Корнель Брандсен
3435963	tr	Korosel Brandsen
3435966	ru	Боврил
3436030	az	Bernardo de Irigoyen
3436030	ru	Бернардо-де-Иригойен
3436030	tr	Bernardo de Irigoyen
3436040	az	Berisso
3436040	ru	Берисо
3436040	tr	Berisso
3436043	ru	Берасатеги
3436043	tr	Berazategui
3436047	az	Benito Xwares
3436047	ru	Бенито Хуарес
3436047	tr	Benito Juarez
3436077	ru	Белграно
3436099	ru	Басавилбасо
3436150	az	Baradero
3436150	ru	Барадеро
3436150	tr	Baradero
3436152	ru	Банфилд
3436177	az	Balkarbe
3436177	ru	Балькарсе
3436177	tr	Balcarce
3436199	az	Azul
3436199	ru	Азул
3436199	tr	Azul
3436221	az	Ayakucho
3436221	ru	Аякучо
3436221	tr	Ayacucho
3436230	ru	Авельянеда
3436370	az	Alvear
3436370	ru	Альвеар
3436370	tr	Alvear
3436448	az	Alba Posse
3436448	ru	Альба-Посе
3436448	tr	Alba Posse
343663	ru	Арба-Мынч
3436674	ru	Ягуарон
3436714	az	Villarrika
3436714	ru	Вильяррика
3436714	tr	Villarrica
3436725	az	Villa Hayes
3436725	ru	Вилья-Айес
3436725	tr	Villa Hayes
3437021	az	San Pedro de Ycuamandyyu
3437021	ru	Сан-Педро-де-Йкуамандийю
3437021	tr	San Pedro de Ycuamandyyu
3437056	ru	Сан-Лоренсо
3437063	az	San Juan Bautista
3437063	ru	Сан-Хуан-Баутиста
3437063	tr	San Juan Bautista
3437148	az	Salto del Guaira
3437148	ru	Сальто-дель-Гуайра
3437148	tr	Salto del Guaira
3437526	az	Pilar
3437526	ru	Пилар
3437526	tr	Pilar
3437547	az	Pedro Juan Caballero
3437547	ru	Педро-Хуан-Кабальеро
3437547	tr	Pedro Juan Caballero
3437600	az	Paraqvari
3437600	ru	Парагуари
3437600	tr	Paraguari
3437846	ru	Лима
3437863	ru	Ламбаре
3437918	ru	Итаугуа
3438102	az	Fuerte Olimpo
3438102	ru	Фуэрте-Олимпо
3438102	tr	Fuerte Olimpo
3438115	ru	Фернандо Де Ла Мора
3438735	az	Enkarnasiyon
3438735	ru	Энкарнасьон
3438735	tr	Encarnación
3438819	az	Coronel Oviedo
3438819	ru	Коронель-Овьедо
3438819	tr	Coronel Oviedo
3438834	az	Kontsepsyon
3438834	ru	Консепсьон
3438834	tr	Concepción
3439101	az	Syudad del Este
3439101	ru	Сьюдад-дель-Эсте
3439101	tr	Ciudad del Este
3439297	az	Kaazapa
3439297	ru	Каазапа
3439297	tr	Caazapa
3439320	az	Kaakupe
3439320	ru	Каакупе
3439320	tr	Caacupé
3439389	az	Asunson
3439389	ru	Асунсьон
3439389	tr	Asuncion
3439403	az	Aregua
3439403	ru	Арегуа
3439403	tr	Aregua
3439525	ru	Янг
3439525	tr	Young
3439748	az	Trinidad
3439748	ru	Тринидад
3439748	tr	Trinidad
3439781	az	Treinta y Tres
3439781	ru	Трейнта-и-Трес
3439781	tr	Treinta y Tres
3439902	ru	Тарарирас
3440034	az	Takuarembo
3440034	ru	Такуарембо
3440034	tr	Tacuarembo
3440379	ru	Саусе
3440394	ru	Саранди-Гранде
3440571	ru	Санта-Лусия
3440571	tr	Santa Lucia
3440639	az	San Jose de Mayo
3440639	ru	Сан-Хосе-де-Майо
3440639	tr	San Jose de Mayo
3440696	ru	Сан-Карлос
3440696	tr	San CArlos
3440714	az	Salto
3440714	ru	Сальто
3440714	tr	Salto
3440722	ru	Салинас
3440747	ru	Росарио
3440747	tr	Rosario
3440777	az	Rocha
3440777	ru	Роча
3440777	tr	Rocha
3440781	az	Rivera
3440781	ru	Ривера
3440781	tr	Rivera
3440791	ru	Рио-Бранко
3440939	az	Punta del Este
3440939	ru	Пунта дель Эсте
3440939	tr	Punta del Este
3440963	ru	Прогресо
3440963	tr	Progreso
3441074	ru	Пириаполис
3441243	az	Paysandu
3441243	ru	Пайсанду
3441243	tr	Paysandu
3441273	ru	Пасо-де-лос-Торос
3441273	tr	Paso de los Toros
3441354	ru	Пандо
3441354	tr	Pando
3441481	ru	Нуэва-Пальмира
3441483	ru	Нуэва-Эльвесия
3441575	ru	Монтевидео
3441575	tr	Montevideo
3441665	az	Minas
3441665	ru	Минас
3441665	tr	Minas
3441684	az	Mercedes
3441684	ru	Мерседес
3441684	tr	Mercedes
3441702	az	Melo
3441702	ru	Мел
3441702	tr	Melo
3441894	az	Maldonado
3441894	ru	Мальдонадо
3441894	tr	Maldonado
3441988	ru	Либертад
3441988	tr	Libertad
3442057	ru	Лас-Пьедрас
3442098	ru	Ла-Пас
3442098	tr	La Paz
3442568	az	Fray Bentos
3442568	ru	Фрай-Бентос
3442568	tr	Fray Bentos
3442585	az	Florida
3442585	ru	Флорида
3442585	tr	Florida
3442727	az	Durazno
3442727	ru	Дурасно
3442727	tr	Durazno
3442750	ru	Долорес
3442750	tr	Dolores
3443013	az	Sakramento koloniyası
3443013	ru	Колония дель Сакраменто
3443013	tr	Colonia del Sacramento
3443061	ru	Чуй
3443341	ru	Кармело
3443341	tr	Carmelo
3443413	az	Kanelones
3443413	ru	Канелонес
3443413	tr	Canelones
3443631	ru	Белья-Уньон
3443737	ru	Атлантида
3443758	az	Artigas
3443758	ru	Артигас
3443758	tr	Artigas
3444199	ru	Пуэрто-Суарес
344420	ru	Аксум
344420	tr	Aksum
344426	ru	Акордат
3444876	ru	Волта-Редонда
3444914	ru	Витория-да-Конкиста
3444924	az	Viktoriya
3444924	ru	Витория
3444924	tr	Vitória
3445026	ru	Вила-Велья
3445126	ru	Видейра
3445133	ru	Висоза
3445153	ru	Виана
3445156	ru	Виаман
3445433	ru	Васорас
3445487	ru	Варжинья
3445500	ru	Варжен-Гранди-ду-Сул
3445578	ru	Валиньюс
3445596	ru	Валенса
3445630	ru	Вакария
3445679	ru	Уругуаяна
3445713	ru	Уруасу
3445746	ru	Униан-да-Витория
3445764	ru	Унай
3445831	ru	Уберландия
3445839	ru	Убераба
3445847	ru	Убатуба
3445859	ru	Уба
3445941	ru	Тупасигуара
3445942	ru	Тупа
3445950	ru	Тумиритинга
3445983	ru	Тукану
3445993	ru	Тубаран
3446038	ru	Триндади
3446065	ru	Трес-Риус
3446077	ru	Трес-Понтас
3446098	ru	Трес-Лагоас
3446138	ru	Трес-Корасойнс
3446295	ru	Торрес
3446357	ru	Томазина
3446370	ru	Толедо
3446371	ru	Толедо
3446445	ru	Тимофей
3446495	ru	Тижукас-ду-Сул
3446500	ru	Тижукас
3446539	ru	Тиете
3446606	ru	Терезополис
3446621	ru	Теофилу-Отони
3446625	ru	Теодору-Сампаю
3446652	ru	Телемаку-Борба
3446682	ru	Таубате
3446692	ru	Татуи
3446753	ru	Такуаритинга
3446783	ru	Такуари
3447059	ru	Тайобейрас
3447212	ru	Сузано
3447259	ru	Сумаре
3447399	ru	Сорокаба
3447437	ru	Сокорро
3447562	ru	Симан-Диас
3447624	ru	Сети-Лагоас
3447672	ru	Серру
3447779	ru	Серра
3447785	ru	Серопедика
344797	ru	Адуа
344797	tr	Adva
3447997	ru	Саранди
3448031	ru	Сапукая
3448117	ru	Сан-Висенти-ди-Минас
3448136	ru	Сан-Висенти
3448197	ru	Сан-Симан
3448221	ru	Сан-Себастьян-ду-Параисо
3448257	ru	Сан-Себастьян
3448351	ru	Сан-Педру-да-Алдея
3448403	ru	Сан-Педру
3448439	az	San Paulo
3448439	ru	Сан-Паулу
3448439	tr	Sao Paulo
3448502	ru	Сан-Матеус-ду-Сул
3448519	ru	Сан-Матеус
3448545	ru	Сан-Мануэль
3448596	ru	Сан-Лоренсу-ду-Сул
3448616	ru	Сан-Лоренсу
3448622	ru	Сан-Леополду
3448632	ru	Сан-Жозе-дус-Пиньяйс
3448636	ru	Сан-Жозе-дус-Кампус
3448639	ru	Сан-Жозе-ду-Риу-Прету
3448695	ru	Сан-Жозе-да-Боа-Виста
3448744	ru	Сан-Жозе
3448846	ru	Сан-Жуан-Непомусено
3448877	ru	Сан-Жуан-ди-Мерити
3448879	ru	Сан-Жуан-дел-Рей
3448903	ru	Сан-Жуан-да-Барра
344901	ru	Мэндэфэра
3449035	ru	Сан-Жерониму-да-Серра
3449072	ru	Сан-Гонсалу
3449112	ru	Сан-Франсиску-ду-Сул
3449116	ru	Сан-Франсиску-ду-Конде
3449121	ru	Сан-Франсиску-ди-Паула
3449124	ru	Сан-Франсиску-ди-Асис
3449176	ru	Сан-Франсиску
344923	ru	Аддис-Зэмэн
3449310	ru	Сан-Кристован
3449319	ru	Сан-Карлос
3449324	ru	Сан-Каэтано-ду-Сул
3449340	ru	Сан-Борха
3449344	ru	Сан-Бернардо-ду-Кампу
3449350	ru	Сан-Бенту-ду-Сул
3449427	ru	Сантус-Думонт
3449433	ru	Сантос
3449529	ru	Санту-Антониу-да-Платина
3449696	ru	Санту-Анджело
3449701	ru	Санту-Андре
3449720	ru	Санту-Амару
3449741	ru	Сантьяго
3449782	ru	Санта-Тереза
344979	az	Əddis-Əbəbə
344979	ru	Аддис-Абеба
344979	tr	Addis Ababa
3449847	ru	Санта-Рита-ду-Сапукайя
3449933	ru	Сантана-ду-Параисо
3449936	ru	Сантана-ду-Ливраменту
3450061	ru	Санта-Мария-ди-Итабира
3450063	ru	Санта-Мария-да-Витория
3450083	ru	Санта-Мария
3450144	ru	Санта-Лусия
3450202	ru	Санта-Инес
3450206	ru	Санта-Элена-ди-Гояс
3450269	ru	Санта-Крус-ду-Сул
3450440	ru	Санта-Барбара
3450554	az	Salvador
3450554	ru	Салвадор
3450554	tr	Salvador
3450560	ru	Салту-Гранди
3450594	ru	Сальто
3450671	ru	Салинас
3450759	ru	Сакраменту
3450817	ru	Сабара
3450873	ru	Росарио-ду-Сул
3450901	ru	Роки-Гонзалис
3451055	ru	Риу-Верди
3451102	ru	Рио-Пардо
3451138	ru	Рио-Гранде
3451152	ru	Риу-ду-Сул
3451190	az	Rio-de-Janeyro
3451190	ru	Рио-де-Жанейро
3451190	tr	Rio de Janeiro
3451232	ru	Риу-Клару
3451241	ru	Риу-Брильянти
3451242	ru	Риу-Бранку-ду-Сул
3451328	ru	Рибейран-Прету
3451448	ru	Риашу-ди-Сантана
3451650	ru	Респлендор
3451668	ru	Резенди
3452179	ru	Куараи
3452324	ru	Президенти-Пруденти
3452465	ru	Прайя-Гранди
3452477	ru	Прадус
3452525	ru	Позу-Алегри
3452640	ru	Порту-Сегуру
3452775	ru	Порту-Феррейра
3452779	ru	Порту-Фелис
3452925	az	Porto Alegre
3452925	ru	Порту-Алегри
3452925	tr	Porto Alegre
3453014	ru	Порангату
3453150	ru	Понта-Поран
3453186	ru	Понта-Гроса
3453303	ru	Посус-ди-Калдас
3453478	ru	Питанга
3453503	ru	Пирес-ду-Риу
3453546	ru	Пирапора
3453591	ru	Пирангинью
3453622	ru	Пираи-ду-Сул
3453639	ru	Пирасунунга
3453643	ru	Пирасикаба
3453837	ru	Пиндамоньянгаба
3454031	ru	Петрополис
3454031	tr	Petropolis
3454061	ru	Перуиби
3454157	ru	Пердизис
3454213	ru	Пенья
3454235	ru	Пенаполис
3454244	ru	Пелотас
3454407	ru	Педрейра
3454671	ru	Паулу-Фронтин
3454690	az	Pauliniya
3454690	ru	Паулиния
3454763	ru	Патросиниу
3454783	ru	Патус-ди-Минас
3454818	ru	Пату-Бранку
3454827	ru	Пати-ду-Алферис
3454847	ru	Пассос
3454857	ru	Пасу-Фунду
3454901	ru	Паса-Куатру
3455065	ru	Паранаиба
3455070	ru	Паранагуа
3455141	ru	Параиба-ду-Сул
3455161	ru	Пара-ди-Минас
3455168	ru	Паракату
3455406	ru	Палмейрас
3455425	ru	Палмейра
3455459	ru	Пальмас
3455478	ru	Пальоса
3455671	ru	Ору-Прету
3455682	ru	Ору-Фину
3455729	ru	Ориньюс
3455769	ru	Осорио
3455775	ru	Осаску
3455908	ru	Оливейра
3455923	ru	Олимпия
3456068	ru	Нову-Амбургу
3456147	ru	Нова-Лима
3456160	ru	Нова-Игуасу
3456166	ru	Нова-Фрибургу
3456283	ru	Нитерой
3456285	ru	Никеландия
3456290	ru	Нилополис
3456322	ru	Нерополис
3456366	ru	Назар
3456368	ru	Навираи
3456370	ru	Навегантис
3456500	ru	Муриаэ
3456593	ru	Мукури
3456814	ru	Монтис-Кларус
3456820	ru	Монти-Санту
3456826	ru	Черногория
3456873	ru	Монти-Алту
3456998	ru	Можи-Мирин
3457000	ru	Можи-Гуасу
3457107	ru	Мирандополис
3457113	ru	Миранда
3457133	ru	Мирасема
3457161	ru	Мимозу-ду-Сул
3457359	ru	Медианейра
3457381	ru	Мауа
3457528	ru	Мата-де-Сан-Жуан
3457671	ru	Маринга
3457692	ru	Марилья
3457736	ru	Мариана
3457859	ru	Маракажу
3457933	ru	Мантена
3457952	ru	Маньюасу
3457991	ru	Мангаратиба
3458131	ru	Майрипоран
3458132	ru	Майринки
3458134	ru	Майри
3458142	ru	Маже
3458147	ru	Мафре
3458266	ru	Макаэ
3458397	ru	Лукас
3458425	ru	Лорена
3458449	ru	Лондрина
3458494	ru	Линс
3458498	ru	Линьярис
3458575	ru	Лимейра
3458591	ru	Лима-Дуарти
3458611	ru	Либердади
3458662	ru	Лем
3458691	ru	Лаврас-ду-Сул
3458696	ru	Лаврас
3458826	ru	Лапа
3458930	ru	Лажис
3459035	ru	Лажеаду
3459094	ru	Лагуна
3459126	ru	Лагоа-Вермелья
3459138	ru	Лагоа-Санта
3459462	ru	Жундиаи
3459505	ru	Жуис-ди-Фора
3459712	ru	Жоинвили
3459785	ru	Жуан-Пиньейру
3459796	ru	Жуан-Монлевади
3459869	ru	Жоасаба
3459925	ru	Жекитиньонья
3459943	ru	Жекие
3460005	ru	Жау
3460076	ru	Жардин-Алегри
3460087	ru	Жардин
3460102	ru	Жарагуа-ду-Сул
3460107	ru	Жарагуа
346030	ru	Зифта
3460344	ru	Жакобина
3460362	ru	Жакарезинью
3460370	ru	Жакареи
3460441	ru	Жаботикабал
3460513	ru	Итурама
3460522	ru	Итумбиара
3460523	ru	Итиютаба
3460529	ru	Итуэта
3460535	ru	Иту
3460584	ru	Итауна
3460620	ru	Итараре
3460629	ru	Итака
3460699	ru	Итапира
3460728	ru	Итапетининга
3460733	ru	Итаперуна
3460738	ru	Итапемирин
3460740	ru	Итапема
3460748	ru	Итапесерика-да-Серра
3460780	ru	Итаньоми
3460791	ru	Итаньяэн
3460817	ru	Итамбакури
3460834	ru	Итажуба
3460845	ru	Итажаи
3460899	ru	Итагуаи
3460949	ru	Итабуна
3460950	ru	Итабораи
3460960	ru	Итабира
3460963	ru	Итабераи
3461023	ru	Иракара
3461090	ru	Ипора
3461129	ru	Ипиау
3461144	ru	Ипатинга
3461147	ru	Ипанема
3461148	ru	Ипанема
3461311	ru	Индаятуба
3461408	ru	Ильеус
3461411	ru	Илья-Солтейра
3461444	ru	Ижуи
3461465	ru	Игуапи
3461481	ru	Игрежинья
3461510	ru	Иконья
3461519	ru	Исара
3461543	ru	Ибитирама
3461563	ru	Ибирите
3461655	ru	Ортоландия
3461724	ru	Гурупи
3461786	ru	Гуарульюс
3461789	ru	Гуаружа
3461859	ru	Гуаратингета
3461879	ru	Гуарапуава
3461888	ru	Гуарапари
3461949	ru	Гуапимирин
3461973	ru	Гуанамби
3461994	ru	Гуаира
3461995	ru	Гуайра
3462022	ru	Гуасуи
3462089	ru	Граватаи
3462315	ru	Говернадор-Валадарес
3462371	ru	Гоятуба
3462376	ru	Гоянира
3462377	az	Goyaniya
3462377	ru	Гояния
3462377	tr	Goiânia
3462535	ru	Гаспар
3462601	ru	Ганду
3462916	ru	Фрутал
3462996	ru	Белтран-Франциско
3463011	ru	Франко
3463030	ru	Фос-ду-Игуасу
3463066	ru	Форкильинья
3463174	ru	Формига
3463237	az	Florianopolis
3463237	ru	Флорианополис
3463237	tr	Florianópolis
3463478	ru	Фейра-де-Сантана
3463698	ru	Евклид-да-Кунья
3464008	ru	Эсмеральдас
3464073	ru	Эрешин
3464305	ru	Эмба
3464364	ru	Экопоранга
3464374	ru	Дуки-ди-Кашиас
3464426	ru	Драсена
3464460	ru	Дорадус
3464579	ru	Дойс-Визиньюс
3464688	ru	Дивинополис
3464728	ru	Диамантина
3464739	ru	Диадема
3464891	ru	Курвелу
3464974	ru	Куритибанус
3464975	az	Kuritiba
3464975	ru	Куритиба
3464975	tr	Curitiba
3465038	az	Kuyaba
3465038	ru	Куяба
3465038	tr	Cuiabá
3465059	ru	Кубатао
3465083	ru	Крузейру-ду-Уэсти
3465090	ru	Крузейру
3465108	ru	Крус-Алта
3465164	ru	Кристалина
3465196	ru	Крисиума
3465228	ru	Кошин
3465342	ru	Корумба
3465476	ru	Коронел-Фабрисиану
3465487	ru	Коромандел
3465508	ru	Корнелиу-Прокопиу
3465512	ru	Коринто
3465624	ru	Контажен
3465639	ru	Консельейру-Пена
3465644	ru	Консельейру-Лафаети
3465671	ru	Конгоньяс
3465721	ru	Конкордия
3465731	ru	Коншал
3465749	ru	Консейсан-ду-Кастелу
3465769	ru	Консейсан-да-Барра
3465927	ru	Коломбо
3465944	ru	Колатина
3466174	ru	Сианорте
3466296	ru	Шапеко
3466537	ru	Кашиас-ду-Сул
3466692	ru	Катандува
3466698	ru	Катагуазис
3466723	ru	Каштелу
3466763	ru	Казимиру-ди-Абреу
3466779	ru	Каскавел
3466803	ru	Каска
3466978	ru	Каразинью
3466988	ru	Каратинга
3467012	ru	Карангола
3467081	ru	Карагуататуба
3467197	ru	Капивари
3467305	ru	Капелинья
3467467	ru	Каноас
3467530	ru	Канела
3467677	ru	Кампус-Новус
3467680	ru	Кампус-Жерайс
3467684	ru	Кампус-ду-Жордау
3467693	ru	Кампос
3467736	ru	Кампу-Ларгу
3467747	az	Campo Grande
3467747	ru	Кампу-Гранди
3467747	tr	Campo Grande
3467796	ru	Кампу-Белу
3467865	ru	Кампинас
3467877	ru	Кампина-Гранде-ду-Сул
3467968	tr	Camboriú
3468031	ru	Камасари
3468100	ru	Калдас-Новас
3468104	ru	Калдас
3468317	ru	Каэтите
3468327	ru	Каэте
3468376	ru	Кашуэйру-ди-Итапемирин
3468436	ru	Кашуэйра-ду-Сул
3468535	ru	Кашуэйра
3468551	ru	Касерис
3468560	ru	Касапава-ду-Сул
3468570	ru	Касадор
3468592	ru	Кабреува
3468615	ru	Кабу-Фриу
3468802	ru	Бури
3468879	ru	Бруски
3468893	ru	Брумаду
3469057	ru	Бразилия-ди-Минас
3469058	az	Brazilia
3469058	ru	Бразилия
3469058	tr	Brasília
3469092	ru	Браганса-Паулиста
3469115	ru	Брасу-ду-Норти
3469136	ru	Ботукату
3469294	ru	Бониту
3469401	ru	Бон-Ретиру
3469425	ru	Бон-Жезус-ду-Итабапоана
3469437	ru	Бон-Жезус-да-Лапа
3469455	ru	Бон-Жардин-ди-Минас
3469481	ru	Бон-Жардин
3469516	ru	Бон-Деспашу
3469932	ru	Боа-Эсперанса
3469968	ru	Блуменау
3469989	ru	Биригуи
3469989	tr	Birigüi
3470044	ru	Бетин
3470052	ru	Бертиога
3470127	az	Belu-Orizonti
3470127	ru	Белу-Оризонти
3470127	tr	Belo Horizonte
3470142	ru	Белфорд-Рошу
3470177	ru	Бела-Виста
3470279	ru	Бауру
3470324	ru	Бататайс
3470339	ru	Батагуасу
3470353	ru	Баруэри
3470369	ru	Баррозу
3470451	ru	Барретус
3470583	ru	Баррейрас
3470636	ru	Барра-Манса
3470691	ru	Барра-ду-Пираи
3470709	ru	Барра-ду-Гарсас
3470730	ru	Барра-де-Сан-Франциско
3470821	ru	Барра
3471039	ru	Балнеариу-Камбориу
3471061	ru	Байшу-Гуанду
3471196	ru	Баг
3471335	ru	Атибая
3471374	ru	Ассис
3471683	ru	Аркос
3471691	ru	Араша
3471697	ru	Араукария
3471715	ru	Араруама
3471758	ru	Арарас
3471766	ru	Араракуара
3471772	ru	Арарангуа
3471798	ru	Арапонгас
3471830	ru	Арагуари
3471846	ru	Арасуаи
3471848	ru	Аракрус
3471859	ru	Арасатуба
3471872	az	Aracaju
3471872	ru	Аракажу
3471872	tr	Aracaju
3471949	ru	Апаресида
3472048	ru	Антонина
3472177	ru	Ангра-дус-Рейс
3472245	ru	Андреландия
3472254	ru	Андрадас
3472277	ru	Аншиета
3472287	ru	Анаполис
3472311	ru	Ампару
3472343	ru	Американа
347236	ru	Тух
3472518	ru	Алмиранти-Тамандаре
3472520	ru	Альменара
3472603	ru	Алфенас
3472638	ru	Алегрети
3472728	ru	Алкобаса
3472766	ru	Алагоиньяс
3472808	ru	Айморес
3472831	ru	Агуду
3473267	ru	Абаэте
3473654	az	Lablon
3473654	ru	Леблон
3473654	tr	Leblon
3473665	ru	Леме
3473665	tr	Leme
3474574	az	Palmas
3474574	ru	Палмас
3474574	tr	Palmas
3474628	ru	Акари
3474628	tr	Acari
3474823	ru	Сан-Конраду
3474823	tr	São Conrado
347497	ru	Танта
347612	ru	Тале
347634	ru	Тахта
347796	ru	Сохаг
347796	tr	Sevhac
347863	ru	Сива
3480908	az	La Asuncion
3480908	ru	Ла-Асунсьон
3480908	tr	La Asuncion
3488465	ru	Спаниш-Таун
3489005	ru	Порт-Антонио
3489239	ru	Очо-Риос
3489331	az	Neqril
3489331	ru	Негрил
3489460	az	Monteqo-Bey
3489460	ru	Монтего-Бей
3489577	ru	Мандевиль
3489854	ru	Кингстон
349114	ru	Ширбин
3491952	ru	Вилья-Альтаграсия
3492477	ru	Тенарес
3492517	ru	Тамборил
3492908	az	Santo-Dominqo
3492908	ru	Санто-Доминго
3492914	az	Santiago de los Caballeros
3492914	ru	Сантьяго-де-лос-Кабальерос
3492914	tr	Santiago de los Caballeros
3492984	az	Santa Cruz de El Seibo
3492984	ru	Санта-Крус-де-Эль-Сейбо
3492984	tr	Santa Cruz de El Seibo
3492985	az	Santa Cruz de Barahona
3492985	ru	Санта-Крус-де-Бараона
3492985	tr	Santa Cruz de Barahona
3492997	az	Samana
3492997	ru	Самана
3492997	tr	Samana
3493032	az	San Pedro de Macoris
3493032	ru	Сан-Педро-де-Макорис
3493032	tr	San Pedro de Macoris
3493081	az	San Juan de la Maguana
3493081	ru	Сан-Хуан-де-ла-Магуана
3493081	tr	San Juan de la Maguana
3493100	az	San Jose de Ocoa
3493100	ru	Сан-Хосе-де-Окоа
3493100	tr	San Jose de Ocoa
3493146	az	San Francisco de Macoris
3493146	ru	Сан-Франсиско-де-Макорис
3493146	tr	San Francisco de Macoris
3493174	az	San Fernando de Monte Cristi
3493174	ru	Сан-Фернандо-де-Монте-Кристи
3493174	tr	San Fernando de Monte Cristi
3493175	az	Puerto Plata
3493175	ru	Сан-Фелипе-де-Пуэрто-Плата
3493175	tr	Puerto Plata
3493240	az	Salvaleon de Higueey
3493240	ru	Сальвалеон-де-Игуэй
3493240	tr	Salvaleon de Higueey
3493283	az	Salcedo
3493283	ru	Салcедо
3493283	tr	Salcedo
3493383	az	San Ignacio de Sabaneta
3493383	ru	Сан-Игнасио-де-Сабанета
3493383	tr	San Ignacio de Sabaneta
349340	ru	Шарм-эль-Шейх
349340	tr	Şarm eş-Şeyh
3494242	ru	Пунта Кана
3494768	ru	Пиментел
3495020	ru	Пералта
3495137	az	Pedernales
3495137	ru	Педерналес
3495137	tr	Pedernales
3495857	az	Neiba
3495857	ru	Нейба
3495857	tr	Neiba
3496021	az	Nagua
3496021	ru	Нагуа
3496021	tr	Nagua
3496134	az	Monte Plata
3496134	ru	Монте Плата
3496134	tr	Monte Plata
3496331	az	Moca
3496331	ru	Мока
3496331	tr	Moca
349653	ru	Танис
3496831	az	Mao
3496831	ru	Мао
3496831	tr	Mao
3500370	ru	Лас-Матас-де-Фарфан
3500957	az	La Romana
3500957	ru	Ла-Романа
3500957	tr	La Romana
350203	ru	Рашид
350203	tr	Reşid
350370	ru	Кувейсина
3504077	az	Jimani
3504077	ru	Химани
3504077	tr	Jimani
3504158	ru	Харабакоа
3504332	ru	Имберт
3504765	az	Hato Mayor del Rey
3504765	ru	Хато-Майор-дель-Рей
3504765	tr	Hato Mayor del Rey
3505778	ru	Фантино
350789	ru	Кальюб
3508952	az	Dajabon
3508952	ru	Дахабон
3508952	tr	Dajabon
3509207	az	Cotui
3509207	ru	Котуи
3509207	tr	Cotui
3509363	ru	Констанция
3509382	az	La Vega
3509382	ru	Консепсион-де-ла-Вега
3509382	tr	La Vega
3509386	az	Comendador
3509386	ru	Коменадор
3509386	tr	Comendador
3511233	az	Bonao
3511233	ru	Бонао
3511233	tr	Bonao
3511336	ru	Бока Чика
3511540	az	San Cristobal
3511540	ru	Сан-Кристобаль
3511540	tr	San Cristobal
3512067	az	Bani
3512067	ru	Бан
3512067	tr	Bani
3512208	az	Azua
3512208	ru	Асуа-де-Компостела
3512208	tr	Azua
3513090	az	Villemştad
3513090	ru	Виллемстад
3513090	tr	Willemstad
3513173	az	The Bottom
3513173	ru	Де-Боттом
3513173	tr	The Bottom
3513392	az	Filipsburq
3513392	ru	Филипсбург
3513392	tr	Philipsburg
3513426	az	Oranjestad
3513426	ru	Ораньестад
3513426	tr	Oranjestad
3513522	ru	Лоуэр-Принс-Куотер
3513563	ru	Кралендейк
3513966	ru	Зумпанго-де-Окампо
3513967	ru	Зумпанго-дель-Рио
3514148	ru	Сакатлан
3514179	ru	Сакапоастла
3514398	ru	Сосокотла
3514559	ru	Шкан
3514670	az	Villahermosa
3514670	ru	Вильяэрмоса
3514670	tr	Villahermosa
3514783	ru	Веракрус
3514876	ru	Вальядолид
3514876	tr	Valladolid
3514929	ru	Умань
3514961	ru	Цукакаб
3515001	az	Tuxtla
3515001	ru	Тустла-Гутьеррес
3515001	tr	Tuxtla
3515040	ru	Тулум
3515042	ru	Тультитлан
3515064	ru	Тула-де-Альенде
3515195	ru	Тотолапан
3515302	az	Toluca
3515302	ru	Толука
3515302	tr	Toluca
3515343	ru	Тлайякапан
3515343	tr	Tlayacapan
3515384	ru	Тлапа-де-Комонфорт
3515399	ru	Тланалапа
3515428	ru	Тлалпан
3515431	ru	Тлалнепантла
3515504	ru	Тисимин
3515510	ru	Тихтла-де-Герреро
3515521	ru	Тишкокоб
3515600	ru	Тила
3515665	ru	Тикуль
3515763	ru	Тетела-дель-Волькан
3515870	ru	Тепетитла
3515909	ru	Тепатепек
3516017	ru	Тенабо
3516022	ru	Темосон
3516035	ru	Темиско
3516056	ru	Темаматла
3516072	ru	Текит
3516076	ru	Текаш
3516109	ru	Теуакан
3516168	ru	Текох
3516212	ru	Теабо
3516225	ru	Таско-де-Аларкон
3516252	ru	Тапилула
3516266	ru	Тапачуле
3516355	ru	Тампико
3516439	ru	Такоталпа
3516515	ru	Сотута
3516685	ru	Сейбаплая
3516837	ru	Санто-Доминго-Санатепек
3516843	ru	Санто-Доминго-Теуантепек
3516919	ru	Тетла
3517293	ru	Санта-Мария-Ахолоапан
3517669	ru	Санта Катарина Хукила
3517669	tr	Santa Catarina Juquila
3517832	ru	Сан-Сальвадор-Атенко
3518135	ru	Сан Пабло Де Лас Салинас
3518593	ru	Сан Хуан Зитлалтепек
3518723	ru	Сан-Хуан-Баутиста-Тустепек
3519290	ru	Сан Франсиско Акваутла
3519396	ru	Сан - Фернандо
3519620	ru	Сан Бернардино
3520064	ru	Салина-Крус
3520260	ru	Рио Фрио Де Хуарез
3520271	ru	Рио-Браво
3520274	ru	Рио-Бланко
3520339	ru	Рейноса
3520407	ru	Реформа
3520994	ru	Пуэрто-Эскондидо
3521051	ru	Пуэнте-де-Истла
3521081	az	Puebla
3521081	ru	Пуэбла-де-Сарагоса
3521081	tr	Puebla
3521108	ru	Прогресо
3521168	ru	Поса-Рика-де-Идальго
3521342	ru	Плая-дель-Кармен
3521342	tr	Playa del Carmen
3521411	ru	Писте
3521476	ru	Пихихьяпан
3521482	ru	Пьедрас Неграс
3521596	ru	Пето
3521628	ru	Пероте
3521951	ru	Панотла
3522164	ru	Паленке
3522210	az	Pachuca de Soto
3522210	ru	Пачука-де-Сото
3522210	tr	Pachuca de Soto
3522251	ru	Ошкуцкаб
3522265	ru	Отумба
3522307	ru	Орисаба
3522350	ru	Олута
3522507	az	Oaxaca
3522507	ru	Оахака-де-Хуарес
3522507	tr	Oaxaca
3522551	ru	Нуэво-Ларедо
3522696	ru	Ногалес
3522732	ru	Сиудад Николас Ромеро
3522790	ru	Наукальпан-де-Хуарес
3522886	ru	Муна
3522924	ru	Мотуль-де-Каррильо-Пуэрто
3522924	tr	Motul
3523011	ru	Монтеморелос
3523141	ru	Мисантла
3523149	ru	Мирамар
3523183	ru	Минатитлан
3523303	ru	Метепек
3523349	az	Merida
3523349	ru	Мерида
3523349	tr	Merida
3523412	ru	Масатлан
3523450	ru	Матиас-Ромеро
3523466	ru	Матаморос
352354	ru	Минуф
3523670	ru	Малтрата
3523686	ru	Малиналько
3523759	ru	Магдалена Чичикаспа
3523791	ru	Сан-Франциско Макушпана
3523794	ru	Макультепек
3524348	ru	Линарес
3524374	ru	Либрес
3524388	ru	Лерма
3526357	ru	Хучитан-де-Сарагоса
3526488	ru	Хикипилас
3526617	az	Xalapa de Enriquez
3526617	ru	Халапа-де-Энрикес
3526617	tr	Xalapa de Enriquez
3526657	ru	Исукар-де-Матаморос
3526674	ru	Истепек
3526683	ru	Истапалапа
3526798	ru	Игуала-де-ла-Индепенденсия
3526884	ru	Уизила
3526952	ru	Уэхутла-де-Рейес
352733	ru	Марса-Матрух
352736	ru	Марса Алам
3527545	ru	Фронтера
3527720	ru	Эспита
3527768	ru	Эскуинтла
3527795	ru	Эскарсега
3527880	ru	Эмилиано Сапата
352951	ru	Маллави
3529650	ru	Цитбальче
3529660	ru	Цицантун
3529947	az	Cuernavaca
3529947	ru	Куэрнавака
3529947	tr	Cuernavaca
3529986	ru	Куаутитлан
3530240	ru	Кордова
3530367	ru	Комитан-де-Домингес
3530517	ru	Коацакоалькос
3530580	az	Ciudad Victoria
3530580	ru	Сьюдад-Виктория
3530580	tr	Ciudad Victoria
3530589	ru	Несауалькойотль
3530592	ru	Сьюдад-Мендоса
3530594	ru	Сьюдад-Мадеро
3530596	ru	Сьюдад-Фернандес
3530597	ru	Мехико
3530597	tr	Ciudad de Mexico
3530599	ru	Сьюдад-дель-Кармен
3530757	ru	Чолула
3530870	az	Chilpancingo
3530870	ru	Чилпансинго
3530870	tr	Chilpancingo
3530978	ru	Чичен-Ица
3531013	ru	Чьяпа-де-Корсо
3531023	az	Chetumal
3531023	ru	Четумаль
3531023	tr	Chetumal
3531042	ru	Чемаш
3531177	ru	Чампотон
3531574	ru	Карденас
3531576	ru	Карденас
3531673	ru	Канкун
3531732	az	Campeche
3531732	ru	Кампече
3531732	tr	Campeche
3531784	ru	Кальпулальпане
3532193	ru	Бока-дель-Рио
353229	ru	Эль-Ашир-мин-Рамадан
353229	tr	10 Ramazan Şehri
3532465	ru	Бакалар
3532592	ru	Атликско
3532603	ru	Атлатлаукан
3532617	ru	Атлакомулько
3532624	ru	Сьюдад-Лопес-Матеус
3532639	ru	Атемпан
3532792	ru	Аписако
3532815	ru	Апан
3532858	ru	Аненекуилько
3532881	ru	Амозок Де Мота
3532899	ru	Амекамека-де-Хуарес
3532951	ru	Амакусак
3532964	ru	Альварадо
3532996	ru	Алтамирано
3533005	ru	Альтамира
3533079	ru	Алдама
3533082	ru	Алдама
3533117	ru	Акил
3533389	ru	Актопан
3533389	tr	Actopan
3533462	az	Akapulko
3533462	ru	Акапулько
3533462	tr	Acapulco
3533505	ru	Абасоло
3534094	ru	Виньялес
3534599	ru	Ведадо
3534632	ru	Варадеро
3534915	ru	Тринидад
3535143	ru	Топес де Кольянтес
3535775	ru	Сороа
3536724	ru	Сантьяго-де-лас-Вегас
3536729	az	Santyaqo de Kuba
3536729	ru	Сантьяго-де-Куба
3536729	tr	Santiago de Cuba
3537906	az	Santa Klara
3537906	ru	Санта Клара
3537906	tr	Santa Clara
353802	ru	Ком-Омбо
3539560	az	San Hose de las Hahas
3539560	ru	Сан-Хосе-де-лас-Лахас
3539560	tr	San Jose de las Lajas
3540667	az	Sankti Spiritus
3540667	ru	Санкти-Спиритус
3540667	tr	Sancti Spiritus
3541999	ru	Родас
3542455	ru	Ремедиос
3542965	ru	Кивикан
3543299	ru	Пуэрто-Падре
354365	ru	Кафр-аз-Зият
3544091	az	Pinar del Rio
3544091	ru	Пинар-дель-Рио
3544091	tr	Pinar del Rio
3545040	ru	Палмира
3545867	az	Nueva Gerona
3545867	ru	Нуэва-Херона
3545867	tr	Nueva Gerona
3546434	ru	Морон
3546791	ru	Моа
3546894	ru	Минас
3547398	az	Matanzas
3547398	ru	Матанзас
3547398	tr	Matanzas
3547867	ru	Мансанильо
3549835	ru	Лимонар
3550598	az	Las Tunas
3550598	ru	Лас-Тунас
3550598	tr	Las Tunas
3551608	ru	Ла Салюд
3553478	az	Havana
3553478	ru	Гавана
3553478	tr	Havana
355449	ru	Эсна
355628	ru	Идку
355635	az	İdfu
355635	ru	Идфу
355635	tr	Edfu
3556969	az	Holquin
3556969	ru	Ольгин
3556969	tr	Holguín
3557378	ru	Гуинес
3557432	ru	Гуайос
3557689	az	Guantanamo
3557689	ru	Гуантанамо
3557689	tr	Guantanamo
355795	ru	Хелуан
3558729	ru	Фонтанар
3558744	ru	Фоменто
3558771	ru	Флорида
3559318	ru	Эсмеральда
3563145	ru	Крусес
3563609	ru	Кондадо
3563843	ru	Колон
3564124	az	Sienfuegos
3564124	ru	Сьенфуэгос
3564124	tr	Cienfuegos
3564178	az	Siebo de Avila
3564178	ru	Сьего-де-Авила
3564178	tr	Ciego de Avila
3565432	ru	Карденас
3566067	az	Kamaguey
3566067	ru	Камагуэй
3566067	tr	Camagüey
3567546	ru	Бехукаль
3567597	az	Bayamo
3567597	ru	Баямо
3567597	tr	Bayamo
3567834	ru	Баракоа
3567869	ru	Банес
356806	ru	Фува
3568312	az	Artemisa
3568312	ru	Артемиса
3568312	tr	Artemisa
3569175	ru	Алмендарес
3569370	ru	Аламар
3569926	ru	Сент-Мари
3570426	ru	Ле-Марен
3570429	ru	Ле-Франсуа
3570675	az	For-de-Frans
3570675	ru	Форт-де-Франс
3571224	az	West End
3571224	ru	Вест-Энд
3571224	tr	Batı Ucu
3571375	az	İspan Quyuları
3571375	ru	Испанские колодцы
3571375	tr	İspanyol Kuyuları
3571523	az	San Andros
3571523	ru	Сан-Андрос
3571523	tr	San Andros
3571650	az	Port Nelson
3571650	ru	Порт-Нельсон
3571650	tr	Port Nelson
3571824	ru	Нассау
3571898	az	Matthew Şəhəri
3571898	ru	Мэтью-Таун
3571898	tr	Matthew Town
3571908	az	Masons Körfəzi
3571908	ru	Мейсонс-Бей
3571908	tr	Masons Bay
3571913	az	Marsh Limanı
3571913	ru	Марш-Харбор
3571913	tr	Marsh Harbour
3572189	az	High Rock
3572189	ru	Хай-Рок
3572189	tr	High Rock
3572233	az	Hard Bargain
3572233	ru	Хард-Барджейн
3572233	tr	Hard Bargain
3572313	az	Vali Limanı
3572313	ru	Гавань Губернатора
3572313	tr	Vali Limanı
3572349	az	George Şəhəri
3572349	ru	Джордж-Таун
3572349	tr	George Town
3572375	az	Azad Limanı
3572375	ru	Фрипорт
3572375	tr	Freeport
3572467	az	Duncan Şəhəri
3572467	ru	Дункан-Таун
3572467	tr	Duncan Town
3572620	az	Polkovnik Təpəsi
3572620	ru	Полковник-Хилл
3572620	tr	Colonel Hill
3572627	az	Cockburn Şəhəri
3572627	ru	Кокберн-Таун
3572627	tr	Cockburn Town
3572640	az	Clarence Şəhəri
3572640	ru	Кларенс-Таун
3572640	tr	Clarence Town
3572796	az	Qara Nöqtə
3572796	ru	Черная точка
3572796	tr	Siyah Nokta
3572897	az	Artur Şəhəri
3572897	ru	Артурс-Таун
3572897	tr	Arthur's Town
3572924	az	Alice Şəhəri
3572924	ru	Элис-Таун
3572924	tr	Alice Town
3572940	az	Abraham Körfəzi
3572940	ru	Авраамова бухта
3572940	tr	Abraham's Bay
3573197	ru	Гамильтон
3573364	az	Qərb Ucü Kəndü
3573364	ru	Вест-Энд-Виллидж
3573364	tr	West End Köyü
3573374	ru	Валли
3573375	az	Kvartal
3573375	ru	Квартал
3573375	tr	Mahalle
3573378	az	Farrinqton
3573378	ru	Фаррингтон
3573378	tr	Farrington
3573380	az	Daş Yer
3573380	ru	Стони Граунд
3573380	tr	Stoney Ground
3573385	az	Cənub Təpəsi Kəndü
3573385	ru	Саут-Хилл-Виллидж
3573385	tr	South Hill Köyü
3573407	az	Qumlu Yer Kəndü
3573407	ru	Сэнди-Граунд-Виллидж
3573407	tr	Sandy Ground Köyü
3573418	az	Şimal Tərəfi
3573418	ru	Норт-Сайд
3573418	tr	Kuzey Tarafı
3573420	az	Şimal Təpəsi Kəndü
3573420	ru	Норт-Хилл-Виллидж
3573420	tr	North Hill Köyü
3573456	az	Adacıq Limanı
3573456	ru	Айленд-Харбор
3573456	tr	Island Limanı
3573466	az	Corcan Təpəsi
3573466	ru	Джордж Хилл
3573466	tr	George Tepesi
3573473	az	Şərq Ucü Kəndü
3573473	ru	Ист-Энд-Виллидж
3573473	tr	East End Köyü
3573496	az	Esən Nöqtə Kəndü
3573496	ru	Блоуинг-Пойнт-Виллидж
3573496	tr	Blowing Point Köyü
3573576	az	Tunapuna
3573576	ru	Тунапуна
3573576	tr	Tunapuna
3573681	az	Siparia
3573681	ru	Сипария
3573681	tr	Siparia
3573703	az	Scarborough
3573703	ru	Скарборо
3573703	tr	Scarborough
3573732	az	Sangre Grande
3573732	ru	Сангре-Гранде
3573732	tr	Sangre Grande
3573738	az	San Fernando
3573738	ru	Сан-Фернандо
3573738	tr	San Fernando
3573840	az	Rio Claro
3573840	ru	Рио-Кларо
3573840	tr	Rio Claro
3573882	az	Princes Town
3573882	ru	Принцес-Таун
3573882	tr	Princes Town
3573890	az	Port of Speyn
3573890	ru	Порт-оф-Спейн
3573899	az	Point Fortin
3573899	ru	Пойнт-Фортин
3573899	tr	Point Fortin
3573965	az	Penal
3573965	ru	Пенал
3573965	tr	Penal
3574194	ru	Марабелла
3574309	az	Laventille
3574309	ru	Лавентилль
3574309	tr	Laventille
3574636	az	Diego Martin
3574636	ru	Диего-Мартин
3574636	tr	Diego Martin
3574724	az	Couva
3574724	ru	Куэва
3574724	tr	Couva
3574810	az	Chaguanas
3574810	ru	Чагуанас
3574810	tr	Chaguanas
3575051	az	Arima
3575051	ru	Арима
3575051	tr	Arima
3575115	az	Trinity
3575115	ru	Тринити
3575115	tr	Trinity
3575156	az	Sandy Point Town
3575156	ru	Сэнди-Пойнт-Таун
3575156	tr	Sandy Point Town
3575170	az	Saint Paul's
3575170	ru	Сент-Полс
3575170	tr	Saint Paul's
3575251	az	Nicola Town
3575251	ru	Никола-Таун
3575251	tr	Nicola Town
3575261	az	Newcastle
3575261	ru	Ньюкасл
3575261	tr	Newcastle
3575284	az	Monkey Hill
3575284	ru	Манки-Хилл
3575284	tr	Monkey Hill
3575292	az	Middle Island
3575292	ru	Миддл-Айленд
3575292	tr	Middle Island
3575296	az	Market Shop
3575296	ru	Маркет-Шоп
3575296	tr	Market Shop
3575423	az	Fig Tree
3575423	ru	Фиг-Три
3575423	tr	Fig Tree
3575441	az	Dieppe Bay Town
3575441	ru	Дьепп-Бэй-Таун
3575441	tr	Dieppe Bay Town
3575458	az	Cotton Ground
3575458	ru	Коттон-Граунд
3575458	tr	Cotton Ground
3575479	az	Charlestown
3575479	ru	Чарльзтаун
3575479	tr	Charlestown
3575487	az	Cayon
3575487	ru	Кайон
3575487	tr	Cayon
3575551	az	Baster
3575551	ru	Бастер
3575568	az	Wesley
3575568	ru	Уэсли
3575568	tr	Wesley
3575602	az	Sufriye
3575602	ru	Суфриер
3575602	tr	Soufriere
3575624	az	Sent Cosef
3575624	ru	Сент-Джозеф
3575624	tr	Saint Joseph
3575635	az	Rozo
3575635	ru	Розо
3575639	az	Rozali
3575639	ru	Розали
3575639	tr	Rosalie
3575654	az	Portsmut
3575654	ru	Портсмут
3575654	tr	Portsmouth
3575656	az	Pont Kasse
3575656	ru	Пон-Кассе
3575656	tr	Pont Casse
3575660	az	Poynt Mikel
3575660	ru	Пуэнт-Мишель
3575660	tr	Pointe Michel
3575857	az	Koliho
3575857	ru	Колиго
3575857	tr	Colihaut
3575899	az	Berekua
3575899	ru	Берекуа
3575899	tr	Berekua
3576022	az	Sent Cons
3576022	ru	Сент-Джонс
3576057	az	Piggotts
3576057	ru	Пигготтс
3576057	tr	Piggotts
3576074	az	Parham
3576074	ru	Пархэм
3576074	tr	Parham
3576260	az	Falmouth
3576260	ru	Фалмут
3576260	tr	Falmouth
3576311	az	Codrington
3576311	ru	Кодрингтон
3576311	tr	Codrington
3576361	az	Bolands
3576361	ru	Болэндс
3576361	tr	Bolands
3576414	az	Vieux Fort
3576414	ru	Вьё-Фор
3576414	tr	Vieux Fort
3576442	az	Soufriere
3576442	ru	Суфриер
3576442	tr	Soufriere
3576569	az	Micoud
3576569	ru	Микуд
3576569	tr	Micoud
3576663	az	Laborie
3576663	ru	Лабори
3576663	tr	Laborie
3576686	az	Gros Islet
3576686	ru	Гро-Изле
3576686	tr	Gros Islet
3576765	az	Dennery
3576765	ru	Денери
3576765	tr	Dennery
3576795	az	Choiseul
3576795	ru	Шуазель
3576795	tr	Choiseul
3576812	az	Kastris
3576812	ru	Кастри
3576894	az	Anse La Raye
3576894	ru	Анс-ла-Рэ
3576894	tr	Anse La Raye
3576994	az	Kobərn Taun
3576994	ru	Коберн-Таун
3577154	ru	Ораньестад
3577430	az	Roud Taun
3577430	ru	Род-Таун
3577844	az	Port Elizabeth
3577844	ru	Порт-Элизабет
3577844	tr	Port Elizabeth
3577879	az	Layou
3577879	ru	Лайу
3577879	tr	Layou
3577887	az	Kinqstaun
3577887	ru	Кингстаун
3577900	az	Georgetown
3577900	ru	Джорджтаун
3577900	tr	Georgetown
3577933	az	Chateaubelair
3577933	ru	Шатобелэр
3577933	tr	Chateaubelair
3577962	az	Barrouallie
3577962	ru	Баррукалли
3577962	tr	Barrouallie
3578038	az	Sankt-Peterburq
3578038	ru	Санкт-Петербург
3578038	tr	Saint Petersburg
3578069	az	Plimut
3578069	ru	Плимут
3578447	ru	Сент-Роз
3578599	ru	Пуэнт-а-Питр
3578682	ru	Пти-Бург
3578851	az	Mariqo
3578851	ru	Мариго
3579132	az	Qustaviya
3579132	ru	Густавия
3579250	ru	Гран-Бур
3579267	ru	Гурбейр
3579732	ru	Бас-Тер
3579789	ru	Анс-Бертран
3579925	ru	Сент-Джоржес
3580477	az	West Bay
3580477	ru	Западный залив
3580477	tr	West Bay
358048	ru	Думъят
358048	tr	Dimyat
3580575	az	North Side
3580575	ru	Северная сторона
3580575	tr	North Side
3580661	az	Corctaun
3580661	ru	Джорджтаун
3580678	az	East End
3580678	ru	Восточный конец
3580678	tr	East End
3580733	az	Bodden Town
3580733	ru	Боддентаун
3580733	tr	Bodden Town
358108	ru	Дисук
3581164	ru	Сан-Педро
3581194	ru	Сан-Игнасио
3581194	tr	San Ignacio
3581398	az	Punta Gorda
3581398	ru	Пунта-Горда
3581398	tr	Punta Gorda
3581514	az	Orange Walk
3581514	ru	Ориндж-Уолк
3581514	tr	Orange Walk
358172	ru	Дикирнис
3582228	az	Dangriga
3582228	ru	Дангрига
3582228	tr	Dangriga
3582305	az	Corozal
3582305	ru	Корозаль
3582305	tr	Corozal
358245	ru	Дахаб
3582672	ru	Бельмопан
3582672	tr	Belmopán
3582677	az	Belize City
3582677	ru	Белиз
3582677	tr	Belize City
3582805	az	Sakatekoluka
3582805	ru	Сакатеколука
3582805	tr	Zacatecoluca
3582883	az	Usulutan
3582883	ru	Усулутане
3582883	tr	Usulutan
3583096	ru	Сояпанго
3583102	az	Sonsonate
3583102	ru	Сонсонате
3583102	tr	Sonsonate
3583158	az	Sensuntepeque
3583158	ru	Сенсутепеке
3583158	tr	Sensuntepeque
3583178	az	San Visente
3583178	ru	Сан-Висенте
3583178	tr	San Vicente
3583334	az	Santa Ana
3583334	ru	Санта-Ана
3583334	tr	Santa Ana
3583361	ru	Сан-Сальвадор
3583361	tr	San Salvador
3583446	az	San Miguel
3583446	ru	Сан-Мигель
3583446	tr	San Miguel
3583747	az	San Fransisko
3583747	ru	Сан-Франциско
3583747	tr	San Francisco
3583981	ru	Кесальтепеке
3584257	az	Santa Tekla
3584257	ru	Нуэва-Сан-Сальвадор
3584257	tr	Santa Tecla
3584384	ru	Метапан
3584399	ru	Мехиканос
358448	ru	Даманхур
3584772	az	La Union
3584772	ru	Ла-Унион
3584772	tr	La Union
3585473	ru	Исалько
3585484	ru	Илопанго
358619	ru	Порт-Саид
358620	az	safaga haqqinda
358620	ru	Сафага
358620	tr	Safaga
3586814	ru	Дельгадо
3586977	az	Kojutepeque
3586977	ru	Кохутепеке
3586977	tr	Cojutepeque
3587091	az	Chalatenango
3587091	ru	Чалатенанго
3587091	tr	Chalatenango
358726	ru	Бияла
3587345	ru	Апопа
3587426	az	Ahuachapan
3587426	ru	Ачуачапан
3587426	tr	Ahuachapan
3587498	ru	Акахутла
3587587	ru	Сакапа
3587902	ru	Вилья-Нуэва
3588258	ru	Тотоникапан
358840	ru	Бильбейс
358840	tr	Bilbeys
3588694	ru	Солома
3588698	ru	Солола
3589404	ru	Санта-Крус-дель-Киче
3589805	ru	Сан-Маркос
3590406	ru	Санарате
3590858	ru	Реталулеу
3590924	ru	Рабинал
3590979	ru	Кесальтенанго
3591062	ru	Пуэрто-Барриос
3591415	ru	Петапа
3591541	ru	Патулул
3591574	ru	Пасторес
3591629	ru	Паррамос
3592362	ru	Моралес
3592519	ru	Мишко
3592609	ru	Масатенанго
359280	ru	Бенха
359493	ru	Эз-Заказик
3595069	ru	Хутиапа
3595237	ru	Халапа
3595248	ru	Хакальтенанго
3595366	ru	Ипала
3595416	ru	Уэуэтенанго
3595725	ru	Флорес
3595803	ru	Эскуинтла
3597722	ru	Долорес
359783	ru	Асьют
359792	ru	Асуан
359792	tr	Asvan
359796	ru	Суэц
359796	tr	Süveyş
3598119	ru	Кобан
3598122	ru	Коатепеке
3598132	ru	Гватемала
3598465	ru	Чикимула
3598572	ru	Чимальтенанго
3598655	ru	Чичикастенанго
3599582	ru	Барберена
3599699	ru	Антигуа-Гватемала
3600026	ru	Пуэрто-Кортес
3600591	ru	Трухильо
3600704	ru	Токоа
3600931	ru	Тела
3600949	az	Tequsiqalpa
3600949	ru	Тегусигальпа
3601367	ru	Сенсенти
3601494	ru	Санта-Роса-де-Копан
3601782	ru	Сан-Педро-Сула
3604213	ru	Опаторо
3604251	ru	Оланчито
3604584	ru	Франсиско Морасан
360471	ru	Эль-Вакф
360502	ru	Луксор
360502	tr	El-Uksur
3605042	ru	Манто
360531	ru	Аль-Кусайра
360542	ru	Аль-Эль-Курайн
360630	az	Qahirə
360630	ru	Каир
360630	tr	Kahire
360686	ru	Эль-Минья
3607511	ru	Ла-Лима
360761	tr	Mansura
3607986	ru	Ла Ентрада
3608248	ru	Ла-Сейба
3609681	ru	Флорида
360995	ru	Гиза
361029	ru	Эль-Гамалия
361055	ru	Исмаилия
361055	tr	İsmailiye
361058	az	İsgəndəriyyə
361058	ru	Александрия
361058	tr	İskenderiye
3610613	ru	Эль-Прогресо
3612838	ru	Долорес
361291	ru	Хургада
361291	tr	Hurgada
361320	ru	Аль-Фаюм
3613230	ru	Копан
361329	ru	Эль-Фашн
361394	ru	Бавити
3615028	ru	Атима
3615213	ru	Амапала
361546	ru	Эль-Ариш
361546	tr	El Ariş
3616028	ru	Тисма
3616035	ru	Типитапа
361612	ru	Эль-Аламейн
3616232	az	Somoto
3616232	ru	Сомото
3616232	tr	Somoto
361661	ru	Ахмим
3616911	az	San Karlos
3616911	ru	Сан-Карлос
3616911	tr	San Carlos
361702	ru	Айа
3617052	az	Rivas
3617052	ru	Ривас
3617052	tr	Rivas
3617095	ru	Рама
3617154	az	Puerto Kabezas
3617154	ru	Пуэрто-Кабесас
3617154	tr	Puerto Cabezas
3617448	az	Okotal
3617448	ru	Окоталь
3617448	tr	Ocotal
3617510	ru	Нандасмо
3617708	az	Matagalpa
3617708	ru	Матагальпа
3617708	tr	Matagalpa
3617723	az	Masaya
3617723	ru	Масая
3617723	tr	Masaya
3617725	ru	Масатепе
3617763	az	Manaqua
3617763	ru	Манагуа
3617763	tr	Managua
3618030	az	Leon
3618030	ru	Леон
3618030	tr	Leon
361871	ru	Эд-Дабъа
3618908	az	Juigalpa
3618908	ru	Хуигальпа
3618908	tr	Juigalpa
3618926	az	Jinotepe
3618926	ru	Хинотепе
3618926	tr	Jinotepe
3618929	az	Jinotega
3618929	ru	Хинотега
3618929	tr	Jinotega
3618954	ru	Халапа
3619136	az	Granada
3619136	ru	Гренада
3619136	tr	Granada
3619194	az	Esteli
3619194	ru	Эстели
3619194	tr	Esteli
3619267	ru	Эль-Вьехо
3620163	ru	Долорес
3620381	az	Chinandega
3620381	ru	Чинандеге
3620381	tr	Chinandega
3620674	az	Boako
3620674	ru	Боако
3620674	tr	Boaco
3620680	az	Bluefields
3620680	ru	Блуфилдс
3620680	tr	Bluefields
3621184	ru	Турриальба
3621849	az	San-Xose
3621849	ru	Сан-Хосе
3622190	ru	Кесада
3622217	ru	Пуррал
3622228	az	Puntarenas
3622228	ru	Пунтаренас
3622228	tr	Puntarenas
3622247	az	Limon
3622247	ru	Пуэрто-Лимон
3622247	tr	Limón
3622660	ru	Оротина
3622854	ru	Мирамар
362288	ru	Абукир
3623076	az	Liberiya
3623076	ru	Либерия
3623076	tr	Liberya
3623486	az	Heredia
3623486	ru	Эредиа
3623486	tr	Heredia
3623935	ru	Десампарадос
3624370	az	Kartago
3624370	ru	Картаго
3624370	tr	Kartago
3624468	ru	Канаш
3624842	ru	Атенас
3624955	az	Alajuela
3624955	ru	Алахуэла
3624955	tr	Alajuela
3625066	ru	Зараза
3625515	ru	Валье-де-Ла-Паскуа
3625542	ru	Валера
3625549	az	Valensiya
3625549	ru	Валенсия
3625549	tr	Valencia
3625710	ru	Упата
3625829	ru	Турмеро
3625892	ru	Тумеремо
3625929	az	Tukupita
3625929	ru	Тукупита
3625929	tr	Tucupita
3625979	az	Truxillo
3625979	ru	Трухильо
3625979	tr	Trujillo
3626047	ru	Товар
3626237	ru	Тимотес
3626352	ru	Тембладор
3626595	ru	Табай
3626741	ru	Соледад
3627382	ru	Санта-Елена-де-Уайрен
3628053	az	San-Juan-de-los-Morros
3628053	ru	Сан-Хуан-де-лос-Моррос
3628053	tr	San Juan de los Morros
3628423	az	San-Felipe
3628423	ru	Сан-Фелипе
3628423	tr	San Felipe
3628473	az	San-Kristobal
3628473	ru	Сан-Кристобаль
3628473	tr	San Cristobal
3628503	az	San-Karlos
3628503	ru	Сан-Карлос
3628503	tr	San Carlos
3628545	ru	Санаре
3628853	ru	Сабанета
3628952	ru	Рубио
3628966	ru	Росарио
3629614	ru	Пунта-Кардон
3629672	ru	Пуэрто Ла Круз
3629706	ru	Пуерто Кабелло
3629710	az	Puerto-Ayakucho
3629710	ru	Пуэрто-Аякучо
3629710	tr	Puerto Ayacucho
3629965	ru	Порламар
3630297	ru	Петаре
3630893	ru	Пампатар
3630894	ru	Пампанито
3630982	ru	Палмира
3631208	ru	Оспино
3631431	ru	Обиспос
3632198	ru	Миранда
3632308	az	Merida
3632308	ru	Мерида
3632308	tr	Merida
363243	az	Saranda
363243	ru	Саранда
363243	tr	Saranda
3632998	az	Marakay
3632998	ru	Маракай
3632998	tr	Maracay
3633009	az	Marakaybo
3633009	ru	Маракайбо
3633009	tr	Maracaibo
3633248	ru	Мампорал
3633622	az	Los-Tekes
3633622	ru	Лос-Текес
3633622	tr	Los Teques
363383	az	Delvina
363383	ru	Дельвина
363383	tr	Delvina
363417	az	Dongola
363417	ru	Донгола
363417	tr	Dongola
3634696	ru	Лобатера
3634761	ru	Либертад
363533	az	Zalinjay
363533	ru	Залингее
363533	tr	Zalinjay
363619	ru	Ей
363656	az	Yambio
363656	ru	Ямбио
363656	tr	Yambio
3637012	ru	Ландер
3637721	az	La-Guayra
3637721	ru	Ла-Гуайра
3637721	tr	La Guaira
363885	az	Wau
363885	ru	Вау
363885	tr	Wau
3639898	ru	Гуатире
3640226	az	Guanare
3640226	ru	Гуанаре
3640226	tr	Guanare
364103	az	Wad Medani
364103	ru	Вад-Медани
364103	tr	Vad Medeni
3641099	ru	Эль-Вихия
3641275	ru	Эль-Токуйо
364132	ru	Вади-Хальфа
364132	tr	Wadi Halfa
364367	az	Aweil
364367	ru	Авейл
364367	tr	Aweil
3644417	ru	Эхидо
3644768	az	Kumana
3644768	ru	Кумана
3644768	tr	Cumana
3644918	ru	Куа
3645213	az	Koro
3645213	ru	Коро
3645213	tr	Coro
3645528	ru	Сьюдад-Гуаяна
3645532	az	Syudad-Bolivar
3645532	ru	Сьюдад-Боливар
3645532	tr	Ciudad Bolivar
3646451	ru	Каррисаль
3646738	az	Karakas
3646738	ru	Каракас
3646738	tr	Karakas
364706	ru	Умм-Руваба
3647651	ru	Кабимас
3648231	ru	Бобурес
3648439	ru	Барута
3648522	az	Barkisimeto
3648522	ru	Баркисимето
3648522	tr	Barquisimeto
3648540	ru	Баринитас
3648546	az	Barinas
3648546	ru	Баринас
3648546	tr	Barinas
3648559	az	Barselona
3648559	ru	Барселона
3648559	tr	Barselona
3648685	ru	Байладорес
3648972	ru	Аренас
364933	ru	Умм-Кеддада
3649833	ru	Акаригуа
3649959	az	Zamora
3649959	ru	Замора
3649959	tr	Zamora
3650267	ru	Вентанас
3650472	az	Tulcan
3650472	ru	Тулькан
3650472	tr	Tulcan
3650721	az	Tena
3650721	ru	Тена
3650721	tr	Tena
3651297	az	Santo Domingo de los Colorados
3651297	ru	Санто-Доминго-де-лос-Колорадос
3651297	tr	Santo Domingo de los Colorados
365137	ru	Омдурман
365137	tr	Omdurman
3651438	az	Santa Elena
3651438	ru	Санта-Елена
3651438	tr	Santa Elena
3651857	ru	Сангольки
3652100	ru	Салинас
3652350	az	Riobamba
3652350	ru	Риобамба
3652350	tr	Riobamba
3652462	az	Kito
3652462	ru	Кито
3652462	tr	Quito
3652567	ru	Кеведо
3652584	az	Puyo
3652584	ru	Пуйо
3652584	tr	Puyo
3652743	az	Puerto Francisco de Orellana
3652743	ru	Пуэрто-Франсиско-де-Орельяна
3652743	tr	Puerto Francisco de Orellana
3652757	ru	Пуерто Боливар
3652758	az	Puerto Baquerizo Moreno
3652758	ru	Пуэрто-Бакерисо-Морено
3652758	tr	Puerto Baquerizo Moreno
3652941	az	Portoviejo
3652941	ru	Портовьехо
3652941	tr	Portoviejo
3652943	ru	Портовело
3653146	ru	Пимампиро
3653307	ru	Педерналес
3653523	ru	Палора
3653581	ru	Палестина
3653693	ru	Отавало
3654064	ru	Монталво
3654215	ru	Милагро
3654215	tr	Milagro
3654410	ru	Манта
3654533	az	Machala
3654533	ru	Мачала
3654533	tr	Machala
3654541	az	Macas
3654541	ru	Макас
3654541	tr	Macas
3654667	az	Loja
3654667	ru	Лоха
3654667	tr	Loja
3654870	az	Latacunga
3654870	ru	Латакунга
3654870	tr	Latacunga
3655185	az	Nueva Loja
3655185	ru	Нуэва-Лоха
3655185	tr	Nueva Loja
3655673	ru	Ибарра
3655673	tr	Ibarra
365742	az	Torit
365742	ru	Торит
365742	tr	Torit
3657509	ru	Гуаякиль
3657571	ru	Гуаранда
365763	ru	Тондж
365763	tr	Tonj
3658666	ru	Куэнка
3659578	ru	Каямбе
3660356	ru	Балсас
3660422	ru	Баба
3660689	ru	Амбато
3662574	az	Rio Branco
3662574	ru	Риу-Бранку
3662574	tr	Rio Branco
3662762	az	Porto Velyo
3662762	ru	Порту-Велью
3662762	tr	Porto Velho
3663517	az	Manaus
3663517	ru	Манаус
3663517	tr	Manaus
3663529	ru	Манакапуру
3664078	ru	Умайта
3664464	ru	Крузейру-ду-Сул
3664539	ru	Коари
3664684	ru	Каракараи
366487	ru	Талоди
366487	tr	Talodi
3664980	az	Boa Vista
3664980	ru	Боа-Виста
3664980	tr	Boa Vista
3665016	ru	Бенжамин-Констант
3665098	ru	Барселус
3665199	ru	Арикемис
3665542	ru	Сипакира
3665688	az	Yopal
3665688	ru	Йопаль
3665688	tr	Yopal
3665851	ru	Витербо
3665900	az	Villavicencio
3665900	ru	Вильявисенсио
3665900	tr	Villavicencio
3665913	ru	Вилья-дель-Росарио
3665935	ru	Вильянуэва
3666304	az	Valledupar
3666304	ru	Вальедупар
3666304	tr	Valledupar
3666381	ru	Урумита
3666570	ru	Турбо
3666608	az	Tunja
3666608	ru	Тунха
3666608	tr	Tunja
3666640	ru	Тумако
3666645	ru	Тулуа
3666719	ru	Тринидад
3666881	ru	Торо
3666939	ru	Тол
3666959	ru	Толедо
3667158	ru	Тьерральта
3667478	ru	Там
3667728	ru	Сукре
3667849	ru	Соледад
3667868	ru	Солано
3667873	ru	Согамосо
3667905	ru	Соачу
3667983	az	Sincelejo
3667983	ru	Синселехо
3667983	tr	Sincelejo
3668245	ru	Сардината
3668451	ru	Санта-Роса-де-Осос
3668454	ru	Санта-Роса-де-Кабаль
366847	az	Singa
366847	ru	Синга
366847	tr	Singa
3668605	az	Santa Marta
3668605	ru	Санта-Марта
3668605	tr	Santa Marta
3668895	ru	Санта-Барбара
3670218	az	San Andres
3670218	ru	Сан-Андрес
3670218	tr	San Andres
3670368	ru	Саламина
3670370	ru	Саламина
3670475	ru	Сабанета
3670587	ru	Ровира
3670595	ru	Росас
3670692	ru	Ривера
3670700	ru	Рисаральда
3670730	ru	Рионегро
3670745	az	Riohacha
3670745	ru	Риоача
3670745	tr	Riohacha
3670849	ru	Ретиро
3670855	ru	Рестрепо
3670856	ru	Рестрепо
3670884	ru	Ремолино
3670899	ru	Ремедиос
3671116	az	Quibdo
3671116	ru	Кибдо
3671116	tr	Quibdo
3671437	ru	Пуэрто Легисамо
3671450	az	Inirida
3671450	ru	Инирида
3671450	tr	Inirida
3671519	az	Puerto Carreno
3671519	ru	Пуэрто-Карреньо
3671519	tr	Puerto Carreno
3671549	ru	Пуэрто-Асис
3671765	ru	Прадо
3671772	ru	Прадера
3671916	az	Popayan
3671916	ru	Попаян
3671916	tr	Popayan
3671936	ru	Понедера
3672068	ru	Планета-Рики
3672077	ru	Планадас
3672110	ru	Питалито
3672123	ru	Питал
3672486	az	Pereira
3672486	ru	Перейра
3672486	tr	Pereira
3672778	az	Pasto
3672778	ru	Пасто
3672778	tr	Pasto
3673045	ru	Памплона
367308	ru	Шенди
367308	tr	Shendi
3673142	ru	Палмито
3673164	ru	Палмира
3673269	ru	Палестина
3673275	ru	Палестина
3673286	ru	Палермо
3673578	ru	Опорапа
3673662	ru	Оканья
3673676	ru	Обандо
3673849	ru	Нило
3673899	az	Neiva
3673899	ru	Нейва
3673899	tr	Neiva
3674412	ru	Моралес
3674453	az	Monteria
3674453	ru	Монтерía
3674453	tr	Monteria
3674603	ru	Момил
3674654	az	Mocoa
3674654	ru	Мокоа
3674654	tr	Mocoa
3674676	az	Mitu
3674676	ru	Митú
3674676	tr	Mitu
3674702	ru	Миранда
3674735	ru	Мирафлорес
3674740	ru	Мирафлорес
3674885	ru	Мельгар
3674931	ru	Медина
3674962	az	Medellin
3674962	ru	Медельин
3674962	tr	Medellin
367544	ru	Савакине
367544	tr	Sevakin
3675443	az	Manizales
3675443	ru	Манисалес
3675443	tr	Manizales
3675595	ru	Маламбо
3675692	ru	Маганге
3675707	ru	Мадрид
367644	ru	Сеннар
367644	tr	Sennar
3676540	ru	Линарес
3676591	ru	Либорина
3676623	az	Leticia
3676623	ru	Летиция
3676623	tr	Leticia
3678118	ru	Ла-Пинтада
3679065	ru	Ла-Эстрелья
367927	az	Rumbek
367927	ru	Румбеке
367927	tr	Rumbek
3679277	ru	Ла-Дорада
3680387	ru	Хамунди
3680450	ru	Итагуи
3680453	ru	Истмина
3680539	ru	Ипьялес
3680656	az	Ibague
3680656	ru	Ибаге
3680656	tr	Ibague
3681505	ru	Гуапи
3681952	ru	Гренада
3681957	ru	Гренада
3682018	ru	Хирон
3682028	ru	Жирардо
3682313	ru	Фронтино
3682330	ru	Фресно
3682393	ru	Флорида
3682426	az	Florencia
3682426	ru	Флоренсия
3682426	tr	Florencia
3682458	ru	Фландес
3682510	ru	Фалан
3682516	ru	Факататива
3682573	ru	Эспиналь
3682631	ru	Энвигадо
368277	az	Rabak
368277	ru	Рабак
368277	tr	Rabak
3684666	ru	Кармен-де-Боливар
3684917	ru	Эль-Банка
3684945	ru	Эль-Багре
3685084	ru	Дуитама
3685335	ru	Курумани
3685533	az	Cucuta
3685533	ru	Кукута
3685533	tr	Cucuta
3685823	ru	Коросаль
3685949	ru	Копакабана
3686013	ru	Конкордия
3686279	ru	Сиенага
3686561	ru	Чинчины
3687025	ru	Кавказ
3687238	az	Cartagena
3687238	ru	Картахена
3687238	tr	Cartagena
3687318	ru	Эль-Кармен-де-Вибораль
3687758	ru	Кампо-де-ла-Крус
3687806	ru	Кампоалегре
3687925	az	Kali
3687925	ru	Кали
3687925	tr	Cali
3687952	ru	Кальдас
3688256	ru	Буга
3688451	ru	Буэнавентура
3688465	az	Bucaramanga
3688465	ru	Букараманга
3688465	tr	Bucaramanga
3688689	az	Boqota
3688689	ru	Богота
3688689	tr	Bogota
3688928	ru	Белла
3689147	az	Barranquilla
3689147	ru	Барранкилья
3689147	tr	Barranquilla
3689169	ru	Барранкабермеха
3689205	ru	Барбоза
3689206	ru	Барбоза
3689560	az	Ermənistan
3689560	ru	Армения
3689560	tr	Ermenistan
3689653	ru	Аренал
3689693	ru	Арболетес
3689718	az	Arauca
3689718	ru	Араука
3689718	tr	Arauca
3689759	ru	Аракатака
3689833	ru	Ансерма
3689899	ru	Андес
3689979	ru	Амбалема
3690010	ru	Амалфи
3690030	ru	Алварадо
369004	az	Nyala
369004	ru	Ньяла
369004	tr	Nyala
3690226	ru	Алдана
3690465	ru	Агуачика
3690654	ru	Юримагуас
3691148	az	Tumbes
3691148	ru	Тумбес
3691148	tr	Tumbes
3691175	az	Trujillo
3691175	ru	Трухильо
3691175	tr	Trujillo
3691582	ru	Талара
3691638	ru	Табалосос
3691674	ru	Сульяна
3691712	ru	Соритор
3692310	ru	Сан Педро Де Йок
3692464	ru	Сиса
3692667	ru	Зана
3692727	ru	Салитрал
3693345	az	Pucallpa
3693345	ru	Пукальпа
3693345	tr	Pucallpa
3693528	az	Piura
3693528	ru	Пиура
3693528	tr	Piura
3693584	ru	Пиментел
3693645	ru	Пикси
3694112	ru	Паита
3694256	ru	Олмос
3694564	az	Moyobamba
3694564	ru	Мойобамба
3694564	tr	Moyobamba
3694569	ru	Мотупе
3695617	ru	Ларедо
3695754	ru	Ламбайеке
3695757	ru	Ламас
3696057	ru	Хуанхуи
3696150	ru	Хаэн
3696183	az	İkitos
3696183	ru	Икитос
3696183	tr	Iquitos
3696378	az	Huaraz
3696378	ru	Уарас
3696378	tr	Huaraz
3696417	az	Huanuco
3696417	ru	Уануко
3696417	tr	Huanuco
3698105	ru	Чулуканаса
3698304	ru	Чимботе
3698350	az	Chiclayo
3698350	ru	Чиклайо
3698350	tr	Chiclayo
3698540	az	Chachapoyas
3698540	ru	Чачапояс
3698540	tr	Chachapoyas
3698841	ru	Карас
3699088	az	Kajamarka
3699088	ru	Кахамарка
3699088	tr	Cajamarca
3699350	ru	Бернал
3700563	ru	Токумен
3701117	az	Santiago de Veraguas
3701117	ru	Сантьяго-де-Веррагус
3701117	tr	Santiago de Veraguas
3701682	ru	Сабанитас
3703068	az	Penonome
3703068	ru	Пенономе
3703068	tr	Penonome
3703443	ru	Панама
370457	ru	Мариди
3705678	az	Llano Tugri
3705678	ru	Льяно Тугри
3705678	tr	Llano Tugri
3706208	az	Las Tablas
3706208	ru	Лас-Таблас
3706208	tr	Las Tablas
3707058	az	La Palma
3707058	ru	Ла-Палма
3707058	tr	La Palma
370737	az	Malakal
370737	ru	Малакаль
370737	tr	Malakal
3707961	az	La Chorrera
3707961	ru	Ла-Чоррера
3707961	tr	La Chorrera
3710114	az	El Porvenir
3710114	ru	Эль-Поршенир
3710114	tr	El Porvenir
3711668	az	David
3711668	ru	Дэвид
3711668	tr	David
3712076	az	Colon
3712076	ru	Колон
3712076	tr	Colon
3712384	az	Chitre
3712384	ru	Читре
3712384	tr	Chitre
3712560	ru	Чангинола
3713959	az	Bocas del Toro
3713959	ru	Бокас-дель-Торо
3713959	tr	Bocas del Toro
371466	ru	Лир
371466	tr	Leer
3714896	ru	Алмиранте
371712	az	Kuacjok
371712	ru	Куаджок
371712	tr	Kuacjok
3717588	ru	Сен-Марк
371760	ru	Кусти
3718420	ru	Пор-де-Пе
3718426	az	Port-o-Prins
3718426	ru	Порт-о-Пренс
3722124	ru	Лимбе
3722286	ru	Леоган
3723593	ru	Жереми
3723779	ru	Жакмеле
3723841	ru	Энш
3724696	ru	Гонаив
372527	ru	Хашм-эль-Кирба
372753	az	Kassala
372753	ru	Кассале
372753	tr	Kassala
3728097	ru	Ле-Ке
3728474	ru	Кап-Аитьене
373130	ru	Кафия-Кинги
373141	az	Kadugli
373141	ru	Кадугли
373141	tr	Kadugli
373296	ru	Гебейт
373303	ru	Джуба
374272	ru	Хальфа-эль-Джадида
374739	ru	Гогриале
374739	tr	Gogrial
3761194	ru	Мирафлорес
3763578	ru	Месетас
376450	ru	Диллинг
377039	az	Port Sudan
377039	ru	Порт-Судан
377039	tr	Port Sudan
3770718	ru	Моралес
377241	az	Bor
377241	ru	Бор
377241	tr	Bor
377472	az	Bentiu
377472	ru	Бентиу
377472	tr	Bentiu
3778045	az	Maturin
3778045	ru	Матурин
3778045	tr	Maturin
378231	ru	Атбаре
378459	ru	Эр-Росейрес
378493	ru	Эр-Рахад
378699	ru	Эн-Нухуд
378699	tr	En Nahud
379003	az	El Obeid
379003	ru	Эль-Обейд
379003	tr	El Obeid
379062	az	Al Qadarif
379062	ru	Гедареф
379062	tr	El-Gadarif
3792383	ru	Агустин-Кодасси
3792389	ru	Иснос
3792392	ru	Плато
379251	ru	Северный Хартум
379252	az	Xartum
379252	ru	Хартум
379252	tr	Hartum
379303	az	Al-Junaynah
379303	ru	Аль-Джунайна
379303	tr	Al-Junaynah
379555	az	Əl-Faşər
379555	ru	Эль-Фашир
379555	tr	El Fasher
3801261	ru	Темаскал
380129	ru	Эд-Дуэйм
380148	az	El Daein
380148	ru	Эль-Дейн
380148	tr	El Daein
380173	az	Ad-Damir
380173	ru	Эд-Дамер
380173	tr	Ed Damir
380174	az	Ad-Damazin
380174	ru	Эд-Дамазин
380174	tr	Damazin
380186	ru	Эд-Дебба
380186	tr	Al Dabbah
380308	az	Abyey
380308	ru	Абьей
3805673	az	San-Fernando-de-Apure
3805673	ru	Сан-Фернандо-де-Апуре
3805673	tr	San Fernando de Apure
3814128	ru	Пресас
3815324	ru	Уамантла
3815392	ru	Цакателко
3815415	az	Tlaxcala
3815415	ru	Тласкала
3815415	tr	Tlaxcala
3815447	ru	Папалотла
3815455	ru	Сан Исидро Буен Сусесо
3816251	ru	Алтамирано
3816721	ru	Тонала
3818742	ru	Сан Андрес Чолула
3822745	ru	Леона-Викарио
3824523	ru	Тотолапа
3825011	ru	Исла
3827264	ru	Сан Мигел Тотокуитлапилко
3827380	ru	Сан Педро Атокпан
3827597	ru	Тонанитла
3827811	ru	Белен
3828545	az	San Xose del Quavyare
3828545	ru	Сан-Хосе-дель-Гуавиаре
3828545	tr	San Jose del Guaviare
3829343	ru	Орито
3832132	az	Zapala
3832132	ru	Сапала
3832132	tr	Zapala
3832260	az	Yerba Buena
3832260	ru	Йерба-Буэна
3832260	tr	Yerba Buena
3832622	az	Villa Santa Rosa
3832622	ru	Вилла-Санта-Роса
3832622	tr	Villa Santa Rosa
3832658	az	Villa Ojo de Agua
3832658	ru	Вилла-Охо-де-Агва
3832658	tr	Villa Ojo de Agua
3832681	az	Villa Media Agua
3832681	ru	Вилла-Медиа-Агва
3832681	tr	Villa Media Agua
3832694	az	Villa Maria
3832694	ru	Вилла-Мария
3832694	tr	Villa Maria
3832719	az	Villa Huidobro
3832719	ru	Вилья Уидобро
3832719	tr	Villa Huidobro
3832761	az	Villa de Maria
3832761	ru	Вилья де Мария
3832761	tr	Villa de Maria
3832763	az	Villa del Totoral
3832763	ru	Вилья дель Тоторал
3832763	tr	Villa del Totoral
3832764	az	Villa El Salvador
3832764	ru	Вилья Эль Сальвадор
3832764	tr	Villa El Salvador
3832765	az	Villa del Rosario
3832765	ru	Вилья дель Росарио
3832765	tr	Villa del Rosario
3832778	az	Villa Constitucion
3832778	ru	Вилья Конститусьон
3832778	tr	Villa Constitucion
3832791	ru	Карлос-Паз
3832797	az	Villa Berthet
3832797	ru	Вилья Бертет
3832797	tr	Villa Berthet
3832811	az	Villa Angela
3832811	ru	Вилья Анжела
3832811	tr	Villa Angela
3832899	az	Viedma
3832899	ru	Вьедма
3832899	tr	Viedma
3832923	az	Victorica
3832923	ru	Викторика
3832923	tr	Victorica
3832934	ru	Виктория
3833027	az	Vera
3833027	ru	Вера
3833027	tr	Vera
3833062	ru	Неукен
3833111	az	Veinticinco de Mayo
3833111	ru	Вейнтисинко де Майо
3833111	tr	Veinticinco de Mayo
3833112	az	Veinticinco de Mayo
3833112	ru	Вейнтисинко де Майо
3833112	tr	Veinticinco de Mayo
3833140	az	Vedia
3833140	ru	Ведиа
3833140	tr	Vedia
3833367	az	Uşuaya
3833367	ru	Ушуая
3833367	tr	Ushuaia
3833512	az	Tupungato
3833512	ru	Тупунгато
3833512	tr	Tupungato
3833520	az	Tunuyan
3833520	ru	Тунуян
3833520	tr	Tunuyan
3833675	ru	Тревелин
3833773	az	Tres Lomas
3833773	ru	Трес Лома
3833773	tr	Tres Lomas
3833794	az	Tres Isletas
3833794	ru	Трес Исдета
3833794	tr	Tres Isletas
3833859	az	Tres Arroyos
3833859	ru	Трес Арройос
3833859	tr	Tres Arroyos
3833875	az	Trenque Lauquen
3833875	ru	Тренке Лаукен
3833875	tr	Trenque Lauquen
383388	az	Siaya
383388	ru	Сиая
383388	tr	Siaya
3833947	az	Trankkas
3833947	ru	Транкас
3833947	tr	Trancas
3833995	ru	Тоторас
3834048	az	Tostado
3834048	ru	Тостадо
3834048	tr	Tostado
3834184	az	Tornkvit
3834184	ru	Торнквист
3834184	tr	Tornquist
3834310	az	Toay
3834310	ru	Тоай
3834310	tr	Toay
3834361	az	Tinogasta
3834361	ru	Тиногаста
3834361	tr	Tinogasta
3834403	az	Tilkara
3834403	ru	Тилкара
3834403	tr	Tilcara
3834502	az	Termas de Rio Hondo
3834502	ru	Термас-де-Рио-Ондо
3834502	tr	Termas de Rio Hondo
3834601	az	Tartagal
3834601	ru	Тартагал
3834601	tr	Tartagal
3834647	az	Tapalke
3834647	ru	Тапалькё
3834647	tr	Tapalque
3834813	az	Tafi Viejo
3834813	ru	Тафи-Вьехо
3834813	tr	Tafi Viejo
3834961	az	Suncho Corral
3834961	ru	Сунчо-Коррал
3834961	tr	Suncho Corral
3835238	az	Simoka
3835238	ru	Симока
3835238	tr	Simoca
3835695	az	Sastre
3835695	ru	Састре
3835695	tr	Sastre
3835710	az	Sarmyento
3835710	ru	Сармьенто
3835710	tr	Sarmiento
3835869	az	Santiago del Estero
3835869	ru	Сантьяго-дель-Эстеро
3835869	tr	Santiago del Estero
3835921	az	Santa Silvina
3835921	ru	Санта-Сильвина
3835921	tr	Santa Sylvina
3835938	az	Santa Rosa de Rio Primero
3835938	ru	Санта-Роза-де-Рио-Примеро
3835938	tr	Santa Rosa de Rio Primero
3835994	az	Santa Rosa
3835994	ru	Санта-Роса
3835994	tr	Santa Rosa
3835998	ru	Санта-Роса
3836011	ru	Санта-Роса
3836142	az	Santa Mariya
3836142	ru	Санта-Мария
3836142	tr	Santa Maria
3836194	az	Santa Lusiya
3836194	ru	Санта-Люсия
3836194	tr	Santa Lucia
3836277	az	Santa Fe
3836277	ru	Санта-Фе
3836277	tr	Santa Fe
3836564	az	San Salvador de Jujuy
3836564	ru	Сан Сальвадор де Жужуй
3836564	tr	San Salvador de Jujuy
3836620	ru	Сан-Рамон-де-ла-Нуэва-Оран
3836669	az	San Rafael
3836669	ru	Сан-Рафаэль
3836669	tr	San Rafael
3836772	az	San Pedro de Jujuy
3836772	ru	Сан-Педро-де-Жужуй
3836772	tr	San Pedro de Jujuy
3836846	az	San Nikolas de los Aroyos
3836846	ru	Сан-Николас-де-лос-Арройос
3836846	tr	San Nicolas de los Arroyos
3836873	az	San Miguel de Tucuman
3836873	ru	Сан-Мигель-де-Тукуман
3836873	tr	San Miguel de Tucuman
3836951	ru	Сан-Мартин-Де-Лос-Андес
3836992	az	San Martin
3836992	ru	Сан-Мартин
3836992	tr	San Martin
3836993	az	Villa General San Martin
3836993	ru	Вилла Хенераль Сан-Мартин
3836993	tr	Villa General San Martin
3837056	az	San Luis
3837056	ru	Сан-Луис
3837056	tr	San Luis
3837124	az	San Justo
3837124	ru	Сан-Хусто
3837124	tr	San Justo
3837213	az	San Juan
3837213	ru	Сан-Хуан
3837213	tr	San Juan
3837240	az	San Xose de Jachal
3837240	ru	Сан-Хосе-де-Чачаль
3837240	tr	San Jose de Jachal
3837373	az	San Xose
3837373	ru	Сан-Хосе
3837373	tr	San Jose
3837506	az	San Isidro
3837506	ru	Сан-Исидро
3837506	tr	San Isidro
3837675	az	San Fransisko
3837675	ru	Сан-Франциско
3837675	tr	San Francisco
3837702	az	Katamarka
3837702	ru	Сан-Фернандо-дель-Валье-де-Катамарка
3837702	tr	Catamarca
3837823	az	San Kristobal
3837823	ru	Сан-Кристобаль
3837823	tr	San Cristobal
3837855	az	San Karlos de Bolivar
3837855	ru	Сан-Карлос-де-Боливар
3837855	tr	San Carlos de Bolivar
3837943	az	San Bernardo
3837943	ru	Сан-Бернардо
3837943	tr	San Bernardo
3837980	az	San Antonio Oeste
3837980	ru	Сан-Антонио-Оэсте
3837980	tr	San Antonio Oeste
3838158	az	Villa San Agustin
3838158	ru	Вилла Сан-Агустин
3838158	tr	Villa San Agustin
3838227	az	Salto
3838227	ru	Салто
3838227	tr	Salto
3838233	az	Salta
3838233	ru	Сальта
3838233	tr	Salta
3838241	az	Salliquelo
3838241	ru	Салликело
3838241	tr	Salliquelo
3838506	ru	Руфино
3838561	az	Rosario de Lerma
3838561	ru	Росарио де Лерма
3838561	tr	Rosario de Lerma
3838564	az	Rosario de la Frontera
3838564	ru	Росарио де ла Фронтера
3838564	tr	Rosario de la Frontera
3838583	az	Rosario
3838583	ru	Росарио
3838583	tr	Rosario
3838650	az	Rojas
3838650	ru	Рохас
3838650	tr	Rojas
3838759	az	Rivadavia
3838759	ru	Ривадавия
3838759	tr	Rivadavia
3838854	az	Rio Grande
3838854	ru	Рио-Гранде
3838854	tr	Rio Grande
3838859	az	Rio Gallegos
3838859	ru	Рио-Гальегос
3838859	tr	Rio Gallegos
3838874	az	Rio-Kuarto
3838874	ru	Рио-Куарто
3838874	tr	Rio Cuarto
3838879	az	Rio Colorado
3838879	ru	Пичи-Мауида
3838879	tr	Rio Colorado
3839263	az	Recreo
3839263	ru	Рекрео
3839263	tr	Recreo
3839282	az	Realico
3839282	ru	Реалико
3839282	tr	Realico
3839307	az	Rawson
3839307	ru	Роусон
3839307	tr	Rawson
3839444	az	Ramallo
3839444	ru	Рамало
3839444	tr	Ramallo
3839479	az	Rafaela
3839479	ru	Рафаэла
3839479	tr	Rafaela
3839490	az	Quitilipi
3839490	ru	Кутилипи
3839490	tr	Quitilipi
3839565	az	Quimili
3839565	ru	Кимили
3839565	tr	Quimili
3839982	az	Punta Alta
3839982	ru	Пунта-Альта
3839982	tr	Punta Alta
3840076	az	Puerto Santa Cruz
3840076	ru	Пуэрто-Санта-Крус
3840076	tr	Puerto Santa Cruz
3840082	az	Puerto San Julian
3840082	ru	Пуэрто-Сан-Хулиан
3840082	tr	Puerto San Julian
3840092	az	Puerto Madryn
3840092	ru	Пуэрто-Мадрин
3840092	tr	Puerto Madryn
3840104	az	Puerto Deseado
3840104	ru	Пуэрто-Десеадо
3840104	tr	Puerto Deseado
3840253	az	Puan
3840253	ru	Пуан
3840253	tr	Puan
3840300	az	Presidencia Roque Saenz Pena
3840300	ru	Президенсия Рокье Саэнс Пеня
3840300	tr	Presidencia Roque Saenz Pena
3841149	ru	Пилар
3841159	az	Piguee
3841159	ru	Пигуэ
3841159	tr	Piguee
3841309	ru	Пико Трункадо
3841475	az	Perito Moreno
3841475	ru	Перито Морено
3841475	tr	Perito Moreno
3841490	az	Pergamino
3841490	ru	Пергамино
3841490	tr	Pergamino
3841614	az	Pellegrini
3841614	ru	Пеллегрини
3841614	tr	Pellegrini
3841679	az	Pehuajo
3841679	ru	Пеуахо
3841679	tr	Pehuajo
3841956	az	Parana
3841956	ru	Парана
3841956	tr	Paraná
3842142	az	Pampa del Infierno
3842142	ru	Пампа дель Инфиерно
3842142	tr	Pampa del Infierno
3842190	az	Palpala
3842190	ru	Палпала
3842190	tr	Palpala
3842662	az	Oliva
3842662	ru	Олива
3842662	tr	Oliva
3842670	az	Olavarria
3842670	ru	Олаваррия
3842670	tr	Olavarria
3842881	az	Nueve de Julio
3842881	ru	Нев-де-Хулио
3842881	tr	Nueve de Julio
3842882	az	Nueve de Julio
3842882	ru	Нуэве де Хулио
3842882	tr	Nueve de Julio
3843123	az	Neyken
3843123	ru	Неукен
3843123	tr	Neuquén
3843619	ru	Мортерос
3843803	az	Monteros
3843803	ru	Монтерос
3843803	tr	Monteros
3843843	az	Monte Hermoso
3843843	ru	Монте Эрмосо
3843843	tr	Monte Hermoso
3844298	az	San Jose de Metan
3844298	ru	Сан-Хосе-де-Метан
3844298	tr	San Jose de Metan
3844377	ru	Мерло
3844421	az	Mendoza
3844421	ru	Мендоса
3844421	tr	Mendoza
3844581	az	Medanos
3844581	ru	Мединос
3844581	tr	Medanos
3844899	az	Marcos Juarez
3844899	ru	Маркос Хуарес
3844899	tr	Marcos Juarez
3845181	az	Malargue
3845181	ru	Маларгуэ
3845181	tr	Malargüe
3845330	az	Maçagai
3845330	ru	Мачагай
3845330	tr	Machagai
3845344	az	Macachin
3845344	ru	Макакин
3845344	tr	Macachin
3846864	az	Linkoln
3846864	ru	Линкольн
3846864	tr	Lincoln
3846915	az	Libertador General San Martin
3846915	ru	Либертадор-Хенераль-Сан-Мартин
3846915	tr	Libertador General San Martin
3847482	az	La Toma
3847482	ru	Ла-Тома
3847482	tr	La Toma
3847836	az	Las Rosas
3847836	ru	Лас-Росас
3847836	tr	Las Rosas
3848687	az	Las Brenas
3848687	ru	Лас-Бреньяс
3848687	tr	Las Brenas
3848950	az	La Rioja
3848950	ru	Ла-Риоха
3848950	tr	La Rioja
3849140	az	La Quiaca
3849140	ru	Ла-Кьяка
3849140	tr	La Quiaca
3849300	az	Laprida
3849300	ru	Лаприда
3849300	tr	Laprida
3849516	az	La Paz
3849516	ru	Ла-Пас
3849516	tr	La Paz
385038	az	Ər-Rifa
385038	ru	Риффа
385038	tr	Er Rifaa
3851331	ru	Ла-Фальда
3851913	az	La Consulta
3851913	ru	Ла-Консульта
3851913	tr	La Consulta
3851985	az	La Cocha
3851985	ru	Ла-Коча
3851985	tr	La Cocha
3852279	az	La Carlota
3852279	ru	Ла-Карлота
3852279	tr	La Carlota
3852468	az	Laboulaye
3852468	ru	Лабуле
3852468	tr	Laboulaye
3852480	ru	Лаборде
3853350	az	Junin de los Andes
3853350	ru	Хунин-де-лос-Андес
3853350	tr	Junin de los Andes
3853354	az	Junin
3853354	ru	Хунин
3853354	tr	Junin
3853355	az	Junin
3853355	ru	Хунин
3853355	tr	Junin
3853510	az	Jesus Maria
3853510	ru	Хесус-Мария
3853510	tr	Jesus Maria
3853745	az	Intendente Alvear
3853745	ru	Интендентте Альвеар
3853745	tr	Intendente Alvear
3853788	az	Ingeniero Guillermo N. Juarez
3853788	ru	Инженеро Гильермо Н. Хуарес
3853788	tr	Ingeniero Guillermo N. Juarez
3853967	az	Humahuaca
3853967	ru	Умауака
3853967	tr	Humahuaca
3854336	az	Hermoso Campo
3854336	ru	Эрмосо-Кампо
3854336	tr	Hermoso Campo
3854359	az	Henderson
3854359	ru	Хендерсон
3854359	tr	Henderson
3854493	az	Guatrache
3854493	ru	Гуатраче
3854493	tr	Guatrache
3854724	az	Graneros
3854724	ru	Гранерос
3854724	tr	Graneros
3854981	az	Gobernador Gregores
3854981	ru	Гобернадор-Грегорес
3854981	tr	Gobernador Gregores
3855041	az	General Villegas
3855041	ru	Генерал-Вильегас
3855041	tr	General Villegas
3855043	az	Los Toldos
3855043	ru	Лос-Тольдос
3855043	tr	Los Toldos
3855065	ru	Хенераль
3855074	az	General Pinedo
3855074	ru	Генерал Пинедо
3855074	tr	General Pinedo
3855075	az	General Pico
3855075	ru	Генерал Пико
3855075	tr	General Pico
3855090	az	General Guemes
3855090	ru	Генерал Гемес
3855090	tr	General Guemes
3855100	az	Villa Tulumaya
3855100	ru	Вилла Тулумайя
3855100	tr	Villa Tulumaya
3855104	az	General La Madrid
3855104	ru	Генерал Ла Мадрид
3855104	tr	General La Madrid
3855121	az	General Conesa
3855121	ru	Генерал Конеса
3855121	tr	General Conesa
3855138	az	General Alvear
3855138	ru	Генерал Альвеар
3855138	tr	General Alvear
3855139	az	General Alvear
3855139	ru	Генерал Альвеар
3855139	tr	General Alvear
3855143	az	General Acha
3855143	ru	Генерал Ача
3855143	tr	General Acha
3855284	az	Gaiman
3855284	ru	Гайман
3855284	tr	Gaiman
3855302	ru	Фунес
3855554	ru	Фирмат
3855666	az	Famailla
3855666	ru	Фамаилья
3855666	tr	Famailla
3855974	ru	Эскель
3856022	az	Esperanza
3856022	ru	Эсперанса
3856022	tr	Esperanza
3858677	ru	Эль Калафате
3858677	tr	El Calafate
3859036	az	Eduardo Castex
3859036	ru	Эдуардо Кастекс
3859036	tr	Eduardo Castex
3859384	az	Diamante
3859384	ru	Диаманте
3859384	tr	Diamante
3859409	ru	Девото
3859512	az	Dean Funes
3859512	ru	Дин Фунес
3859512	tr	Dean Funes
3859538	az	Daireaux
3859538	ru	Дайро
3859538	tr	Daireaux
3859828	az	Cruz del Eje
3859828	ru	Крус дель Эхе
3859828	tr	Cruz del Eje
3859965	az	Cosquin
3859965	ru	Косквин
3859965	tr	Cosquin
3859974	az	Korzuela
3859974	ru	Корсуэла
3859974	tr	Corzuela
3860164	az	Polkovnik Suarez
3860164	ru	Коронель-Суарез
3860164	tr	Coronel Suarez
3860174	az	Polkovnik Pringles
3860174	ru	Полковник Принглес
3860174	tr	Coronel Pringles
3860199	az	Polkovnik Dorrego
3860199	ru	Полковник Доррего
3860199	tr	Coronel Dorrego
3860217	az	Koronda
3860217	ru	Коронда
3860217	tr	Coronda
3860259	az	Cordoba
3860259	ru	Кордова
3860259	tr	Córdoba
3860443	az	Komodoro Rivadaviya
3860443	ru	Комодоро-Ривадавия
3860443	tr	Comodoro Rivadavia
3860828	az	Kolon
3860828	ru	Колон
3860828	tr	Colón
3861056	ru	Чиполлетти
3861217	az	Çumbiça
3861217	ru	Чумбича
3861217	tr	Chumbicha
3861262	az	Ços Malal
3861262	ru	Чос-Малаль
3861262	tr	Chos Malal
3861329	az	Çoele Çoel
3861329	ru	Чоэле-Чоэль
3861329	tr	Choele Choel
3861344	az	Çivilkoy
3861344	ru	Чивилкой
3861344	tr	Chivilcoy
3861416	az	Çimbas
3861416	ru	Чимбас
3861416	tr	Chimbas
3861445	az	Çilesito
3861445	ru	Чилесито
3861445	tr	Chilecito
3861494	az	Çikoana
3861494	ru	Чикоана
3861494	tr	Chicoana
3861678	az	Çarata
3861678	ru	Чарата
3861678	tr	Charata
3861824	az	Çamikal
3861824	ru	Чамикаль
3861824	tr	Chamical
3861953	az	Çakabuko
3861953	ru	Чакабуко
3861953	tr	Chacabuco
3862086	az	Serillos
3862086	ru	Серрильос
3862086	tr	Cerrillos
3862240	az	Kausete
3862240	ru	Каусете
3862240	tr	Caucete
3862320	az	Huan Hose Kastelli
3862320	ru	Хуан Хосе Кастелли
3862320	tr	Juan José Castelli
3862351	az	Kasilda
3862351	ru	Касильда
3862351	tr	Casilda
3862583	az	Karmen de Patagones
3862583	ru	Кармен-де-Патагонес
3862583	tr	Carmen de Patagones
3862600	az	Karlos Tejedor
3862600	ru	Карлос Техедор
3862600	tr	Carlos Tejedor
3862607	az	Karlos Kasares
3862607	ru	Карлос Касарес
3862607	tr	Carlos Casares
3862981	az	Kanada de Gomez
3862981	ru	Канада-де-Гомес
3862981	tr	Cañada de Gómez
3863095	az	Campo Largo
3863095	ru	Кампо-Ларго
3863095	tr	Campo Largo
3863136	az	Campo Gallo
3863136	ru	Кампо-Гальо
3863136	tr	Campo Gallo
3863379	ru	Калета-Оливия
3863503	ru	Кафайат
3863833	ru	Бринкманн
3863882	az	Bragado
3863882	ru	Брагадо
3863882	tr	Bragado
3864331	az	Bell Ville
3864331	ru	Белл-Віль
3864331	tr	Bell Ville
3864375	az	Bella Vista
3864375	ru	Белла-Віста
3864375	tr	Bella Vista
3864430	az	Belen
3864430	ru	Белен
3864430	tr	Belen
386445	ru	Кфар-Врадим
386445	tr	Kfar Vradim
3865086	az	Bahia Blanca
3865086	ru	Байя-Бланка
3865086	tr	Bahia Blanca
3865385	ru	Арройо-Секо
3865436	az	Arrecifes
3865436	ru	Арресіфес
3865436	tr	Arrecifes
3865449	ru	Армстронг
3865776	az	Anelo
3865776	ru	Анело
3865776	tr	Anelo
3865802	az	Andalgala
3865802	ru	Андальгала
3865802	tr	Andalgala
3865840	az	Anatuya
3865840	ru	Анатуя
3865840	tr	Anatuya
3865888	az	Florentino Ameghino
3865888	ru	Флорентіно-Амегіно
3865888	tr	Florentino Ameghino
3866163	az	Alta Gracia
3866163	ru	Альта-Грация
3866163	tr	Alta Gracia
3866367	ru	Алдеретес
3866415	az	Alberti
3866415	ru	Альберти
3866415	tr	Alberti
3866465	az	Aimogasta
3866465	ru	Аймогаста
3866465	tr	Aimogasta
3866496	az	Aguilares
3866496	ru	Агиларес
3866496	tr	Aguilares
3867009	az	Abra Pampa
3867009	ru	Абра Памpa
3867009	tr	Abra Pampa
3867291	az	Filadelfiya
3867291	ru	Филадельфия
3867291	tr	Filadelfia
3867625	ru	Юмбель
3868121	az	Vina del Mar
3868121	ru	Винья-дель-Мар
3868158	ru	Вильяррика
3868192	ru	Вилья-Алемана
3868308	ru	Викунья
3868326	ru	Виктория
3868626	az	Valparaiso
3868626	ru	Вальпараисо
3868626	tr	Valparaiso
3868707	az	Valdivia
3868707	ru	Вальдивия
3868707	tr	Valdivia
3868988	ru	Тукапель
3869381	ru	Трайген
3869657	ru	Томе
3869716	ru	Токопилья
3869821	ru	Тилтил
3869979	ru	Тено
3870011	az	Temuko
3870011	ru	Темуко
3870011	tr	Temuco
3870243	ru	Тальталь
3870282	ru	Талькауано
3870294	az	Talka
3870294	ru	Талька
3870294	tr	Talca
3870306	ru	Талаганте
3871336	ru	Сантьяго
3871336	tr	Santiago
3871616	ru	Санта-Крус
3871781	ru	Сан-Педро-де-Атакама
3871781	tr	San Pedro de Atacama
3872073	ru	Сан-Хосе-де-Майпо
3872154	ru	Сан-Хавьер-де-Лонкомилья
3872326	ru	Сан-Карлос
3872348	ru	Сан-Бернардо
3872395	ru	Сан-Антонио
3872594	az	Salamanka
3872594	ru	Саламанка
3872900	ru	Ромерал
3873372	ru	Ретиро
3873441	ru	Ренго
3873454	ru	Ренка
3873775	az	Rancaqua
3873775	ru	Ранкагуа
3873775	tr	Rancagua
3873983	ru	Кинтеро
3873999	ru	Кинта-де-Тилькоко
3874096	ru	Кильпуэ
3874119	ru	Кильота
3874212	ru	Киликура
3874579	ru	Пурранке
3874787	az	Punta Arenas
3874787	ru	Пунта Аренас
3874787	tr	Punta Arenas
3874930	az	Puerto-Varas
3874930	ru	Пуэрто Варас
3874930	tr	Puerto Varas
3874958	ru	Пуэрто-Наталес
3874958	tr	Puerto Natales
3874960	az	Puerto Montt
3874960	ru	Пуэрто-Монт
3874960	tr	Puerto Montt
3875024	ru	Пуэнте-Альто
3875070	ru	Пукон
3875367	ru	Порвенир
3875882	ru	Пинто
3876256	az	Piçilemu
3876256	ru	Пичилему
3876353	ru	Пика
3876664	ru	Пенко
3876682	ru	Пеньялолен
3876685	ru	Пеньяфлор
3877146	ru	Парраля
3877348	ru	Пангипульи
3877739	ru	Пейн
3877918	ru	Овалье
3877949	ru	Осорно
3878431	ru	Нуньоа
3878456	ru	Нуэва-Имперьяль
3878898	ru	Негрете
3879200	ru	Мульчен
3879429	ru	Монте-Патрия
387958	ru	Сальва
3879627	ru	Молина
3880107	ru	Мелипилья
3880143	ru	Мехильонес
3880312	ru	Мауле - Чили
3881102	ru	Мачали
3881276	ru	Лот
3881285	ru	Лос-Вилос
388145	ru	Атакент
388145	tr	Atakent
3881976	ru	Лос-Лагос - Чили
3882428	az	Los Anceles
3882428	ru	Лос-Анджелес
3882428	tr	Los Angeles
3882434	ru	Лос-Анд
3883167	ru	Линарес
3883214	ru	Лимаче
3883457	ru	Лебу
3883629	ru	Ла-Уньон
3884373	az	La Serena
3884373	ru	Ла-Серена
3884373	tr	La Serena
3885273	ru	Лампа
3885456	ru	Ла-Лигуа
3885935	ru	Флорида
3886405	ru	Ла-Калера
3887127	az	İkike
3887127	ru	Икике
3887127	tr	Iquique
3887344	ru	Ильяпель
3887758	ru	Уаско
3887781	az	Hualpen
3887781	ru	Уальпен
3888011	ru	Ихуэлас
3888523	ru	Уальки
3888749	ru	Гранерос
3889221	ru	Футроно
3889317	ru	Фрейрина
3890596	ru	Эль-Киско
3892272	ru	Доньиуэ
3892760	ru	Далькауэ
3892870	ru	Курико
3892870	tr	Curicó
3892892	ru	Куранилауэ
3892934	ru	Куракави
3893516	ru	Корраль
3893532	ru	Коронель
3893629	ru	Кокимбо
3893656	az	Kopiapo
3893656	ru	Копьяпо
3893656	tr	Copiapó
3893726	ru	Конститусьон
3893865	ru	Конкон
3893894	az	Konsepsion
3893894	ru	Консепсьон
3893894	tr	Concepcion
3893962	ru	Комбарбала
3894242	ru	Колина
3894319	ru	Кольбун
3894426	az	Koyayke
3894426	ru	Койайке
3894426	tr	Coyhaique
3894871	ru	Чончи
3895088	az	Çillan
3895088	ru	Чильян
3895088	tr	Chillán
3895138	ru	Чигуаянте
3896105	ru	Каукенес
3896218	ru	Кастро
3896433	ru	Картахена
3896924	ru	Каньете
3897322	ru	Кальдера
3897334	ru	Кальбуко
3897347	az	Kalama
3897347	ru	Калама
3897347	tr	Calama
3897724	ru	Булнес
3897774	ru	Буин
3899361	az	Arika
3899361	ru	Арика
3899361	tr	Arica
3899462	ru	Арауко
3899539	az	Antofaqasta
3899539	ru	Антофагаста
3899539	tr	Antofagasta
3899629	ru	Анголь
3899680	ru	Андакольо
3899695	ru	Анкуд
3899887	ru	Альто-Осписио
3899924	ru	Альто-дель-Кармен
3900138	ru	Альгарробо
3901178	ru	Якуиба
3901435	ru	Винто
3901435	tr	Vinto
3901501	ru	Вильясон
3901547	ru	Вилья-Монтес
3901874	ru	Вайегранде
3901874	tr	Vallegrande
3901903	ru	Уюни
3901903	tr	Uyuni
3902202	ru	Туписа
3902202	tr	Tupiza
3902377	az	Trinidad
3902377	ru	Тринидад
3902377	tr	Trinidad
3903320	az	Tarija
3903320	ru	Тариха
3903320	tr	Tarija
3903342	ru	Тарата
3903987	az	Sukre
3903987	ru	Сукре
3903987	tr	Sucre
3904906	az	Santa Cruz de la Sierra
3904906	ru	Санта-Крус-де-ла-Сиерра
3904906	tr	Santa Cruz de la Sierra
3906194	ru	Сакаба
3906194	tr	Sacaba
3906209	ru	Рурренабаке
3906466	ru	Риберальта
3906791	ru	Кильякольо
3906791	tr	Quillacollo
3907080	ru	Пуната
3907080	tr	Punata
3907584	az	Potosí
3907584	ru	Потоси
3907584	tr	Potosí
3907646	ru	Портачуело
3909234	az	Oruro
3909234	ru	Оруро
3909234	tr	Oruro
3910027	ru	Монтеро
3910094	ru	Монтеагудо
3910343	ru	Минерос
3911925	az	La Pas
3911925	ru	Ла-Пас
3911925	tr	La Paz
3914839	ru	Уануни
3915350	ru	Гуаярамерин
3915350	tr	Guayaramerin
3919902	ru	Колькапируа
3919902	tr	Colcapirhua
3919968	az	Cochabamba
3919968	ru	Кочабамба
3919968	tr	Cochabamba
3919998	az	Cobija
3919998	ru	Кобиха
3919998	tr	Cobija
3920736	ru	Чиморе
3921355	ru	Чальяпата
3922414	ru	Камири
3924610	ru	Ачакачи
3924679	ru	Вилена
3924948	ru	Ору-Прету-ду-Уэсти
3925040	ru	Жара
3925212	ru	Какоал
3926438	ru	Урубамба
3927158	ru	Тората
3927758	ru	Тарма
3927942	ru	Тамбопата
3927995	ru	Тамбо
3928043	ru	Талавера
3928128	az	Takna
3928128	ru	Такна
3928128	tr	Tacna
3928274	ru	Супе
3928924	ru	Сатипо
3929805	ru	Сан Бартоло
3931137	ru	Путина
3931138	ru	Путина
3931276	az	Puno
3931276	ru	Пуно
3931276	tr	Puno
3931470	az	Puerto Maldonado
3931470	ru	Пуэрто-Мальдонадо
3931470	tr	Puerto Maldonado
3932145	ru	Писко
3933024	ru	Парамонга
3933185	ru	Пампас
3933345	ru	Палпа
3934356	ru	Наска
3934608	az	Moquegua
3934608	ru	Мокегуа
3934608	tr	Moquegua
3934707	ru	Мольендо
3934876	ru	Мирафлорес
3935572	ru	Мала
3936456	ru	Лима
3936456	tr	Lima
3936952	ru	Ла-Оройа
3937513	ru	Хульяка
3937733	ru	Хауха
3938415	ru	Ило
3938451	ru	Илаве
3938527	az	İka
3938527	ru	Ика
3938527	tr	İca
393927	az	Avşar
393927	ru	Авшар
3939285	ru	Уараль
3939459	az	Huancayo
3939459	ru	Уанкайо
3939459	tr	Huancayo
3939470	az	Huancavelica
3939470	ru	Уанкавелика
3939470	tr	Huancavelica
3939541	ru	Уанкане
3940002	az	Huacho
3940002	ru	Уачо
3940002	tr	Huacho
3941584	az	Kusko
3941584	ru	Куско
3941584	tr	Cusco
3942548	ru	Консепсьон
3943789	ru	Чинча-Альта
3944797	az	Serro de Pasko
3944797	ru	Серро-де-Паско
3944797	tr	Cerro de Pasco
3946083	az	Kallao
3946083	ru	Кальяо
3946083	tr	Callao
3946937	ru	Асангаро
3947019	az	Ayakuço
3947019	ru	Аякучо
3947019	tr	Ayacucho
3947322	az	Arekipa
3947322	ru	Арекипа
3947322	tr	Arequipa
3947634	ru	Анта
3947740	ru	Андауайлас
3947956	ru	Амбо
3948642	az	Abankay
3948642	ru	Абанкай
3948642	tr	Abancay
3979216	ru	Камалу
3979439	ru	Прогресо
3979510	ru	Делта
3979673	ru	Сиуатанехо
3979770	ru	Сапопан
3979802	ru	Самора-де-Идальго
3979844	az	Zacatecas
3979844	ru	Сакатекас
3979844	tr	Zacatecas
3979846	ru	Сакапу
3980168	ru	Вилья-Идальго
3980174	ru	Вильягран
3980180	ru	Вилла-Фронтера
3980190	ru	Вилья-де-Гарсиа
3980194	ru	Вилья-де-Альварес
3980487	ru	Венадо
3980580	ru	Вальтьеррилья
3980586	ru	Вальпараисо
3980605	ru	Валье-де-Сантьяго
3980621	ru	Валье-де-Браво
3980760	ru	Уруапан
3981254	ru	Торреон
3981345	ru	Тополобампо
3981369	ru	Тонала
3981461	ru	Тлакепаке
3981609	az	Tixuana
3981609	ru	Тихуана
3981609	tr	Tijuana
3981885	ru	Текила
3981941	az	Tepik
3981941	ru	Тепик
3981941	tr	Tepic
3982213	ru	Текомане
3982266	ru	Текате
3982364	ru	Тариморо
3982377	ru	Таретан
3982461	ru	Тапалпа
3982616	ru	Тала
3982729	ru	Табаско
3982887	ru	Сомбререте
3983631	ru	Сантьяго-Папаскьяро
3983671	ru	Сантьяго
3983820	ru	Санта Роса Хауреги
3985344	ru	Сан-Мигель-де-Альенде
3985344	tr	San Miguel de Allende
3985504	ru	Сан Мартин Идалго
3985604	ru	Сан-Луис-Рио-Колорадо
3985606	az	San Luis Potosí
3985606	ru	Сан-Луис-Потоси
3985606	tr	San Luis Potosí
3985710	ru	Кабо-Сан-Лукас
3985710	tr	Cabo San Lucas
3985878	ru	Сан Хуан Де Ла Вега
3986172	ru	Сан-Хосе-дель-Кабо
3987224	ru	Сан-Фелипе
3987224	tr	San Felipe
3987485	ru	Пуерто Сан Карлос
3988050	ru	Сальватьерра
3988086	az	Saltillo
3988086	ru	Салтилло
3988086	tr	Saltillo
3988214	ru	Саламанка
3988333	ru	Сабинас
3988392	ru	Росарито
3988462	ru	Ромита
3988651	ru	Ринкон-де-Ромос
3991043	ru	Рамос-Ариспе
3991164	az	Santiago de Querétaro
3991164	ru	Керетаро
3991164	tr	Santiago de Querétaro
3991328	ru	Пуэрто-Вальярта
3991328	tr	Puerto Vallarta
3991347	ru	Пуэрто-Пеньяско
3992485	ru	Пинос
3992842	ru	Петатлан
3993155	ru	Педерналес
3993179	ru	Пацкуаро
3993335	ru	Паррас
3994604	ru	Нуэво-Мексико
3994616	ru	Нуэво-Касас-Грандес
3994616	tr	Nuevo Casas Grandes
3994667	az	Nueva-Rosita
3994667	ru	Нуэва-Росита
3995017	ru	Наволато
3995019	ru	Навохоа
3995050	ru	Нава
3995395	ru	Морелос
3995398	ru	Морелос
3995402	az	Morelia
3995402	ru	Морелия
3995402	tr	Morelia
3995465	az	Monterrey
3995465	ru	Монтеррей
3995465	tr	Monterrey
3995523	ru	Монклова
3996069	az	Meksikali
3996069	ru	Мехикали
3996069	tr	Mexicali
3996299	ru	Медина
3996322	ru	Масатлан
3996387	ru	Матеуала
3996426	ru	Матаморос
3996595	ru	Марфил
3996663	ru	Мансанильо
3996893	ru	Магдалена-де-Кино
3996956	ru	Мадера
3997479	ru	Лос-Мочис
3998287	ru	Лорето
3998291	ru	Лорето
3999162	ru	Лас Варас
4000900	az	La Paz
4000900	ru	Ла-Пас
4000900	tr	La Paz
4002745	ru	Ла-Крус-де-Элота
4003662	ru	Санта-Крус-де-Хувентино-Росас
4004024	ru	Херес-де-Гарсия-Салинас
4004153	ru	Халостотитлан
4004267	ru	Истлан-дель-Рио
4004330	ru	Ирапуато
4004399	ru	Имурис
4004647	ru	Уатабампо
4004850	ru	Игера Де Зарагоза
4004867	ru	Парраль
4004886	ru	Ногалес
4004898	az	Hermosillo
4004898	ru	Эрмосильо
4004898	tr	Hermosillo
4005143	ru	Гуаймас
4005219	ru	Гуасаве
4005270	az	Guanajuato
4005270	ru	Гуанахуато
4005270	tr	Guanajuato
4005492	ru	Гвадалупе
4005509	ru	Гвадалупе
4005539	az	Qvadalaxara
4005539	ru	Гвадалахара
4005539	tr	Guadalajara
4006163	ru	Фреснильо
400666	ru	Родос
4006702	ru	Энсенада
4006783	ru	Энкарнасьон-де-Диас
4007210	ru	Тобарито
4007676	ru	Эль-Сальто
400769	az	Laascanood
400769	ru	Лааскаануд
400769	tr	Laascanood
401043	az	Eljabın
401043	ru	Эль-Джабин
401043	tr	El Jabin
4011469	ru	Пуэбла
4011574	ru	Сьюдад-Инсурхентес
4011587	ru	Эрмосильо
4011743	ru	Дуранго
4012176	az	Kulyakan
4012176	ru	Кулиакан
4012176	tr	Culiacán
4012344	ru	Куэнкаме
4012593	ru	Эстасьон-Креэль
4012693	ru	Коста-Рика
4012721	ru	Кортасар
4013094	ru	Комонфорт
4013516	az	Kolima
4013516	ru	Колима
4013516	tr	Colima
4013704	ru	Сьюдад-Обрегон
4013706	ru	Лердо
4013708	ru	Сьюдад-Хуарес
4013708	tr	Ciudad Juarez
4013712	ru	Сьюдад-Идальго
4013714	ru	Сьюдад-Гусман
4013720	ru	Делисьяс
4013720	tr	Delicias
4013723	ru	Сьюдад-Конститусьон
4013727	ru	Сьюдад-Альтамирано
4013728	ru	Сьюдад-Акунья
4014109	ru	Чойс
4014338	az	Çivava
4014338	ru	Чиуауа
4014338	tr	Chihuahua
4014875	ru	Селая
4015700	ru	Кананеа
4017984	ru	Атояк-де-Альварес
4018347	ru	Арандас
4018348	ru	Арандас
4018390	ru	Аподака
4018403	ru	Апасео-эль-Гранде
4018404	ru	Апасео-эль-Альто
4018699	ru	Алтар
4019054	ru	Ахихик
4019054	tr	Ajijic
4019233	az	Aguaskalienti
4019233	ru	Агуаскальентес
4019233	tr	Aguascalientes
4019827	ru	Акамбаро
4019869	ru	Абасоло
4022735	ru	Идальго
4023117	ru	Долорес-Идальго
4023117	tr	Dolores Hidalgo
4025215	ru	Капула
4026082	ru	Ласаро-Карденас
4027374	ru	Сан Луис Де Ла Лома
4030723	az	Adamstaun
4030723	ru	Адамстаун
4030754	ru	Анга-Роа
4031110	az	Fale köhnə yaşayış yeri
4031110	ru	Старое поселение Фале
4031110	tr	Fale eski yerleşimi
4032369	az	Pangai
4032369	ru	Панга'и
4032369	tr	Pangai
4032384	az	'Ohonua
4032384	ru	'Охонуа
4032384	tr	'Ohonua
4032402	ru	Нукуалофа
4032420	az	Neiafu
4032420	ru	Нейафу
4032420	tr	Neiafu
4032619	az	Hihifo
4032619	ru	Хихифо
4032619	tr	Hihifo
4032804	az	Waitangi
4032804	ru	Вайтанги
4032804	tr	Waitangi
4033205	az	Uturoa
4033205	ru	Утуроа
4033205	tr	Uturoa
4033936	ru	Папеэте
4034778	az	Leava
4034778	ru	Леава
4034778	tr	Leava
4034821	ru	Мата-Уту
4034885	az	Alo
4034885	ru	Алу
4034885	tr	Alo
4034938	az	Vayloa
4034938	ru	Вайлоа
4034938	tr	Vailoa
4035045	az	Satupaytea
4035045	ru	Сатупаитеа
4035045	tr	Satupa`itea
4035078	az	Samamea
4035078	ru	Саматеа
4035078	tr	Samamea
4035117	az	Safotulafai
4035117	ru	Сафотулафаи
4035117	tr	Safotulafai
4035118	az	Safotu
4035118	ru	Сафоту
4035118	tr	Safotu
4035196	az	Mulifanua
4035196	ru	Мулифануа
4035196	tr	Mulifanua
4035249	az	Lufilufi
4035249	ru	Лифилифи
4035249	tr	Lufilufi
4035260	az	Leulumoega
4035260	ru	Леулумоега
4035260	tr	Leulumoega
4035413	ru	Апиа
4035432	az	Afega
4035432	ru	Афега
4035432	tr	Afega
4035715	ru	Аваруа
4036284	ru	Алофи
4036778	az	Ngchesar kəndcəsi
4036778	ru	Деревушка Нгчесар
4036778	tr	Ngchesar Köyü
4038014	az	Ngerkeai
4038014	ru	Нгеркеаи
4038014	tr	Ngerkeai
4038170	az	Mengellang
4038170	ru	Менгеллан
4038170	tr	Mengellang
4038282	az	Angaur Штаты
4038282	ru	Штат Ангаур
4038282	tr	Angaur Eyaleti
4039539	az	Taroa
4039539	ru	Тароа
4039539	tr	Taroa
4044012	az	Haqatna
4044012	ru	Хагатна
4046255	ru	Бей-Минетт
4046274	ru	Една
4046332	ru	Хендерсон
4046704	tr	Fort Hunt
4047914	ru	Виллас
4048023	ru	Бессемер
4048662	ru	Падака
4049979	ru	Бирмингем
4050006	ru	Делфи Хилс
4050118	ru	Терпин Хилс
4050356	tr	Lugoff
4050880	ru	Бюда
4051059	ru	Боаз
4051714	ru	Брутон
4052964	ru	Кахаба-Хайтс
4053050	ru	Калера
4054378	ru	Сентр-Пойнт
4054852	ru	Челси
4054996	ru	Чикасо
4055045	ru	Чилдерсберг
4055045	tr	Childersburg
4055577	ru	Клантон
4057835	ru	Калмен
4058061	tr	Daleville
4058553	ru	Декейтер
4058662	ru	Демополис
4058662	tr	Demopolis
4059102	ru	Дотан
4060791	ru	Энтерпрайз
4060954	ru	Юфола
4060954	tr	Eufaula
4061206	ru	Феърфилд
4061234	ru	Ферхоуп
4061234	tr	Fairhope
4062577	ru	Флоренция
4062644	ru	Фоли
4062644	tr	Foley
4062774	ru	Форестдейл
4062774	tr	Forestdale
4062861	ru	Форт-Пейн
4063570	ru	Фултондейл
4063619	ru	Гадсден
4063765	tr	Gardendale
4064310	ru	Гленко
4065302	ru	Гринвилл
4065552	ru	Галф Шорс
4065649	ru	Гантерсвилл
4065965	ru	Гамильтон
4066449	tr	Hartselle
4066811	ru	Хелена
4067927	ru	Хомвуд
4067927	tr	Homewood
4067994	ru	Гувер
4068590	az	Hantsvill
4068590	ru	Хантсвилл
4069243	ru	Айрондейл
4069553	ru	Джексонвилл
4069553	tr	Jacksonville
4069659	ru	Джаспер
4072130	ru	Лидс
4072767	ru	Линкольн
4074267	ru	Мадисон
4075692	ru	Медоубрук
4075692	tr	Meadowbrook
4075977	ru	Мидфилд
4076239	ru	Милбрук
4076598	ru	Мобил
4076725	ru	Монровилл
4076771	ru	Монтевало
4076784	az	Montqomeri
4076784	ru	Монтгомери
4076784	tr	Montgomery
4076842	tr	Moody
4078964	ru	Маскл Шолс
4080555	ru	Нортпорт
4081644	ru	Опелайка
4081671	ru	Онеонта
4081914	ru	Оксфорд
4081936	ru	Озарк
4082569	ru	Пелам
4082589	ru	Пелл-Сити
4082866	ru	Финикс-Сити
4083697	ru	Пинсон
4083846	ru	Плезант Гроув
4084796	ru	Пратвилл
4084888	ru	Причард
4086285	tr	Roanoke
4086363	ru	Робертсдейл
4087313	ru	Расселвилл
4088916	ru	Скотсборо
4089114	ru	Селма
4089536	ru	Шеффилд
4089536	tr	Sheffield
4090684	tr	Smiths Station
4091136	ru	Спаниш Форт
4092671	tr	Sylacauga
4092788	ru	Талладига
4094163	ru	Трой
4094212	ru	Трасвил
4094455	ru	Таскалуса
4094484	ru	Таскамбия
4094490	ru	Таскиги
4095186	tr	Valley
4097257	ru	Уэтампка
4099296	az	Alma
4099296	ru	Альма
4099296	tr	Alma
4100525	ru	Бейтсвилл
410096	ru	Аш-Шафа
4101114	ru	Белла-Виста
4101241	ru	Бентон
4101260	ru	Бентонвилле
4101309	ru	Берривилл
4101309	tr	Berryville
4102412	ru	Блайтвилл
4102412	tr	Blytheville
4103957	ru	Кабот
4103957	tr	Cabot
4104182	ru	Камден
4105168	ru	Сентертон
4105168	tr	Centerton
4105879	ru	Кларксвилл
4106458	ru	Конвей
4107198	ru	Кроссетт
4107198	tr	Crossett
4107802	ru	Де-Куин
4109452	ru	Ист-Энд
4109785	ru	Эль-Дорадо
4110443	ru	Фармингтон
4110443	tr	Farmington
4110486	ru	Фейетвилл
4111382	ru	Форрест-Сити
4111410	ru	Форт-Смит
4113067	ru	Гринбрир
4113067	tr	Greenbrier
4113143	ru	Гринвуд
4113143	tr	Greenwood
4113956	ru	Харрисон
4114225	ru	Хибер-Спрингс
4114272	ru	Хелена
4115181	ru	Хоуп
4115412	ru	Хот-Спрингс
4115429	ru	Хот-Спрингс-Вилидж
411563	tr	Altınkum
4116315	ru	Джексонвилл
4116315	tr	Jacksonville
4116834	ru	Джонсборо
4119403	az	Litl Rok
4119403	ru	Литл-Рок
4119403	tr	Little Rock
4119972	ru	Лоуел
4119972	tr	Lowell
4120388	ru	Малверн
4120524	ru	Мэрион
4121297	ru	Мена
4122015	ru	Монтиселло
4122218	ru	Моррилтон
4123830	ru	Ньюпорт
4124112	ru	Норт-Литл-Рок
4124112	tr	North Little Rock
4125027	ru	Осеола
4125027	tr	Osceola
4125388	ru	Парагулд
4125681	tr	Pea Ridge
4126923	ru	Покахонтас
4127359	ru	Прэйри-Гров
4127359	tr	Prairie Grove
4128894	ru	Роджерс
4129397	ru	Раселвил
4130430	ru	Серси
4131116	ru	Сайлом-Спрингс
4132093	ru	Спрингдейл
4132625	ru	Статгарт
4132625	tr	Stuttgart
4133367	ru	Тексаркана
4133933	ru	Труман
4134716	ru	Ван-Бьюрен
4135349	ru	Уоррен
4135840	ru	Вест Хелена
4135865	ru	Уэст-Мемфис
4135865	tr	West Memphis
4136153	ru	Уайт-Холл
4136153	tr	White Hall
4137523	ru	Анакостия
4137919	ru	Капитолийский холм
4140007	ru	Петуорт
4140963	ru	Вашингтон
4141674	ru	Бруксайд
4141974	ru	Клеймонт
4142290	az	Dover
4142290	ru	Довер
4142290	tr	Dover
4142424	ru	Елсмир
4142683	ru	Глазго
4142969	ru	Хокесин
4143637	ru	Мидлтаун
4143658	ru	Милфорд
4143658	tr	Milford
4143834	ru	Нью-Касл
4143834	tr	New Castle
4143861	ru	Ньюарк
4143861	tr	Newark
4144600	ru	Сифорд
4144600	tr	Seaford
4144764	ru	Смирна
4145381	ru	Уилмингтон
4145805	ru	Алапатах
4145941	ru	Алтамонт Спрингс
4146161	ru	Аполло-Бич
4146166	ru	Апопка
4146166	tr	Apopka
4146206	ru	Аркадия
4146354	az	Atlantik-Biç
4146354	ru	Атлантик-Бич
4146354	tr	Atlantic Beach
4146389	tr	Auburndale
4146429	tr	Aventura
4146440	ru	Ейвон-Парк
4146440	tr	Avon Park
4146464	ru	Азалия-Парк
4146723	ru	Бартоу
4146823	ru	Бей-Харбор-Айлендс
4146901	ru	Байонет-Пойнт
4146984	ru	Бикен-Скуэйр
4147241	ru	Бель-Глейд
4147241	tr	Belle Glade
4147581	ru	Бевърли Хилс
4148012	ru	Байтло
4148399	ru	Бока-Дел-Мар
4148411	ru	Бока-Ратон
4148411	tr	WTA Boca Raton
4148533	ru	Бонита Спрингс
4148708	ru	Брейдентон
4148757	ru	Брэндон
4148757	tr	Brandon
4148803	ru	Брент
4148944	ru	Бродвью-Парк
4148986	ru	Бруксвил
4149077	ru	Браунсвилл
4149269	ru	Буэнавентура-Лейкс
4149962	ru	Кейп-Корал
4150190	ru	Каселбери
4150394	ru	Селебрейшн
4150727	ru	Чевал
4151153	ru	Ситрэс-Хиллс
4151163	ru	Ситрэс-Спрингс
4151316	ru	Клируотер
4151352	ru	Клермонт
4151366	tr	Clewiston
4151440	ru	Коко
4151441	ru	Коко-Бич
4151460	ru	Коконат-Гров
4151607	ru	Комби-Сеттлмент
4151745	ru	Конвей
4151824	ru	Купер-Сити
415189	az	Ədən
415189	ru	Аден
415189	tr	Aden
4151909	ru	Корал-Спрингс
4151921	ru	Корал-Террейс
4152064	ru	Кантри-Уолк
4152472	ru	Кристал-Лейк
4152639	ru	Сайприс-Лейк
4152772	tr	Dania Beach
4152820	ru	Дэви
4152872	ru	Дейтона-Бич
4152890	ru	Деланд
4152926	ru	Дебери
4153071	ru	Дирфилд-Бич
4153071	tr	Deerfield Beach
4153132	ru	Делрей-Бич
4153146	ru	Делтона
4153188	ru	Дестин
4153367	ru	Доктор-Филлипс
4153471	ru	Дорал
4153759	ru	Данедин
4153759	tr	Dunedin
4154270	ru	Эглин
4154280	ru	Иджипт-Лейк-Лето
4154336	ru	Элферс
4154465	ru	Инглвуд
4154489	ru	Энсли
4154568	ru	Истеро
4154606	tr	Eustis
4154769	ru	Фэрвью-Шорс
4154972	tr	Fellsmere
4155000	ru	Ферн-Парк
4155006	ru	Фернандина Бич
4155017	ru	Ферри-Пасс
4155430	ru	Фиш-Хоук
4155669	ru	Флорида Сити
4155669	tr	Florida City
4155726	ru	Флорида-Ридж
4155824	ru	Форест-Сити
4155966	ru	Форт-Лодердейл
4155988	ru	Форт Мид
4155988	tr	Fort Meade
4155995	ru	Форт Майерс
4155996	ru	Форт-Майерс-Бич
4156006	ru	Форт-Майерс-Шорс
4156018	ru	Форт Пирс
4156042	ru	Форт-Уолтон-Бич‎
4156042	tr	Fort Walton Beach
4156340	ru	Фрутвилл
4156404	ru	Гейнсвилл
4156601	ru	Гейтуэй
4156752	ru	Гиффорд
4156824	ru	Глейдвью
4156920	ru	Голден-Гейт
4156931	ru	Голден-Глейдс
4156959	ru	Голденрод
4156975	ru	Гонсалес
4157097	ru	Гулдс
4157427	ru	Грин Коув Спрингс
4157605	tr	Groveland
4157687	ru	Галфпорта
4157687	tr	Gulfport
4157827	tr	Haines City
4157898	ru	Халландейл-Бич
4157898	tr	Hallandale Beach
4158476	ru	Хайалиа
4158595	tr	High Springs
4158604	ru	Хайленд-Сити
4158758	ru	Хоб Саунд
4158865	ru	Холидей
4158914	ru	Холи Хил
4158914	tr	Holly Hill
4158928	ru	Голливуд
4159050	ru	Хомстед
4159050	tr	Homestead
4159335	ru	Гудзон
4159553	ru	Иммокали
4159608	az	İndian Harbor Biç
4159608	ru	Индиан-Харбур-Бич
4159608	tr	Indian Harbour Beach
4159659	ru	Индиан-Ривер-Истейтс
4159786	ru	Инвернес
4159796	ru	Инвуд
4159896	ru	Айвис-Истейтс
4160021	az	Ceksonvill
4160021	ru	Джэксонвилл
4160021	tr	Jacksonville
4160086	ru	Джен-Фил-Вилидж
4160100	ru	Джесмайн-Истейтс
4160171	ru	Дженсен-Бич
4160610	ru	Юпитер
4160651	ru	Кэтлин
4160705	ru	Кендейл-Лейкс
4160711	ru	Кендалл
4160795	ru	Ки-Ларго
4160812	ru	Ки-Уэст
4160932	ru	Кингс-Пойнт
4160983	ru	Киссимми
4161118	ru	Леди-Лейк
4161150	ru	Лейк-Алфред
4161228	ru	Лесное озеро
4161296	ru	Лейк-Лорейн
4161334	ru	Лейк-Парк
4161400	ru	Лейк-Уэйлс
4161400	tr	Lake Wales
4161424	ru	Лейк-Уэрт-Корридор
4161438	az	Leyklend
4161438	ru	Лейкленд
4161438	tr	Lakeland
4161444	ru	Лейкленд-Хайлендс
4161461	ru	Лейксайд
4161510	ru	Лейквуд-Парк
4161580	ru	Ларго
4161580	tr	Largo
4161616	ru	Лодердейл-Лейкс
4161616	tr	Lauderdale Lakes
4161659	ru	Лорел
4161733	ru	Леканто
4161771	ru	Лизбург
4161771	tr	Leesburg
4161797	ru	Лежер-Сити
4161957	tr	Lighthouse Point
4162539	ru	Локхарт
4162776	ru	Лонгбоут Ки
4162783	ru	Лонгвуд
4162783	tr	Longwood
4163033	ru	Лутц
4163049	tr	Lynn Haven
4163220	az	Maitland
4163220	ru	Мейтленд
4163220	tr	Maitland
4163379	ru	Маратон
4163388	ru	Марко-Айленд
4163388	tr	Marco Island
4163407	ru	Маргейт
4163407	tr	Margate
4163833	ru	Макгрегор
4163954	ru	Медулла
4163971	ru	Мельбурн
4163994	ru	Мелроз Парк
4164047	ru	Мемфис
4164138	az	Mayami
4164138	ru	Майами
4164138	tr	Miami
4164143	ru	Майами-Бич
4164167	ru	Майами-Гарденс
4164186	ru	Майами-Лейкс
4164223	tr	Miami Springs
4164387	ru	Миддлберг
4164547	ru	Мильтон
4164554	ru	Мимс
4164575	ru	Миниола
4164601	ru	Мирамар
4164602	ru	Мирамар-Бич
4165069	tr	Mount Dora
4165519	ru	Миртл-Гров
4165565	ru	Неаполь
4165574	ru	Нейплс-Мэйнор
4165576	ru	Нейплс-Парк
4165580	ru	Наранья
4165637	ru	Наварр
4165695	ru	Нептун Бич
4165869	ru	Нью-Порт-Ричи
4165869	tr	New Port Richey
4166066	ru	Норланд
4166096	ru	Норт Ендруз Гарденс
4166105	tr	North Bay Village
4166222	ru	Норт-Лодердейл
4166222	tr	North Lauderdale
4166232	ru	Норт-Майами
4166232	tr	North Miami
4166233	ru	Северный Майами-Бич
4166233	tr	North Miami Beach
4166253	ru	Норт Пам Бич
4166274	ru	Норт-Порт
4166298	ru	Норт-Сарасота
4166583	ru	Ок-Ридж
4166638	ru	Окленд-Парк
4166673	ru	Окала
4166723	ru	Оушен-Сити
4166787	ru	Одесса
4166822	ru	Окичоби
4166936	ru	Олдсмар
4167003	az	Opa-lokka
4167003	ru	Опа-Локка
4167003	tr	Opa-locka
4167147	ru	Орландо
4167178	ru	Ормонд Бич
4167245	ru	Оспри
4167348	ru	Овьедо
4167424	ru	Пейс
4167473	ru	Пахоки
4167482	ru	Палатка
4167499	ru	Палм-Бей
4167505	ru	Палм-Бич
4167519	ru	Палм-Бич-Гарденс
4167545	ru	Палм-Харбор
4167583	ru	Палм Спрингс
4167632	tr	Palmetto
4167647	ru	Палметто-Истейтс
4167694	ru	Панама
4167695	ru	Панама Сити Бич
4167695	tr	Panama City Beach
4167829	ru	Паркленд
4167829	tr	Parkland
4168062	ru	Пеббл-Крик
4168095	ru	Пеликэн-Бей
4168138	ru	Пемброк-Парк
4168139	ru	Пемброк-Пайнс
4168228	ru	Пенсакола
4168244	ru	Пери
4168418	ru	Пайн-Касл
4168563	ru	Пайн-Ридж
4168630	ru	Пинелас Парк
4168659	ru	Пайнвуд
4168773	ru	Плант Сити
4168782	ru	Плантация
4169014	ru	Помпано-Бич
4169014	tr	Pompano Beach
4169060	ru	Понте-Ведра-Бич
4169130	ru	Порт-Шарлотт
4169176	ru	Порт-Салерно
4169345	ru	Принстон
4169378	ru	Прогресс-Вилидж
4169452	ru	Панта Горда
4169510	ru	Куинси
4170000	ru	Ричмонд-Хайтс
4170005	ru	Ричмонд-Уэст
4170156	ru	Ривервью
4170358	ru	Рокледж
4170688	ru	Раскин
4170894	ru	Сент-Огастин
4171522	tr	St. Pete Beach
4172052	ru	Санибел
4172131	ru	Сарасота
4172150	ru	Сарасота-Спрингс
4172173	az	Satellit Biç
4172173	ru	Сателлит-Бич
4172173	tr	Satellite Beach
4172372	ru	Себашчан
4172383	ru	Сибринг
4172413	ru	Сеффнер
4172434	az	Seminol
4172434	ru	Семинол
4172434	tr	Seminole
4172602	ru	Шеди-Хиллс
4173007	ru	Силвер-Спрингс-Шорс
4173124	ru	Скай-Лейк
4173392	ru	Саут-Брейдентон
4173394	ru	Саут-Апопка
4173431	ru	Саут-Дейтона
4173431	tr	South Daytona
4173495	tr	South Miami
4173524	ru	Южная Пасадена
4173528	ru	Саут-Патрик-Шорс
4173600	ru	Саутчейз
4173634	ru	Саутгейт
4173717	ru	Саутвест Ранчиз
4173838	ru	Спринг-Хилл
4173892	ru	Спрингфилд
4173999	ru	Старк
4174317	ru	Грейтер-Сан-Сентер
4174383	ru	Санни-Айлс-Бич
4174425	ru	Сансет
4174715	az	Tallahassi
4174715	ru	Таллахасси
4174715	tr	Tallahassee
4174738	ru	Тамарак
4174744	ru	Тамайами
4174757	ru	Тампа
4174855	ru	Тарпон-Спрингс
4174855	tr	Tarpon Springs
4174861	ru	Таверис
4174969	tr	Temple Terrace
4175091	ru	Те-Кроссингс
4175117	ru	Те-Хаммокс
4175179	ru	Те-Виллиджис
4175296	ru	Три-Лейкс
4175391	ru	Тимбер-Пайнс
4175437	ru	Титусвилль
4175538	ru	Таун-н-Кантри
4175626	tr	Treasure Island
4176217	ru	Юниверсити-Парк
4176316	ru	Вальпараисо
4176318	ru	Валрико
4176380	ru	Венеция
4176387	ru	Венайс-Гарденс
4176409	ru	Виро Бич
4177308	ru	Уонета
4177617	ru	Уэджефилд
4177671	ru	Уикива-Спрингс
4177703	ru	Веллингтон
4177727	ru	Уэсли-Чепел
4177779	ru	Уэстчейз
4177865	ru	Уэст-Литтл-Ривер
4177872	ru	Уэст-Мелборн
4177887	ru	Уэст-Палм-Бич
4177917	ru	Уэст-Перрин
4177930	ru	Уэст-Самосет
4177960	ru	Уэст-энд-Ист-Лилман
4177965	ru	Вестчестер
4178003	ru	Уэстон
4178032	ru	Уэствью
4178053	ru	Уэствуд-Лейкс
4178397	ru	Уильямсберг
4178449	ru	Уиллоу-Ок
4178485	ru	Вилтон Манорс
4178550	ru	Уинтер-Гарден
4178550	tr	Winter Garden
4178560	az	Vinter-Park
4178560	ru	Уинтер-Парк
4178560	tr	Winter Park
4178573	ru	Винтер Спрингс
4178775	ru	Райт
4179074	ru	Акворт
4179320	ru	Олбани
4179574	ru	Альфаретта
4179667	ru	Америкус
4180386	ru	Атенс
4180439	az	Atlanta
4180439	ru	Атланта
4180439	tr	Atlanta
4180531	ru	Огаста
4180564	ru	Остел
4180775	ru	Бейнбридж
4181110	ru	Барнсвил
4181936	ru	Белведир Парк
4184165	ru	Браселтон
4184222	ru	Бримен
4184845	ru	Брауншвейг
4185632	ru	Кейро
4185657	ru	Калхун
4185863	ru	Камила
418606	ru	Наджафабад
4186416	ru	Каролтон
4186531	ru	Картерсвил
4187204	ru	Шамбли
4188233	ru	Кларкстон
418863	az	İsfahan
418863	ru	Исфахан
418863	tr	İsfahan
4188815	ru	Колледж Парк
4188985	ru	Колумбус
4189785	ru	Кавингтон
4190434	ru	Куссета
4190542	ru	Далонега
4190581	ru	Далтон
4190598	ru	Даллас
4191124	ru	Декейтер
4191768	ru	Доравил
4191916	ru	Даглас
4191955	ru	Дагласвил
4192205	ru	Дублин
4192289	ru	Дулут
4192375	ru	Данвуди
4192754	ru	Истман
4192800	ru	Итонтон
4193699	ru	Еванс
4194121	ru	Ферберн
4195600	ru	Фолкстон
4195701	ru	Форист Парк
4195869	ru	Форт Вали
4196586	ru	Гейнсвилл
4196688	ru	Гарден Сити
4198322	ru	Гриффин
4198514	ru	Гроувтаун
4198972	ru	Хэмптон
4199694	ru	Хокинсвил
4202260	ru	Айрондейл
4202672	ru	Джефферсон
4203696	ru	Кеннесо
4204007	ru	Кингсланд
4205724	ru	Лилберн
4205885	ru	Лития-Спрингс
4206502	ru	Локуст Гроув
4206547	ru	Логанвил
4207400	ru	Макон
4207783	ru	Мариетта
4207981	ru	Мартинес
4209884	ru	Монро
4210254	ru	Мороу
4210397	ru	Молтри
4212684	ru	Ньюнан
4212888	ru	Норкрос
4214693	ru	Пантерсвил
4215391	ru	Перри
4217214	ru	Паудер Спрингс
4218165	ru	Редан
421930	ru	Вянда
4219762	ru	Ром
4221206	ru	Сандерсвил
4221333	ru	Санди-Спрингс
4221552	ru	Саванна
4221732	ru	Скоттдейл
422232	az	Makamba
422232	ru	Макамба
422232	tr	Makamba
4223379	ru	Смирна
4223413	ru	Снелвил
4226348	ru	Томасвил
4226364	ru	Томастон
4226435	ru	Томсон
4226552	ru	Тифтон
4226722	ru	Токоа
4227213	ru	Такер
4227213	tr	Tucker
4227777	ru	Юнион-Сити
4228147	ru	Валдоста
4228452	ru	Вила Рика
4228518	ru	Винингс
4229476	ru	Уорнер-Робинс
4231874	ru	Вудсток
4232679	ru	Олтон
423328	az	Bururi
423328	ru	Бурури
423328	tr	Bururi
4233586	ru	Бентон
4233662	ru	Беталто
4233813	ru	Беллвилл
4235193	ru	Карбондейл
4235193	tr	Carbondale
4235211	ru	Карлинвил
4235311	ru	Картервил
423549	az	Rumonge
423549	ru	Румонже
423549	tr	Rumonge
4235587	ru	Сентрейлия
4235587	tr	Centralia
4235600	ru	Сентервил
4235668	ru	Чарлстон
4235724	ru	Честер
4236191	ru	Коллинсвиль
4236206	ru	Колумбия
4236206	tr	Columbia
4236895	ru	Декейтер
4237473	ru	Ист Олтон
4237717	ru	Едвардсвил
4237727	ru	Ефингхам
4238081	ru	Феърфилд
4239465	ru	Глен Карбон
4239714	ru	Гранит Сити
4239867	ru	Гринвилл
4240284	ru	Гаррисберг
4240540	az	Herrin
4240540	ru	Херин
4240540	tr	Herrin
4240782	ru	Хиллсборо
4241704	ru	Джексонвилл
4243131	ru	Личфилд
4243899	ru	Мэрион
4244031	ru	Маскута
4244099	tr	Mattoon
4244462	ru	Метрополис
4244967	ru	Кармель
4245152	ru	Маунт Вернон
4245336	ru	Мерфисборо
4245926	ru	О’Фаллон
4245926	tr	O'Fallon
4246382	ru	Олни
4246595	ru	Пейна
4246659	ru	Париж
4246983	ru	Пинкнивил
4247703	ru	Куинси
4248256	ru	Робинсон
4249286	ru	Сейлем
4250542	az	Sprinqfild
4250542	ru	Спрингфилд
4250542	tr	Springfield
4250608	ru	Стонтон
4251513	ru	Троя
4252548	ru	Ватерло
4252812	tr	West Frankfort
425336	az	İsale
425336	ru	Исале
425336	tr	İsale
4253387	ru	Вуд Ривер
425378	az	Bujumbura
425378	ru	Бужумбура
425378	tr	Bujumbura
4254185	ru	Бейтсвилл
4254282	ru	Бедфорд
4254304	ru	Бич Гроув
4254304	tr	Beech Grove
4254679	ru	Блумингтон
4254884	ru	Бразил
4254944	ru	Брайт
4255466	ru	Кармель
4255704	ru	Чарлстаун
4255704	tr	Charlestown
4255836	ru	Кларксвил
4256038	ru	Колумбус
4256085	ru	Конерсвил
4256384	ru	Камберленд
4256447	ru	Данвил
4257227	ru	Эвансвилл
4257494	ru	Фишерс
4257494	tr	Fishers
4258285	ru	Гринфилд
4258302	ru	Гринсбург
4259418	az	İndianapolis
4259418	ru	Индианаполис
4259418	tr	Indianapolis
4260210	ru	Лоуренс
4260853	ru	Мадисон
4261032	ru	Мартинсвилл
4261837	ru	Маунт Вернон
4262045	ru	Нью-Албани
4262318	ru	Норт-Вернон
4262406	ru	Оук-Парк
426272	ru	Гитеге
4263108	ru	Плейнфилд
4263396	ru	Принстон
4263681	ru	Ричмонд
4263965	ru	Рашвил
4264334	ru	Сейлем
4264617	ru	Сеймур
4264617	tr	Seymour
4264688	ru	Шелбивил
4265717	ru	Телл-Сити
4265737	ru	Терре-Хот
4266307	ru	Винсенс
4266586	ru	Вашингтон
426700	az	Ruyigi
426700	ru	Руйиги
426700	tr	Ruyigi
4267354	ru	Абилин
4267594	ru	Андовер
4267661	ru	Арканзас-Сити
4267661	tr	Arkansas City
4267733	az	Atçison
4267733	ru	Ачисон
4267773	ru	Огаста
4267773	tr	Augusta
4268521	ru	Бонер Спрингс
4268521	tr	Bonner Springs
4269392	ru	Чанат
4269392	tr	Chanute
4269789	ru	Коффивилл
4269789	tr	Coffeyville
4270269	ru	Де Сото
4270356	ru	Дерби
4271086	ru	Емпория
4271196	ru	Юдора
4271690	ru	Форт Скот
4271935	ru	Гарднер
4271935	tr	Gardner
4272782	ru	Хейс
4272788	ru	Хайсвиле
4272788	tr	Haysville
4273299	ru	Хатчинсон
4273359	ru	Индепенденс
4273837	ru	Канзас-Сити
4274236	ru	Лансинг
4274236	tr	Lansing
4274277	ru	Лоуренс
4274305	ru	Ливенворс
4274994	ru	Манхэттен
4275261	ru	Макферсон
4275393	ru	Мериам
4275393	tr	Merriam
4275600	ru	Миссия
4275600	tr	Mission
4276017	ru	Мулвейн
4276248	ru	Ньютон
4276614	ru	Олейт
4276816	ru	Отава
4276873	ru	Оверленд-Парк
4276956	ru	Паола
4276974	ru	Парк Сити
4276974	tr	Park City
427701	az	Cankuzo
427701	ru	Канкузо
427701	tr	Cankuzo
4277011	ru	Парсонс
4277011	tr	Parsons
4277241	ru	Питсбург
4277241	tr	Pittsburg
4277718	tr	Prairie Village
4277752	ru	Прат
4278272	ru	Роланд Парк
4278890	ru	Салина
4279247	ru	Шони
4279847	ru	Спринг-Хилл
4279847	tr	Spring Hill
4280539	az	Topeka
4280539	ru	Топика
4280539	tr	Topeka
4280910	ru	Вали Сентер
4280910	tr	Valley Center
4281386	ru	Веллингтон
4281730	az	Viçita
4281730	ru	Уичито
4281897	ru	Винфилд
4282342	ru	Александрия
4282342	tr	Alexandria
4283845	tr	Bellevue
4283974	ru	Береа
4283974	tr	Berea
428515	az	Bubanza
428515	ru	Бубанза
428515	tr	Bubanza
4285268	ru	Боулинг-Грин
4286281	ru	Берлингтон
4287450	tr	Central City
4288656	ru	Корбин
4288656	tr	Corbin
4288809	ru	Ковингтон
4289629	ru	Дейтон
4289629	tr	Dayton
4290181	tr	Douglas Hills
4290988	ru	Элизабеттаун
4291255	ru	Эрлангер
4291255	tr	Erlanger
4291884	tr	Flatwoods
4291945	ru	Флоренция
4292071	ru	Форт Томас
4292071	tr	Fort Thomas
4292072	tr	Fort Wright
4292182	ru	Франсисвил
4292188	az	Frankfort
4292188	ru	Франкфурт
4292188	tr	Frankfort
4292193	ru	Франклин
4292826	ru	Глазгоу
4294349	ru	Хазард
4294425	ru	Хеброн
4294494	ru	Хендерсон
4294788	tr	Highland Heights
4294858	ru	Хиллвью
4294858	tr	Hillview
4295251	ru	Хопкинсвилле
4296218	ru	Джэфферстоун
4297653	ru	Лебанон
4297983	az	Leksinqton
4297983	ru	Лексингтон
4299276	az	Luisvill
4299276	ru	Луисвилл
4299276	tr	Louisville
4299562	ru	Линдон
4300105	ru	Мэйфилд
430021	az	Cibitoke
430021	ru	Сибиток
430021	tr	Cibitoke
4300717	tr	Middlesboro
4300725	tr	Middletown
4301307	ru	Морхид
4301732	tr	Mount Washington
4302035	ru	Мюррей
4302529	ru	Ньюпорт
4302910	ru	Оукбрук
4303012	ru	Околона
4303436	ru	Овенсборо
4303602	ru	Париж
4304232	ru	Пайквилл
4305266	ru	Принстон
4305504	ru	Радклиф
430569	az	Ngozi
430569	ru	Нгози
430569	tr	Ngozi
4305974	ru	Ричмонд
4307025	ru	Расселлвилл
4308225	ru	Шивели
4308225	tr	Shively
4308922	ru	Сомерсет
430952	az	Kayanza
430952	ru	Каянза
430952	tr	Kayanza
4311646	az	Yunion
4311646	ru	Энион
4311646	tr	Union
4312057	ru	Версаль
4312088	tr	Villa Hills
4312096	tr	Vine Grove
4313563	ru	Уиллиамсбург
4313628	ru	Уилмор
4314295	ru	Аббевилл
4314550	ru	Александрия
4315535	ru	Бастроп
4315588	az	Baton Ruj
4315588	ru	Батон-Руж
4315588	tr	Baton Rouge
4316329	ru	Белль-Шасс
4317412	ru	Богалуса
431748	az	Muyinga
431748	ru	Муйинга
431748	tr	Muyinga
4317801	ru	Бро-Бридж
4317801	tr	Breaux Bridge
4317985	tr	Broussard
4319030	ru	Каренкро
4319030	tr	Carencro
4321005	ru	Кавингтон
4321781	ru	Дериддер
4321988	ru	Денхам-Спрингс
4321988	tr	Denham Springs
4322811	ru	Доналдсонвил
4323900	tr	Eunice
432456	az	Kirundo
432456	ru	Кирундо
432456	tr	Kirundo
4325150	ru	Франклин
4325889	ru	Гонзалес
4326074	ru	Грамблинг
4326575	ru	Гретна
4326868	ru	Хаммонд
4326868	tr	Hammond
4326916	tr	Harahan
4327047	ru	Харви
4328010	ru	Хоума
4328973	ru	Джефферсон
4329753	ru	Кеннер
4330145	ru	Лафайет
4330236	ru	Лейк-Чарльз
4330525	ru	Лаплас
4330740	ru	Лисвил
4332455	ru	Мандервил
4332604	ru	Марксвил
4332628	ru	Марреро
4333161	ru	Мерйдале
4333177	ru	Метари
4333533	ru	Минден
4333669	ru	Монро
4333811	ru	Морган-Сити
4333811	tr	Morgan City
4335045	az	Nyu-Orlean
4335045	ru	Новый Орлеан
4335796	tr	Oakdale
4335963	ru	Олд-Джефферсон
433635	az	Rutana
433635	ru	Рутана
433635	tr	Rutana
4337775	ru	Пончатула
4337775	tr	Ponchatoula
4338406	tr	Rayne
4339348	ru	Растон
4341007	ru	Шривер
4341033	tr	Scott
4341378	ru	Шенандоа
4341513	ru	Шревепорт
4341727	ru	Слайдел
4341727	tr	Slidell
4342429	ru	Спрингхил
4343103	ru	Талула
4343429	ru	Тибодо
4345968	tr	Westwego
4346788	ru	Закари
4346788	tr	Zachary
4346810	tr	Youngsville
4346913	ru	Абердин
4346913	tr	Abardeen
4347242	az	Annapolis
4347242	ru	Аннаполис
4347242	tr	Annapolis
4347371	ru	Арбютус
4347426	ru	Арнольд
4347778	az	Baltimor
4347778	ru	Балтимор
4347778	tr	Baltimore
4347800	ru	Балтимор-Гайлендс
4348460	ru	Берлин
4348599	az	Betesda
4348599	ru	Бетесда
4348599	tr	Bethesda
4348888	ru	Бладенсбург
4349159	ru	Боуи
4349159	tr	Bowie
4349599	ru	Бруклин Парк
4349706	ru	Брауншвейг
4349706	tr	Brusnwick
4349727	ru	Брайанс Роуд
4350175	ru	Кембридж
4350413	ru	Карни
4350635	ru	Кейтонсвилл
4351335	ru	Чеви Чэйс
4351871	ru	Клинтон
4351977	ru	Колледж Парк
4352053	ru	Колумбия
4352539	ru	Крофтона
4352681	ru	Камберленд
4353463	ru	Дистрикт Хэйтс
4353463	tr	District Heights
4353765	ru	Дандолк
4353962	ru	Истон
4354087	ru	Эджвуд
4354234	ru	Элктон
4354428	ru	Эссекс
4354821	ru	Ферндейл
4355585	ru	Фредерик
4355756	tr	Frostburg
4355843	ru	Гейтерсберг
4356050	ru	Джермантаун
4356050	tr	Germantown
4356242	tr	Glenarden
4356280	ru	Гленмонт
4356847	ru	Гринбелте
4357141	ru	Хейгерстаун
4357279	ru	Хэмпстед
4357289	ru	Хэмптон
4357617	ru	Хавр-де-Грейс
4357617	tr	Havre de Grace
4358066	ru	Хилландэйл
4358082	ru	Хиллкрэст Хэйтс
4358821	ru	Хайатсвилл
4358821	tr	Hyattsville
4359858	ru	Кеттеринг
4360103	ru	Ла-Плата
4360287	ru	Лендовер
4360321	ru	Лэнхем
4360328	ru	Лансдаун
4360592	ru	Лексингтон Парк
4360713	ru	Линтикам
4361379	ru	Лютервилл
4361547	ru	Манчестер
4361725	ru	Марлтон
4362743	ru	Монтгомери-Виллидж
4363124	ru	Маунт Рейнэр
4363124	tr	Mount Rainier
4363611	ru	Нью Карролтон
4363611	tr	New Carrollton
4363843	ru	Норт Бетесда
4364312	ru	Ошен Сити
4364537	az	Olney
4364537	ru	Олни
4364727	ru	Овингс Миллс
4364759	ru	Оксон-Хилл
4364990	ru	Пасадена
436507	ru	Махмутлар
4365387	ru	Пайксвилль
4365877	ru	Пулсвил
4366001	ru	Потомак
4366001	tr	Potomac
4366476	ru	Рандалстаун
4366919	ru	Ривэдейл Парк
4366929	ru	Риверсайд
4367175	ru	Роквилл
4368711	ru	Солсбери
4369190	ru	Северн
4369286	ru	Шейди Сайд
4369571	ru	Силбер Хил
4369596	ru	Силвер-Спринг
4370366	ru	Стивенсвилл
4370616	ru	Сатленд
4370890	ru	Такома-Парк
4370890	tr	Takoma Park
4371582	ru	Таусон
4371635	ru	Травилах
4372201	ru	Урбана
4375087	ru	Арнольд
4375087	tr	Arnold
4375349	ru	Аврора
4375349	tr	Aurora
4375663	tr	Ballwin
4376444	tr	Bellefontaine Neighbors
4376482	ru	Белтон
4376623	ru	Беркли
4377664	ru	Блу Спрингс
4377913	tr	Bonne Terre
4378070	ru	Боулинг-Грин
4378312	ru	Брентвуд
4378312	tr	Brentwood
4378391	ru	Бриджтон
4379644	ru	Камерон
4379644	tr	Cameron
4379966	ru	Кейп Джирардо
438056	ru	Кастал
438056	tr	Kastal
4380997	ru	Чарлстон
438119	ru	Дурсунлу
438119	tr	Dursunlu
4381643	ru	Клинтон
4381982	ru	Колумбия
4382833	tr	Crestwood
4383857	tr	Dexter
438400	tr	Denizciler
4385494	tr	Ellisville
4385835	ru	Эврика
4385966	tr	Excelsior Springs
4386289	ru	Фармингтон
4386387	ru	Фергюсон
4386387	tr	Ferguson
4386419	tr	Festus
4386802	ru	Флориссент
4386802	tr	Florissant
4387496	ru	Фултон
4387990	ru	Гладстон
4388036	ru	Глендейл
4388460	tr	Grandview
4389418	ru	Ганнибал
4389967	tr	Hazelwood
4391812	az	İndependens
4391812	ru	Индепенденс
4391812	tr	Independence
4392163	ru	Джексон
4392388	az	Jefferson City
4392388	ru	Джефферсон-Сити
4392388	tr	Jefferson City
4392445	ru	Джэннингс
4392445	tr	Jennings
4392768	ru	Джоплин
4392768	tr	Joplin
4393217	az	Kanzas Siti
4393217	ru	Канзас-Сити
4393217	tr	Kansas City
4393269	ru	Керни
4393269	tr	Kearney
4393739	ru	Кирквуда
4393739	tr	Kirkwood
4396767	ru	Макон
4396915	ru	Манчестер
4397211	ru	Маршалл
4397340	ru	Мэрилэнд Хэйтс
4397962	ru	Мехлвиле
4398730	ru	Моберли
4398730	tr	Moberly
4400203	ru	Невада
4400648	ru	Никса
4400648	tr	Nixa
4401659	ru	Одесса
4402178	tr	Overland
4402245	ru	Озарк
4402300	ru	Пасифик
4403102	ru	Пэвели
4405180	tr	Raymore
4405434	ru	Репаблик
4405434	tr	Republic
4405588	ru	Ричмонд
4406282	ru	Ролла
4406783	ru	Сент-Энн
4406831	ru	Сент-Чарльз
4407010	ru	Сент-Джозеф
4407066	az	Sent-Luis
4407066	ru	Сент-Луис
4407237	ru	Сейнт Питерс
4407617	ru	Сапингтон
4407665	ru	Саванна
4408000	ru	Седалиа
4408611	ru	Шрусбери
4408672	ru	Сайкстон
4408672	tr	Sikeston
4409199	tr	Smithville
4409896	ru	Спрингфилд
4410669	ru	Салливан
4410836	tr	Sunset Hills
4412089	ru	Троя
4413595	ru	Уорренсберг
4413621	ru	Вашингтон
4413621	tr	Washington
4413802	ru	Вэйнесвилл
4413842	tr	Webb City
4413872	ru	Уэбстер-Гровс
4413872	tr	Webster Groves
4414001	tr	Wentzville
4414200	ru	Вэст Плэйнс
4415813	ru	Абердин
4416192	tr	Amory
4417130	ru	Бейтсвилл
4417130	tr	Batesville
4418478	ru	Билокси
4419290	ru	Брэндон
4419500	ru	Брукхэвен
4421935	ru	Кларксдэйл
4422106	ru	Кливленд
4422106	tr	Cleveland
4422133	ru	Клинтон
4422133	tr	Clinton
4422442	ru	Колумбус
4422457	ru	Колумбия
442301	tr	Batıkent
442578	ru	Карадепе
4427569	ru	Готье
4428475	ru	Гринвилл
4428539	ru	Гренада
4428667	ru	Галфпорта
4429589	ru	Хернандо
4430400	tr	Horn Lake
443093	ru	Кацрин
443093	tr	Katzrin
4430981	ru	Индианола
4431410	az	Jackson
4431410	ru	Джексон
4431410	tr	Jackson
4432542	ru	Коскьюско
4433039	ru	Лорел
4433039	tr	Laurel
4434069	ru	Лонг-Бич
4434069	tr	Long Beach
4434283	ru	Луисвил
4434663	ru	Мадисон
4434663	tr	Madison
4435764	ru	Меридиан
4436743	tr	Moss Point
4437982	ru	Натчез
4438121	ru	Нью-Албани
4440076	ru	Оксфорд
4440397	ru	Паскагула
4440559	ru	Перл
4440837	tr	Petal
4440906	ru	Филадельфия
4440975	ru	Пикаюн
4440975	tr	Picayune
4442067	ru	Понтоток
4443249	ru	Ричленд
4443296	ru	Риджланд
4445447	ru	Сенатобиа
4447161	ru	Старквил
4448903	ru	Тупело
4449620	ru	Виксберг
4450411	tr	Waveland
4450695	ru	Вест Хатисберг
4450753	ru	Вест Пойнт
4452137	ru	Абердин
4452303	ru	Албемарл
4452808	ru	Апекс
4453035	ru	Ашборо
4453066	ru	Эшвилл
4454860	ru	Белмонт
4454860	tr	Belmont
4455080	ru	Бесемер Сити
4457040	ru	Бревард
4458228	ru	Берлингтон
4458228	tr	Burlington
4459343	ru	Карборо
4459467	ru	Кэри
4460243	az	Şarlott
4460243	ru	Шарлотт
4460465	ru	Черивил
4461101	ru	Клинтон
4461574	ru	Конкорд
4461696	ru	Коновер
4461941	ru	Корнелиус
4464326	ru	Данн
4464326	tr	Dunn
4464368	ru	Дарем
4464873	ru	Иден
4465088	ru	Илизабет Сити
4466033	ru	Фейетвилл
4466720	ru	Форист Сити
4467485	ru	Фьюквей-Варина
4467657	ru	Гарнер
4467732	ru	Гастония
4468261	ru	Голдсборо
4468525	ru	Грейам
4469146	az	Qrinsboro
4469146	ru	Гринсборо
4469160	ru	Гринвилл
4470109	ru	Гаррисберг
4470244	tr	Havelock
4470566	ru	Хендерсон
4470592	ru	Хендерсонвил
4470778	ru	Хикори
4471025	ru	Хай-Пойнт
4471641	ru	Холи Спрингс
4471851	ru	Хоуп Милс
4472370	ru	Хантерсвил
447273	ru	Даламан
4473083	ru	Джексонвилл
4474040	ru	Каннаполис
4474040	tr	Kannapolis
4474221	ru	Кернерсвил
4474316	ru	Кинг
4474382	ru	Кингс Грант
4474388	ru	Кингс Маунтин
4474388	tr	Kings Mountain
4474436	ru	Кинстон
4475347	ru	Лоринберг
4475640	ru	Ленор
4475773	ru	Лексингтон
4475995	ru	Линколнтон
4476919	ru	Лонг-Бич
4477525	ru	Ламбертон
4478003	ru	Мэрион
4478877	tr	Mebane
4479891	ru	Моксвил
4479946	ru	Монро
4480125	ru	Мурсвил
4480219	ru	Моргантон
4480285	ru	Морисвил
4480378	ru	Маунт-Эри
4480378	tr	Mount Airy
4480560	ru	Маунт Холи
4480560	tr	Mount Holly
448149	az	Sincar
448149	ru	Синджар
448149	tr	Sincar
4481519	ru	Нашвилл
4481682	ru	Нью-Берн
4482101	ru	Ньютон
4483174	ru	Огден
4483745	ru	Оксфорд
4487042	az	Roli
4487042	ru	Роли
4487042	tr	Raleigh
4487682	ru	Ридсвил
4488232	tr	Roanoke Rapids
4488762	ru	Роки-Маунт
4489200	ru	Роксборо
4489985	ru	Солсбери
4490329	ru	Сэнфорд
4490778	ru	Сельма
4491180	ru	Шелби
4492168	ru	Смитфилд
4493316	ru	Стейтсвилл
4494513	ru	Тарборо
4494942	ru	Томасвилл
4494942	tr	Thomasville
449504	az	İslamşəhr
449504	ru	Исламшехр
4497666	ru	Вашингтон
4498084	ru	Вендл
4499379	ru	Уилмингтон
4499389	ru	Уилсон
4499612	ru	Винстон-Салем
4500546	ru	Атлантик-Сити
4500572	ru	Одюбон
4500771	ru	Берлин
4501018	ru	Камден
4501057	ru	Кейп-Мэй Корт Хаус
4502093	ru	Хаддон Хэйтс
4502911	tr	Marlton
4503665	ru	Помона
4503953	ru	Раннэмид
4504180	ru	Самердэйл
4504186	ru	Сомэрс Пойнт
4504336	ru	Стратфорд
4504598	ru	Вентнор Сити
4504621	ru	Вайнланд
4504856	ru	Вайлдвуд
4504871	ru	Виллиамстаун
4504915	ru	Вудбари
4505542	ru	Афины
4506031	ru	Бекетт-Ридж
4506487	ru	Бексли
4506487	tr	Bexley
4507188	ru	Бруквилл
4507188	tr	Brookville
4507883	ru	Канал-Уинчестер
4507883	tr	Canal Winchester
4508465	tr	Cheviot
4508722	az	Sinsinnati
4508722	ru	Цинциннати
4508722	tr	Cincinnati
4508885	tr	Clayton
4509177	az	Kolumbus
4509177	ru	Колумбус
4509177	tr	Columbus
4509884	ru	Дейтон
4509986	tr	Deer Park
4510719	ru	Итон
4511283	ru	Феърфилд
4512083	ru	Форествил
4512203	ru	Франклин
4512203	tr	Franklin
4512620	ru	Джермантаун
4512620	tr	Germantown
4512940	ru	Гошен
4513057	tr	Grandview Heights
4513409	ru	Гроув Сити
4513425	ru	Гровпорт
4513575	ru	Гамильтон
4513805	ru	Харрисон
4514282	ru	Хиллсборо
4514746	tr	Huber Heights
4515247	ru	Иронтон
4515318	ru	Джексон
4515843	ru	Кеттеринг
4516233	ru	Ланкастер
4516248	ru	Ланден
4516412	ru	Лебанон
4516989	ru	Логан
4517009	ru	Ландон
4517140	ru	Ловленд
4517140	tr	Loveland
4517323	ru	Мак
4517353	ru	Мадейра
4517353	tr	Madeira
4517586	ru	Мариетта
4517698	ru	Мейсон
4517698	tr	Mason
4518188	ru	Майамисбург
4518264	ru	Мидлтаун
4518307	ru	Милфорд
4518307	tr	Milford
4518550	ru	Монро
4518550	tr	Monroe
4518596	ru	Монфорт-Гайтс
4518597	ru	Монтгомери
4518661	ru	Морайн
4519445	ru	Нельсонвилл
4519445	tr	Nelsonville
4519497	ru	Нью-Карлайл
4519853	ru	Норс Колледж Хилл
4519853	tr	North College Hill
4519938	ru	Нортгейт
4520163	tr	Oakwood
4520760	az	Oksford
4520760	ru	Оксфорд
4520760	tr	Oxford
4520905	ru	Патаскала
4521209	ru	Пикерингтон
4521816	ru	Портсмут
4522228	ru	Рединг
4522411	ru	Рэйнолдсбург
4522586	ru	Риверсайд
4522586	tr	Riverside
4525310	ru	Спрингдэйл
4525310	tr	Springdale
4525353	ru	Спрингфилд
4526469	ru	Трентон
4526469	tr	Trenton
4526576	ru	Тротвуд
4526790	ru	Юнион
4526790	tr	Union
4527124	ru	Вандалиа
4528291	tr	Whitehall
4528463	ru	Уилмингтон
4528793	ru	Вайоминг
4528793	tr	Wyoming
4528810	ru	Ксения
4528923	ru	Зэйнсвилл
4529096	ru	Ада
4529292	ru	Алтус
4529308	ru	Алва
4529353	ru	Анадарко
4529469	ru	Ардмор
452949	ru	Удомля
4529987	ru	Бартлсвилл
4531405	ru	Брокен-Эрроу
4533029	ru	Чикаша
4533580	ru	Клэрмор
4533738	ru	Клинтон
4533738	tr	Clinton
4533909	ru	Коллинсвиль
4533909	tr	Collinsville
4534659	ru	Кушинг
4534934	tr	Del City
4535389	ru	Дункан
4535740	ru	Эдмон
4535961	ru	Энид
453754	az	Valmiera
453754	ru	Валмиера
4537641	tr	Glenpool
4538126	ru	Гроув
4539145	ru	Хуго
4539224	ru	Идабэл
4539615	ru	Дженкс
4540737	ru	Лоутон
4542692	ru	Майами
4542765	ru	Мидуэст-Сити
4542975	ru	Мур
454310	az	Ventspils
454310	ru	Вентспил
454310	tr	Ventspils
4543338	ru	Маскоги
4543352	tr	Mustang
4543733	tr	Noble
4543762	ru	Норман
4544349	az	Oklahoma Siti
4544349	ru	Оклахома Сити
4544349	tr	Oklahoma City
454530	az	Varaklani
454530	ru	Варакляны
454530	tr	Varaklani
454572	az	Valka
454572	ru	Валка
454572	tr	Valka
454714	az	Ulbroka
454714	ru	Улброка
454714	tr	Ulbroka
454768	az	Tukums
454768	ru	Тукумс
454768	tr	Tukums
4547861	ru	Перри
4548267	ru	Понка Сити
4548363	ru	Пото
454970	az	Talsi
454970	ru	Талси
454970	tr	Talsi
4550374	ru	Соллисау
4551042	ru	Семинол
4551177	ru	Шони
4553433	ru	Талса
455406	az	Smiltene
455406	ru	Смилтене
455406	tr	Smiltene
4554496	ru	Винита
4554687	ru	Уорр-Эйкерс
4554687	tr	Warr Acres
4556165	ru	Юкон
4557137	ru	Честер
455718	az	Sigulda
455718	ru	Сигулда
455718	tr	Sigulda
4557247	ru	Котсвилл
4557247	tr	Coatesville
4557485	ru	Дарби
4557606	ru	Дрексел-Хилл
4557606	tr	Drexel Hill
4557717	ru	Восточный-Йорк
4557717	tr	East York
4558002	ru	Фолсом
4558004	ru	Флокрофт
455812	az	Saulkrasti
455812	ru	Саулкрасти
455812	tr	Saulkrasti
4558183	ru	Геттисберг
4558475	ru	Хановер
4558523	ru	Хейвертаун
455890	az	Saldus
455890	ru	Салдус
455890	tr	Saldus
4558950	ru	Кенсингтон
4558950	tr	Kensington
455898	az	Salaspils
455898	ru	Саласпилс
455898	tr	Salaspils
4559077	ru	Лансдаун
4560185	ru	Оксфорд
4560291	tr	Penn Wynne
4560349	az	Filadelfiya
4560349	ru	Филадельфия
4560349	tr	Philadelphia
4561215	ru	Шило
4561407	ru	Спрингфилд
4561628	ru	Свортмор
456172	az	Riqa
456172	ru	Рига
456172	tr	Riga
456202	az	Rezekne
456202	ru	Резекне
456202	tr	Rezekne
4562088	tr	Weigelstown
4562144	ru	Вест Честер
4562407	ru	Йорк
4562485	az	Adjuntas
4562485	ru	Адхунтас
4562485	tr	Adjuntas
4562502	az	Aguada
4562502	ru	Агуада
4562502	tr	Aguada
4562506	az	Aguadilla
4562506	ru	Агуадилья
4562506	tr	Aguadilla
4562513	az	Aguas Buenas
4562513	ru	Агуас-Буэнас
4562513	tr	Aguas Buenas
4562529	az	Aibonito
4562529	ru	Айбонито
4562529	tr	Aibonito
4562600	az	Anasco
4562600	ru	Ананско
4562600	tr	Anasco
4562635	az	Arecibo
4562635	ru	Арресибо
4562635	tr	Arecibo
4562681	az	Arroyo
4562681	ru	Арройо
4562681	tr	Arroyo
4562768	az	Barceloneta
4562768	ru	Барселонета
4562768	tr	Barceloneta
4562778	az	Barranquitas
4562778	ru	Барранкитас
4562778	tr	Barranquitas
4562831	az	Bayamon
4562831	ru	Баямон
4562831	tr	Bayamon
4562996	az	Cabo Rojo
4562996	ru	Кабо-Рохо
4562996	tr	Cabo Rojo
4563008	az	Caguas
4563008	ru	Кагуас
4563008	tr	Caguas
4563064	az	Camuy
4563064	ru	Камуй
4563064	tr	Camuy
4563168	az	Canovanas
4563168	ru	Канованнас
4563168	tr	Canovanas
4563243	az	Karolina
4563243	ru	Каролина
4563243	tr	Carolina
4563298	az	Katano
4563298	ru	Катано
4563298	tr	Catano
4563308	az	Kayey
4563308	ru	Каей
4563308	tr	Cayey
4563378	az	Seiba
4563378	ru	Сейба
4563378	tr	Ceiba
4563773	az	Siales
4563773	ru	Сиалес
4563773	tr	Ciales
4563777	az	Sidra
4563777	ru	Сидра
4563777	tr	Cidra
4563811	az	Koamo
4563811	ru	Коамо
4563811	tr	Coamo
4563919	az	Komerio
4563919	ru	Комерио
4563919	tr	Comerio
4564003	az	Korozal
4564003	ru	Коросаль
4564003	tr	Corozal
4564070	az	Kulebra
4564070	ru	Кулебра
4564070	tr	Culebra
4564133	az	Dorado
4564133	ru	Дорадо
4564133	tr	Dorado
4564946	az	Fajardo
4564946	ru	Фахардо
4564946	tr	Fajardo
4564991	az	Florida
4564991	ru	Флорида
4564991	tr	Florida
4565090	az	Guanika
4565090	ru	Гуаника
4565090	tr	Guanica
4565105	az	Quayama
4565105	ru	Гуаяма
4565105	tr	Guayama
4565111	az	Guayanilla
4565111	ru	Гуаянилья
4565111	tr	Guayanilla
4565119	az	Guaynabo
4565119	ru	Гуайнабо
4565119	tr	Guaynabo
4565125	az	Gurabo
4565125	ru	Гурабо
4565125	tr	Gurabo
456530	az	Preili
456530	ru	Прейли
456530	tr	Preili
4565346	az	Hatillo
4565346	ru	Атилло
4565346	tr	Hatillo
4565380	az	Hormigueros
4565380	ru	Ормигеро
4565380	tr	Hormigueros
4565564	az	Humacao
4565564	ru	Умакао
4565564	tr	Humacao
4565575	az	Isabel Segunda
4565575	ru	Изабель Сегунда
4565575	tr	Isabel Segunda
4565577	az	Isabela
4565577	ru	Изабела
4565577	tr	Isabela
4565679	az	Jayuya
4565679	ru	Джайуйя
4565679	tr	Jayuya
4565712	az	Juana Diaz
4565712	ru	Хуана Диас
4565712	tr	Juana Diaz
4565718	az	Juncos
4565718	ru	Хункос
4565718	tr	Juncos
4565898	az	Lajas
4565898	ru	Лахас
4565898	tr	Lajas
4565908	az	Lares
4565908	ru	Ларес
4565908	tr	Lares
4565958	az	Las Marias
4565958	ru	Лас Мариас
4565958	tr	Las Marias
4565980	az	Las Piedras
4565980	ru	Лас Пьедрас
4565980	tr	Las Piedras
4566002	ru	Левитаун
4566022	az	Loiza
4566022	ru	Лойза
4566022	tr	Loiza
4566103	az	Luquillo
4566103	ru	Лукильо
4566103	tr	Luquillo
4566137	az	Manati
4566137	ru	Манати
4566137	tr	Manati
4566178	az	Maricao
4566178	ru	Марикао
4566178	tr	Maricao
4566208	az	Maunabo
4566208	ru	Мауна́бо
4566208	tr	Maunabo
4566270	az	Moca
4566270	ru	Мока
4566270	tr	Moca
4566333	az	Morovis
4566333	ru	Моровис
4566333	tr	Morovis
4566385	az	Mayaguez
4566385	ru	Маягуэс
4566385	tr	Mayaguez
4566396	az	Naguabo
4566396	ru	Нагуабо
4566396	tr	Naguabo
4566402	az	Naranjito
4566402	ru	Наранхито
4566402	tr	Naranjito
4566454	az	Orocovis
4566454	ru	Орокови́с
4566454	tr	Orocovis
4566652	az	Patillas
4566652	ru	Патильяс
4566652	tr	Patillas
4566687	az	Penuelas
4566687	ru	Пеньуэлас
4566687	tr	Penuelas
4566880	az	Ponce
4566880	ru	Понсе
4566880	tr	Ponce
4567552	az	Quebradillas
4567552	ru	Кебрадильяс
4567552	tr	Quebradillas
4567723	az	Rinkon
4567723	ru	Ринкон
4567723	tr	Rincon
4567817	az	Rio Grande
4567817	ru	Рио-Гранде
4567817	tr	Rio Grande
4568014	az	Sabana Grande
4568014	ru	Сабана-Гранде
4568014	tr	Sabana Grande
4568040	az	Salinas
4568040	ru	Салинас
4568040	tr	Salinas
4568074	ru	Сан Антонио
4568104	az	San Herman
4568104	ru	Сан-Жермен
4568104	tr	San German
4568127	az	San Xuan
4568127	ru	Сан-Хуан
4568127	tr	San Juan
4568149	az	San Lorenzo
4568149	ru	Сан-Лоренцо
4568149	tr	San Lorenzo
4568175	az	San Sebastian
4568175	ru	Сан-Себастьян
4568175	tr	San Sebastian
4568212	az	Santa Isabel
4568212	ru	Санта-Исабель
4568212	tr	Santa Isabel
4568403	az	Toa Alta
4568403	ru	Тоа-Альта
4568403	tr	Toa Alta
4568407	az	Toa Baja
4568407	ru	Тоа-Баха
4568407	tr	Toa Baja
4568451	az	Trujillo Alto
4568451	ru	Трухильо-Альто
4568451	tr	Trujillo Alto
4568490	az	Utuado
4568490	ru	Утуадо
4568490	tr	Utuado
4568528	az	Vega Alta
4568528	ru	Вега-Альта
4568528	tr	Vega Alta
4568533	az	Vega Baja
4568533	ru	Вега-Баха
4568533	tr	Vega Baja
4568683	az	Villalba
4568683	ru	Вильяльба
4568683	tr	Villalba
4568908	az	Yabucoa
4568908	ru	Ябукоа
4568908	tr	Yabucoa
4568917	az	Yauko
4568917	ru	Яуко
4568917	tr	Yauco
4568985	ru	Аббивилл
4569067	ru	Айкен
4569298	ru	Андерсон
457052	az	Olaine
457052	ru	Олайне
457052	tr	Olaine
4570590	ru	Белведир
4570590	tr	Belvedere
4570634	ru	Бенетсвил
457065	az	Ogre
457065	ru	Огре
457065	tr	Ogre
4570664	ru	Береа
4571722	ru	Блафтон
4571805	tr	Boiling Springs
4572881	ru	Бертон
4573209	ru	Камден
4573888	tr	Cayce
4574153	ru	Сентрал
4574324	ru	Чарлстон
4574565	ru	Честер
4574989	ru	Клемсон
4575028	ru	Клинтон
4575028	tr	Clinton
4575352	az	Kolumbiya
4575352	ru	Колумбия
4575352	tr	Columbia
4575461	ru	Конвей
4576319	ru	Дарлингтон
4576653	ru	Дилон
457714	az	Madona
457714	ru	Мадона
457714	tr	Madona
457776	az	Ludza
457776	ru	Лудза
457776	tr	Ludza
457860	az	Livani
457860	ru	Ливаны
457860	tr	Livani
4578602	ru	Файв-Форкс
4578737	ru	Флоренция
457890	az	Limbazi
457890	ru	Лимбажи
457890	tr	Limbazi
4578977	ru	Форт Мил
4579043	ru	Фаунтин Ин
4579043	tr	Fountain Inn
4579418	ru	Гафни
4579503	ru	Гарден Сити
4579503	tr	Garden City
457954	az	Liepaja
457954	ru	Лиепая
457954	tr	Liepaja
457965	ru	Лиелварде
4580543	ru	Гринвилл
4580599	ru	Грир
4580599	tr	Greer
4581023	ru	Ханахан
4581095	tr	Hardeeville
4581261	ru	Хартсвилл
4581261	tr	Hartsville
4581832	ru	Хилтон-Хед-Айленд
4581833	ru	Хилтон-Хед-Айленд
4583057	ru	Ермо
4584322	tr	Lake City
4584556	ru	Ланкастер
458460	az	Kuldiga
458460	ru	Кулдига
458460	tr	Kuldiga
4584683	tr	Laurel Bay
4584738	ru	Лоренс
4585000	ru	Лексингтон
458511	ru	Крустпилс
458623	az	Kraslava
458623	ru	Краслава
458623	tr	Kraslava
4586266	ru	Мэрион
4586523	tr	Mauldin
4587511	ru	Манкс Корнер
4588165	ru	Маунт Плезант
4588682	ru	Марелс Инлет
4588682	tr	Murrells Inlet
4588718	ru	Мертл-Бич
458880	az	Kekava
458880	ru	Кекава
458880	tr	Kekava
4589368	ru	Норт Огаста
4589387	ru	Норт-Чарлстон
4589446	ru	Норт Мертл Бич
4589446	tr	North Myrtle Beach
458972	ru	Карсава
458995	ru	Кароста
4590476	ru	Паркер
4590980	ru	Пидмонт
4590980	tr	Piedmont
459201	az	Jurmala
459201	ru	Юрмала
459201	tr	Jurmala
4592453	tr	Red Bank
459279	az	Jelgava
459279	ru	Елгава
459279	tr	Jelgava
459283	az	Jekabpils
459283	ru	Екабпилс
459283	tr	Jekabpils
4594971	ru	Сангари
4594971	tr	Sangaree
4595346	ru	Сенека
4595346	tr	Seneca
4595374	tr	Seven Oaks
4595864	ru	Симпсонвилл
4595864	tr	Simpsonville
459598	ru	Икшкиле
4596208	ru	Сокасти
4596208	tr	Socastee
459668	az	Gulbene
459668	ru	Гулбене
459668	tr	Gulbene
4597200	ru	Спартанберг
4597919	ru	Саммервилл
4597948	ru	Самтер
459908	ru	Межциемс
4600065	ru	Волтерборо
4600541	ru	Вест-Колумбия
4600541	tr	West Columbia
4601475	tr	Woodfield
4601703	ru	Йорк
460274	ru	Дрейлини
4603001	ru	Арлингтон
460312	az	Dobele
460312	ru	Добеле
460312	tr	Dobele
4603284	ru	Атенс
460413	az	Daugavpils
460413	ru	Даугавпилс
460413	tr	Daugavpils
460416	ru	Усть-Двинск
4604183	ru	Бартлетт
460557	ru	Чиекуркалнс
460570	az	Sesis
460570	ru	Цесис
460570	tr	Cesis
4608408	ru	Брентвуд
4608657	ru	Бристол
460885	ru	Болдерай
4609116	ru	Браунсвил
461064	az	Bergi
461064	ru	Берги
461064	tr	Bergi
461114	az	Bauska
461114	ru	Бауска
461114	tr	Bauska
461163	az	Balvi
461163	ru	Балви
461163	tr	Balvi
4612862	ru	Чаттануга
4613868	ru	Кларксвилл
4614088	ru	Кливленд
4614214	ru	Клинтон
4614720	tr	Collegedale
4614748	ru	Колервил
4614867	ru	Колумбия
461528	az	Aluksne
461528	ru	Алуксне
461528	tr	Aluksne
461602	ru	Айзпуте
461615	az	Aizkraukle
461615	ru	Айзкраукле
461615	tr	Aizkraukle
4616470	ru	Кроссвилл
461650	az	Adazi
461650	ru	Адажи
461650	tr	Adazi
461698	ru	Сосновка
461699	ru	Сасово
461704	ru	Новозавидовский
461705	ru	Краснолесный
461720	ru	Костерево
461740	ru	Зюзино
4617536	ru	Дейтон
461835	ru	Зябликово
461910	ru	Зверево
461916	az	Zveniqovo
461916	ru	Звенигово
461920	az	Zveniqorod
461920	ru	Звенигород
461964	ru	Зуевка
462008	ru	Зубцов
462050	ru	Зубова Поляна
4620634	ru	Елизабетон
4621503	tr	Fairview
4621846	ru	Фарагут
4623039	ru	Форист Хилс
462313	ru	Знаменское
462352	ru	Знаменка
4623560	ru	Франклин
462357	ru	Знаменка
462377	ru	Змиевка
462383	ru	Змейская
462413	ru	Злынка
4624180	ru	Галатин
462444	ru	Златоуст
462522	ru	Зимовники
4625282	tr	Goodlettsville
462626	ru	Зилаир
4626286	tr	Greenbrier
4626334	ru	Гринвил
462745	ru	Жулебино
462755	ru	Жуковский
4627863	ru	Хариман
4627863	tr	Harriman
462792	ru	Жуков
4627983	ru	Харрисон
462822	ru	Жуковка
4628695	ru	Хендерсон
4628735	ru	Хендерсонвил
462914	ru	Жиздра
462984	ru	Жирновск
462988	ru	Жирнов
463082	ru	Жигулёвск
4631291	tr	Humboldt
463144	ru	Жешарт
463217	ru	Жердевка
4632595	ru	Джексон
4632959	ru	Джефферсон-Сити
4632959	tr	Jefferson City
463340	ru	Железноводск
463343	ru	Железногорск
463355	ru	Железнодорожный
4634662	ru	Кингспорт
4634671	ru	Кингстон
4634946	ru	Ноксвилл
4635268	tr	Lakeland
4635849	ru	Лоренсбург
4636045	ru	Лебанон
4636285	ru	Ленор Сити
463637	az	Zernoqrad
463637	ru	Зерноград
4636442	ru	Луисбург
4636463	ru	Лексингтон
463710	ru	Земетчино
463824	ru	Зеленокумск
463828	az	Zelenoqradsk
463828	ru	Зеленоградск
463829	ru	Зеленоград
463830	ru	Зеленогорск
463835	ru	Зеленодольск
463838	ru	Зеленоборский
4638782	ru	Линчбург
463885	ru	Зеленчукская
4639224	ru	Манчестер
463966	ru	Заюково
4639684	ru	Мартин
4639684	tr	Martin
4640736	ru	Макензи
4640736	tr	McKenzie
4640882	ru	Маминвил
464094	ru	Заворонежское
464101	ru	Заволжье
464112	az	Zavoljsk
464112	ru	Заволжск
4641239	az	Memfis
4641239	ru	Мемфис
4641239	tr	Memphis
464130	ru	Заводской
4641495	ru	Мидл Вали
464159	ru	Завидово
4641630	ru	Майлен
4641630	tr	Milan
464176	ru	Заветы Ильича
464179	ru	Заветное
4641998	ru	Милингтон
4641998	tr	Millington
464260	ru	Затеречный
4642938	ru	Морстаун
4643153	ru	Кармель
4644282	ru	Манфорд
4644312	ru	Мерфрисборо
4644585	az	Neşvill
4644585	ru	Нашвилл
4644585	tr	Nashville
4645532	ru	Ньюпорт
464625	ru	Заречный
4646571	az	Ok-Ric
4646571	ru	Ок-Ридж
4646571	tr	Oak Ridge
4646637	ru	Окленд
464687	ru	Зарайск
464708	ru	Запрудня
464790	ru	Заполярный
4647963	ru	Париж
464891	ru	Западная Двина
464993	ru	Заокский
465057	ru	Замоскворечье
4650946	ru	Портленд
4650946	tr	Portland
4651648	ru	Пуласки
465174	ru	Залукокоаже
4652341	tr	Red Bank
465291	ru	Залегощь
465543	az	Zəy
465543	ru	Заинск
4656006	ru	Саванна
465632	ru	Загорянский
4656585	ru	Съвиървил
4657077	ru	Шелбивил
465726	ru	Задонск
4658590	ru	Смирна
4659446	ru	Спринг-Хилл
4659557	ru	Спрингфилд
466060	ru	Южно-Сухокумск
466084	ru	Южа
4661331	tr	Sweetwater
466171	ru	Калининец
466200	ru	Юрюзань
466215	ru	Юрьев-Польский
466258	ru	Юрьевец
4663494	az	Tallahoma
4663494	tr	Tullahoma
4664170	ru	Юнион-Сити
466538	ru	Юмагузино
466658	ru	Юхнов
466699	ru	Юго-Камский
466806	ru	Йошкар-Ола
466819	ru	Ерзовка
466885	ru	Ейск
4669635	ru	Абилин
4669828	ru	Адисон
466989	ru	Ессентукская
466990	ru	Ессентуки
4670029	ru	Аламо-Гайтс
4670074	ru	Аламо
4670074	tr	Alamo
4670234	ru	Алис
4670300	ru	Аллен
4670300	tr	Allen
4670555	ru	Олтон
4670555	tr	Alton
4670592	ru	Элвин
4670783	ru	Андерсон Мил
4670866	ru	Англтон
4670871	tr	Anna
467104	ru	Ершово
4671141	ru	Аранзас Пас
467120	az	Yerşov
467120	ru	Ершов
4671240	az	Arlinqton
4671240	ru	Арлингтон
4671524	ru	Атаскосита
4671545	ru	Атенс
4671576	ru	Атланта
4671654	az	Ostin
4671654	ru	Остин
4671654	tr	Austin
4671800	tr	Azle
467238	ru	Ермолино
467246	ru	Ермолаево
4672576	ru	Бастроп
4672989	ru	Бомонт
4673094	ru	Бедфорд
4673132	tr	Bee Cave
4673425	ru	Белтон
4673482	ru	Бенбрук
467479	ru	Енотаевка
467525	ru	Емва
4675373	ru	Берни
467539	ru	Емецк
4675577	ru	Бонам
4675803	ru	Боуи
4676032	ru	Брейди
4676206	ru	Бренам
4676327	ru	Бриджпорт
4676740	ru	Браунсвилл
4677008	ru	Брайан
467711	ru	Елово
467753	ru	Ельня
4677551	ru	Бурлесоне
4677551	tr	Burleson
4677592	ru	Бернет
4678357	ru	Камерон
467854	ru	Елизаветинская
4678565	ru	Камп Свифт
4679148	ru	Каризо Спрингс
4679195	ru	Карролтон
467978	ru	Елец
4679803	ru	Сидар Хил
4679803	tr	Cedar Hill
4679867	ru	Сидар-Парк
4679867	tr	Cedar Park
4679988	ru	Сентер
468044	ru	Елань-Колено
468063	ru	Елань
468082	ru	Елабуга
4681462	ru	Сиболо
4681462	tr	Cibolo
4681485	ru	Синко Ранч
468180	ru	Екатериновка
4682032	ru	Кливленд
4682032	tr	Cleveland
4682127	ru	Кловерлиф
4682163	tr	Clute
4682464	ru	Колледж-Стейшен
4682478	ru	Колейвиль
4682478	tr	Colleyville
468250	ru	Егорьевск
4682991	ru	Конро
4683021	ru	Конверс
4683021	tr	Converse
468307	ru	Егорлыкская
4683217	ru	Коппелл
4683244	tr	Copperas Cove
4683416	az	Korpus Kristi
4683416	ru	Корпус-Кристи
4683462	ru	Корсикана
468390	ru	Ефремов
4684218	ru	Крокет
4684434	tr	Crowley
468483	ru	Языково
4684888	ru	Даллас
4684888	tr	Dallas
4685449	ru	Дейтон
4685524	ru	Сото
468560	ru	Яйва
4685617	ru	Декейтер
4685737	ru	Дир Парк
468587	ru	Явас
4685892	ru	Денисон
4685907	ru	Дентон
4686131	ru	Дибол
4686163	ru	Дикинсон
4686163	tr	Dickinson
4686472	ru	Дофинг
468657	ru	Ясный
4686593	ru	Донна
4686593	tr	Donna
468671	ru	Ясногорск
4687331	ru	Данканвил
4687331	tr	Duncanville
468747	ru	Яшкуль
4687588	ru	Игл Маунтин
468809	ru	Ясенево
4688275	ru	Эдинбург
4688506	tr	El Campo
468866	ru	Ярцево
4688756	ru	Елгин
468899	ru	Ярославская
468902	ru	Ярославль
4689311	ru	Енис
4689311	tr	Ennis
468991	ru	Ярега
469005	ru	Яранск
469017	ru	Яр
4690198	ru	Фармерс Бранч
4690257	tr	Fate
4691553	ru	Флорсвил
4691585	ru	Флауер Маунд
4691766	ru	Форист Хил
4691766	tr	Forest Hill
469178	ru	Янаул
4691833	ru	Форни
4691833	tr	Forney
4691930	az	Fort Vort
4691930	ru	Форт-Уэрт
4691930	tr	Fort Worth
4692279	ru	Фредериксбург
4692355	ru	Фрипорт
4692355	tr	Freeport
4692400	ru	Фресно
4692521	ru	Френдсвуд
4692559	ru	Фриско
4692771	ru	Галина Парк
4692771	tr	Galena Park
4692883	ru	Галвестон
4693003	ru	Гирлянда
4693003	tr	Garland
4693342	ru	Джорджтаун
4693472	ru	Гидингс
4693569	ru	Гилмер
4693726	ru	Гленн-Гайтс
4693726	tr	Glenn Heights
4693940	ru	Гонзалес
4694459	ru	Гранбери
4694482	ru	Гранд-Прери
4694568	ru	Грейпвайн
4694568	tr	Grapevine
4695066	ru	Гринвилл
4695317	tr	Groves
4695912	ru	Холтом Сити
4696233	ru	Харлинген
469655	ru	Яхрома
4697060	ru	Хемпстед
469707	ru	Ягры
4697330	tr	Hewitt
4697442	ru	Хидалго
4697616	ru	Хайленд Парк
4697645	tr	Highland Village
4697867	ru	Хиллсборо
469809	ru	Ядрин
469844	ru	Яблоновский
4698562	ru	Хондо
4698809	ru	Хорнсби Бенд
4699066	az	Hyuston
4699066	ru	Хьюстон
4699066	tr	Houston
469933	ru	Выездное
4699442	ru	Хамбл
4699540	ru	Хантсвилл
4699575	ru	Херст
469960	ru	Вытегра
4699608	ru	Хачинс
4700033	tr	Ingleside
4700122	ru	Айова-Парк
4700168	ru	Ирвинг
4700168	tr	Irving
4700401	tr	Jacinto City
4700550	ru	Джексонвилл
4700550	tr	Jacksonville
470083	az	Vısokovsk
470083	ru	Высоковск
4701659	ru	Джошуа
470212	ru	Высокая Гора
470252	ru	Вышний Волочёк
4702728	ru	Кофман
4702732	ru	Кэти
4702732	tr	Katy
4702828	ru	Келлер
4703078	ru	Кервил
4703199	ru	Килгор
4703223	ru	Киллин
470338	ru	Выселки
4703384	ru	Кингсвил
4703415	ru	Кирби
470368	ru	Вырица
4703811	tr	Kyle
4703938	ru	Ла-Ферия
4704027	tr	La Marque
4704108	ru	Ла Порт
470444	az	Vıksa
470444	ru	Выкса
470451	ru	Выхино-Жулебино
4704628	tr	Lake Jackson
470473	ru	Выгоничи
4704940	ru	Лакехилс
4705041	tr	Lakeway
4705176	ru	Лампасас
4705191	ru	Ланкастер
470530	ru	Вычегодский
4705349	ru	Ларедо
470546	ru	Выборг
4705692	ru	Лиг-Сити
4705692	tr	League City
4705923	ru	Лион Вали
4705923	tr	Leon Valley
4706057	ru	Льюисвилл
4706088	ru	Либерти
470666	ru	Вязники
4706736	ru	Литл-Элм
4706736	tr	Little Elm
470676	ru	Вязьма
4707173	ru	Ливингстон
4707295	ru	Локхарт
470734	ru	Вятские Поляны
4707814	ru	Лонгвью
4708308	ru	Лафкин
4708320	ru	Лулинг
4708328	ru	Ламбертон
4708328	tr	Lumberton
470845	ru	Вурнары
4708989	ru	Менор
4709013	ru	Мэнсфилд
470905	az	Vuktıl
470905	ru	Вуктыл
4709215	ru	Марлин
4709272	ru	Маршалл
4709615	ru	Матис
4709796	ru	Мак-Аллен
4710178	ru	Мак-Кинни
4710574	ru	Мелисса
4710749	ru	Мерседес
4710749	tr	Mercedes
4710826	ru	Мескит
4710963	ru	Мехия
471101	ru	Всеволожск
4711156	tr	Midlothian
4711647	ru	Минерал Велс
471172	ru	Вознесенское
4711725	ru	Миссия
4711725	tr	Mission
4711729	ru	Мишон Бенд
4711801	ru	Мисури Сити
471188	ru	Вознесенская
471189	ru	Вознесенская
471245	ru	Вожега
4712933	ru	Маунт Плезант
4713735	ru	Накодочес
4713866	ru	Навасота
4713932	ru	Нидерленд
4713932	tr	Nederland
4714131	ru	Нью-Браунфелс
471430	ru	Воткинск
471456	ru	Востряково
471457	ru	Востряково
471499	ru	Восточный
471501	ru	Восточный
471607	ru	Воскресенское
471656	ru	Воскресенск
4717232	ru	Палестин
4717341	ru	Палмв'Ю-Саут
4717560	ru	Париж
471760	ru	Ворсма
4717782	ru	Пасадена
471799	ru	Воротынец
4718097	ru	Пэрленд
4718209	ru	Пикан Гроув
4718491	ru	Перезвил
4718711	ru	Флугервилл
4718711	tr	Pflugerville
4718721	ru	Фарра
471909	ru	Воронцовка
4719457	ru	Планом
4719720	ru	Плезантън
4720039	az	Port-Artur
4720039	ru	Порт-Артур
4720039	tr	Port Arthur
4720060	ru	Порт Изабел
4720067	ru	Порт Лавака
4720131	ru	Портленд
4720131	tr	Portland
472045	ru	Воронеж
472072	ru	Алтуфьевский
4720743	ru	Принстон
4720789	ru	Прогресо
472079	ru	Воробьево
4721921	tr	Red Oak
4722231	ru	Рендон
472229	ru	Волжский
472231	ru	Волжский
472234	ru	Волжск
4722625	ru	Ричардсон
4722668	ru	Ричланд Хилс
4722684	ru	Ричмонд
472271	ru	Воля
472278	ru	Вольск
4722837	ru	Рио Гранди Сити
4722925	ru	Ривер Оукс
4723165	ru	Робинсон
4723212	ru	Робстаун
4723212	tr	Robstown
4723369	ru	Рокдейл
4723422	ru	Рокпорт
472357	ru	Волосово
4723914	ru	Розенберг
4723914	tr	Rosenberg
4724129	ru	Раунд-Рок
4724129	tr	Round Rock
4724241	tr	Royse City
472428	ru	Волоконовка
472433	ru	Волоколамск
4724359	ru	Раск
4724564	tr	Sachse
472459	ru	Вологда
4724642	ru	Сагино
4724642	tr	Saginaw
472490	ru	Володарский
472494	ru	Володарск
4726206	az	San-Antonio
4726206	ru	Сан-Антонио
4726206	tr	San Antonio
4726290	ru	Сан-Бенито
4726290	tr	San Benito
4726440	ru	Сан-Хуан
4726440	tr	San Juan
4726491	ru	Сан-Маркос
4726957	ru	Сангер
4726957	tr	Sanger
4727022	ru	Санта-Фе
4727022	tr	Santa Fe
472722	ru	Волхов
472732	ru	Нагорный
4727326	ru	Шерц
472750	ru	Волгореченск
472757	az	Volqoqrad
472757	ru	Волгоград
4727596	tr	Seabrook
4727605	ru	Сиговил
472761	az	Volqodonsk
472761	ru	Волгодонск
472766	ru	Вольгинский
4727756	ru	Сегин
4727785	ru	Сельма
4728328	ru	Шерман
4728653	ru	Силсби
472878	ru	Вохтога
472961	ru	Юца
472976	ru	Водный
473127	ru	Нововладыкино
473166	ru	Владимирская
473247	ru	Владимир
473249	az	Vladiqafqaz
473249	ru	Владикавказ
473263	ru	Визинга
473295	ru	Витязево
4733042	ru	Саут-Х'Юстон
4733042	tr	South Houston
4733624	ru	Спрингтаун
4734005	ru	Стафорд
4734350	ru	Стивенвил
4734825	ru	Шугар-Ленд
4734909	ru	Салфур Спрингс
4735013	ru	Сънивейл
473522	ru	Винсады
473535	ru	Виноградово
4735702	ru	Тейлор
4735702	tr	Taylor
4735966	ru	Темпл
4735966	tr	Temple
4736028	ru	Террелл
4736028	tr	Terrell
4736043	ru	Терел Хилс
4736096	ru	Тексаркана
4736388	ru	Колония
4736388	tr	The Colony
4736476	ru	Зе-Вудлендс
4737094	tr	Tomball
473778	ru	Видное
473788	ru	Вичуга
4738214	ru	Тайлер
473856	ru	Вейделевка
4738606	tr	University Park
4738721	ru	Ювалде
473903	ru	Ветлужский
473904	ru	Ветлужский
4739078	ru	Вернон
473910	az	Vetluqa
473910	ru	Ветлуга
4739157	ru	Виктория
473943	ru	Весьегонск
4739526	ru	Вако
473972	ru	Вешняки
473994	ru	Вешкайма
473998	ru	Вёшенская
4740364	ru	Ведерфорд
4740423	ru	Вебстер
4740423	tr	Webster
474059	ru	Веселый
4740629	ru	Уэслако
4740629	tr	Weslaco
4741100	tr	West University Place
4741616	ru	Вайт-Сеттлмент
4741616	tr	White Settlement
4741752	ru	Уичито-Фолс
4742170	ru	Вилис
4742537	ru	Виндкрест
474324	ru	Верховье
4743432	ru	Йокум
474354	ru	Верховажье
4743815	ru	Абингдон
4744091	ru	Александрия
474462	az	Verxnyaya Tura
474462	ru	Верхняя Тура
4744709	ru	Арлингтон
4744870	az	Eşbern
4744870	ru	Ашберн
4744905	ru	Ешланд
4745272	tr	Bailey's Crossroads
4746265	ru	Бедфорд
4746457	ru	Бель-Гейвен
4746457	tr	Belle Haven
4746664	ru	Бенсли
474669	ru	Верхняя Хава
4747554	ru	Биг Стоун Гап
4747845	ru	Блэксбург
4748125	ru	Блуфилд
474821	ru	Верхний Тагил
4748925	ru	Бриджуотер
4748993	ru	Бристол
474916	ru	Верхний Мамон
4749715	ru	Бьюна-Виста
4749950	ru	Берк
475030	ru	Верхние Татышлы
475041	ru	Верхние Серги
475100	ru	Верхние Киги
475157	ru	Верхние Ачалуки
4751839	ru	Сентервил
4751886	ru	Чемберлейн
4751935	ru	Шантили
475196	ru	Верх.Баскунчак
4752031	ru	Шарлоттсвилль
4752186	ru	Чесапик
4752229	ru	Честер
4752665	ru	Кришчансбург
4753635	ru	Коллинсвиль
4753671	ru	Колониал-Хайтс
475369	ru	Верхнее-Казанище
4754358	ru	Ковингтон
475438	ru	Верхнеяркеево
475463	ru	Верхнеуральск
4754901	ru	Крозет
4754966	ru	Калпепер
4755280	ru	Данвилл
475614	ru	Верхнеднепровский
4756348	tr	Dranesville
4756736	ru	Дан Лоринг
4756736	tr	Dunn Loring
475777	ru	Верещагино
4757863	ru	Етрик
4758102	tr	Fairfax Station
4758390	ru	Фолс-Черч
475845	ru	Вербилки
4758495	ru	Фармвил
475881	az	Venyov
475881	ru	Венёв
4759120	ru	Фишерсвил
475938	ru	Вельск
4759430	ru	Флорис
4759430	tr	Floris
475955	az	Velij
475955	ru	Велиж
4759556	ru	Форист
4759968	ru	Франкония
4759986	ru	Франклин
4760059	ru	Фредериксбург
476028	ru	Великовечное
4760376	ru	Гейлакс
476062	ru	Великий Устюг
476077	ru	Великие Луки
4761951	ru	Грейт-Фолс
4761951	tr	Great Falls
4762155	tr	Greenbriar
4762493	tr	Groveton
4762894	ru	Хэмптон
4763231	ru	Харисонбург
476343	ru	Вавож
476368	ru	Ватутино
476372	ru	Ватутинки
4763793	ru	Херндон
476417	ru	Васюринская
4764534	ru	Холинс
4764826	ru	Хопуэлла
476500	ru	Васкелово
4765392	ru	Хантингтон
4765392	tr	Huntington
4765520	tr	Hybla Valley
4765553	tr	Idylwood
4765594	ru	Индепендент Хил
4768185	ru	Лейк-Баркрофт
4768185	tr	Lake Barcroft
4769125	ru	Лизбург
4769339	ru	Лексингтон
4769608	tr	Lincolnia
4769667	ru	Линтон Хол
477039	ru	Варениковская
4770714	ru	Лортон
4770714	tr	Lorton
4771075	ru	Линчберг
4771401	ru	Манассас
4771414	ru	Манассас-Парк
4771494	tr	Mantua
4771643	ru	Мэрион
4771808	ru	Мартинсвилл
477192	ru	Валуйки
4772354	ru	Маклин
4772354	tr	McLean
4772566	ru	Меканиксвил
477279	ru	Валерик
477301	ru	Валдай
477340	ru	Вахруши
4773677	ru	Монтклер
4773747	ru	Монтроуз
477377	ru	Вагоноремонт
477424	ru	Вад
477440	ru	Вача
477494	ru	Узловая
4775660	ru	Нью-Балтимор
4776024	ru	Ньюпорт-Ньюс
4776222	ru	Норфолк
477626	ru	Уварово
4776472	ru	Норт Спрингфилд
4776472	tr	North Springfield
477656	ru	Ува
4776970	ru	Оуктон
4776970	tr	Oakton
477795	ru	Устюжна
4778626	ru	Петербург
4778945	tr	Pimmit Hills
477940	ru	Усть-Цильма
4779923	ru	Покосон
4779999	ru	Портсмут
478044	ru	Усть-Лабинск
478050	ru	Усть-Кулом
4780641	ru	Перселвил
478071	ru	Усть-Катав
4780837	ru	Радфорд
478130	ru	Усть-Джегута
478132	ru	Усть-Донецкий
4781530	ru	Рестон
4781708	az	Richmond
4781708	ru	Ричмонд
4781708	tr	Richmond
4781711	ru	Ричландс
478197	ru	Успенская
4782167	ru	Роанок
478269	ru	Усолье
4782864	ru	Роуз Хил
4782864	tr	Rose Hill
478297	ru	Усогорск
4782988	ru	Росслин
4782988	tr	Rosslyn
478317	ru	Усмань
4784112	ru	Салем
478532	ru	Уржум
478538	ru	Урыв-Покровка
478544	ru	Урюпинск
478563	ru	Урвань
478565	ru	Уруссу
478581	az	Urus-Martan
478581	ru	Урус-Мартан
4786274	ru	Смитфилд
4786522	ru	Южная Бостон
478689	ru	Урмары
478711	ru	Уркарах
4787117	ru	Спрингфилд
4787117	tr	Springfield
478724	ru	Урицк
4787440	ru	Стонтон
4787534	ru	Стерлинг
478757	ru	Урень
478781	ru	Уразово
4787974	ru	Стразбург
4788070	ru	Стюартс-Драфт
4788158	ru	Саффолк
478836	ru	Уральский
478963	ru	Унцукуль
479028	ru	Унеча
479071	ru	Умба
479123	ru	Ульяновск
4791259	az	Virciniya Biç
4791259	ru	Вирджиния-Бич
479140	ru	Ульяновка
4792255	ru	Ворентон
479242	ru	Уллуая
4793846	ru	Уильямсберг
479411	ru	Ухта
479426	ru	Ухолово
4794641	ru	Вудсток
4794966	ru	Йоркшир
479532	ru	Углич
479535	ru	Углеуральский
4795467	az	Şarlotta Amaliya
4795467	ru	Шарлота Амалия
4795577	az	Kruz Buyu
4795577	ru	Круз-Бей
4795577	tr	Cruz Bay
479561	ru	Уфа
479561	tr	Ufa
479596	ru	Удобная
479640	ru	Удельная
4796512	az	Sənt Krua
4796512	ru	Сент-Крой
4796512	tr	Saint Croix
479687	ru	Учкекен
479703	ru	Учалы
4797575	ru	Огаста
4798308	ru	Бекли
479871	ru	Тюльган
479933	ru	Тырныауз
4799622	az	Blufayld
4799622	ru	Блуфилд
4799622	tr	Bluefield
4800587	ru	Бакханнон
480060	ru	Тверь
480085	ru	Тужа
480089	ru	Туймазы
480122	ru	Тутаев
4801850	ru	Чарльз-Таун
4801859	az	Çarlston
4801859	ru	Чарлстон
4801859	tr	Charleston
4802316	ru	Кларксберг
480267	ru	Турки
480301	ru	Тургенево
480453	ru	Тумботино
4804563	ru	Данбар
480484	ru	Тума
4805033	ru	Элкинс
4805404	ru	Фэрмонт
480562	az	Tula
480562	ru	Тула
480685	ru	Тучково
480716	ru	Туапсе
4807310	ru	Графтон
480851	ru	Цивильск
480876	ru	Цимлянск
4809537	ru	Хантингтон
4809558	ru	Харрикейн
481007	ru	Центорой
481036	ru	Целина
4810884	ru	Кайзер
481117	ru	Цаган Аман
481181	ru	Труновское
481275	ru	Трудобеликовский
481350	ru	Трубчевск
4813878	ru	Мартинсберг
481453	ru	Тропарёво
4815352	ru	Моргантаун
481542	ru	Троицкое
4815462	ru	Маундсвилл
481548	ru	Троицко-Печорск
481580	ru	Троицкий
481604	ru	Троицкая
481605	ru	Троицкая
481608	ru	Троицк
4816520	ru	Нью-Мартинсвилл
4817641	ru	Паркерсберг
4819079	ru	Принстон
481938	ru	Товарково
481941	ru	Товарково
481955	ru	Тоцкое
481960	ru	Тотьма
481964	ru	Тосно
481985	az	Torjok
481985	ru	Торжок
481985	tr	Torjok
482042	ru	Торопец
482123	ru	Торбеево
482230	ru	Тонкино
482260	ru	Томилино
482275	ru	Томаровка
4822764	ru	Саут-Чарлстон
482283	az	Tolyatti
482283	ru	Тольятти
482309	ru	Толстой-Юрт
482432	ru	Толбазы
482443	ru	Токсово
482522	ru	Токарёвка
4825976	ru	Виенна
4825976	tr	Vienna
482761	ru	Тирлянский
4828193	ru	Шервуд
4828382	ru	Франклин
4829307	ru	Бей-Сити
482965	ru	Тимашёвск
4829762	ru	Алебастр
4829791	ru	Албертвил
4829791	tr	Albertville
4829843	ru	Александер Сити
4830099	ru	Андалужа
483019	ru	Тихвин
4830198	ru	Аннистон
483029	az	Tixoretsk
483029	ru	Тихорецк
4830455	ru	Араб
4830668	ru	Атенс
4830759	tr	Atmore
4830796	ru	Оберн
483137	ru	Тейково
483142	ru	Адыгейск
483150	ru	Тетюши
4831969	ru	Кос Коб
4831969	tr	Cos Cob
4831990	ru	Кантон
4831990	tr	Canton
4832121	ru	Кромвель
4832272	ru	Норс Андовер
4832353	ru	Данбери
4832425	ru	Дариен
4832425	tr	Darien
4832458	ru	Рокленд
4832554	ru	Инкстер
4832554	tr	Inkster
4832745	ru	Дерби
4832745	tr	Derby
4833084	tr	Yardville
483326	ru	Терновская
4833276	ru	Уотервлит
4833276	tr	Watervliet
4833320	ru	Кливленд-Хайтс
4833363	ru	Ист Хаддам
4833403	ru	Ист Хартфорд
4833425	ru	Ист Хэвен
4833478	ru	Карнеги
483386	ru	Терезе
4833883	ru	Эллингтон
4834040	ru	Энфилд
4834157	ru	Феърфилд
4834272	ru	Фармингтон
483430	ru	Тереньга
483439	ru	Терекли-Мектеб
483495	ru	Терек
4835003	ru	Гластонбери
4835004	ru	Гластонбери Сентер
4835004	tr	Glastonbury Center
4835395	ru	Гринвич
483541	ru	Тербуны
4835461	ru	Гротон
483551	ru	Тёплый Стан
4835512	ru	Гилфорд
4835654	ru	Хамдэн
483575	ru	Теплое
4835797	az	Hartford
4835797	ru	Хартфорд
4835797	tr	Hartford
4835969	ru	Хэброн
483661	ru	Темрюк
483684	ru	Темников
483692	ru	Темижбекская
483696	ru	Темиргоевская
4837222	ru	Кенсингтон
4837222	tr	Kensington
4837289	ru	Киллингворс
4838116	ru	Мадисон
4838174	ru	Манчестер
483826	ru	Текстильщики
4838524	ru	Мериден
4838611	ru	Миддлбюри
4838633	az	Midltoun
4838633	ru	Мидлтаун
4838633	tr	Middletown
4838652	ru	Милфорд
4838652	tr	Milford
483883	ru	Тбилисская
4839292	ru	Нью-Бритен
4839345	ru	Нью Файрфилд
4839366	az	Nyu-Heyven
4839366	ru	Нью-Хейвен
4839366	tr	New Haven
4839416	ru	Нью-Лондон
4839416	tr	New London
4839435	ru	Нью Милфорд
4839497	ru	Невингтон
4839636	ru	Норс Брэнфорд
4839704	ru	Норс Хэвен
4839822	ru	Норуолк
4839843	ru	Норидж
4839921	ru	Оквил
4839921	tr	Oakville
4839983	ru	Олд-Гринуич
4839983	tr	Old Greenwich
484017	ru	Тацинская
4840237	ru	Оксфорд
484034	ru	Татищево
4840755	ru	Плэйнфилд
4840767	ru	Плейнвилль
4840844	ru	Плимут
4841001	ru	Портленд
4841187	ru	Патнам
4841463	ru	Риджфилд
4841527	tr	Riverside
484162	ru	Татарка
4841628	ru	Роквилл
484232	ru	Ташла
4842818	ru	Сеймур
484287	ru	Таруса
4842898	ru	Шелтон
484290	ru	Тарумовка
4842958	ru	Шервуд-Манор
4842958	tr	Sherwood Manor
484314	ru	Тарногский-Городок
484334	az	Tərki
484334	ru	Тарки
4843378	ru	Саутингтон
484340	ru	Тарховка
4843411	tr	Southwood Acres
4843564	az	Stemford
4843564	ru	Стамфорд
4843786	ru	Сторрс
4843811	ru	Стратфорд
484396	ru	Тарасовский
4844084	ru	Терривилл
4844084	tr	Terryville
4844184	ru	Томпсон
4844200	ru	Томпсонвил
4844200	tr	Thompsonville
4844273	ru	Толланд
4844459	ru	Трамбал
4845193	ru	Уотербери
4845411	ru	Западный Хартфорд
4845419	ru	Уэст-Хейвен
4845823	ru	Виллимантик
4845823	tr	Willimantic
4845871	ru	Вилтон
4845898	ru	Виндхам
4845920	ru	Уинсор
4845920	tr	Windsor
4845953	ru	Винстед
4845953	tr	Winsted
4846022	tr	Woodbridge
4846028	ru	Вудбари
484646	az	Tambov
484646	ru	Тамбов
484646	tr	Tambov
4846602	ru	Алгона
484670	ru	Тамань
484674	ru	Тамала
4846757	ru	Алтуна
4846757	tr	Altoona
4846834	ru	Эймса
4846880	ru	Анамоса
4846960	tr	Ankeny
484720	ru	Таловый
4847385	ru	Атлантик
484747	ru	Таловая
484770	ru	Талицы
484826	ru	Талдом
484856	ru	Агидель
484907	az	Taqanroq
484907	ru	Таганрог
484912	ru	Таганский
484972	ru	Сызрань
4849826	ru	Берлингтон
485064	ru	Сюмси
4850699	ru	Сидар-Фолс
4850699	tr	Cedar Falls
4850751	ru	Сидар-Рапидс
4850961	ru	Сентервилл
4851762	ru	Кларинда
4852022	ru	Клинтон
485230	ru	Сылва
485239	az	Sıktıvkar
485239	ru	Сыктывкар
485239	tr	Sıktıvkar
485280	ru	Сычевка
4852832	ru	Каунсил-Блафс
485313	ru	Сясьстрой
4853423	ru	Дэвенпорт
4853608	ru	Дэкорах
4853757	ru	Денисон
4853828	az	Des Moines
4853828	ru	Де-Мойн
4853828	tr	Des Moines
485432	ru	Свободы
4854529	ru	Дабек
4855248	ru	Элдридж
4855967	ru	Феърфилд
485630	ru	Свиблово
485639	ru	Светогорск
485643	ru	Светлый Яр
485660	ru	Светлый
485698	az	Svetloqrad
485698	ru	Светлоград
485699	az	Svetloqorsk
485699	ru	Светлогорск
4857486	ru	Форт Додж
485763	ru	Свердловский
485817	ru	Суземка
485824	ru	Суздаль
485871	ru	Суворовская
485888	ru	Суворов
4859329	ru	Граймс
4859329	tr	Grimes
4859343	ru	Гриннелл
4859343	tr	Grinnell
4859802	ru	Харлан
486043	ru	Сурское
4860452	tr	Hiawatha
486048	ru	Сурск
486071	ru	Суровикино
486110	ru	Сурхахи
486148	ru	Сураж
486166	ru	Супсех
4861719	ru	Индианола
486178	ru	Супонево
486186	ru	Суоярви
486203	ru	Сунжа
4862034	ru	Айова-Сити
4862069	ru	Лова Фоллс
4862760	ru	Джонстон
4862760	tr	Johnston
4863349	ru	Кеокук
4863349	tr	Keokuk
4863705	ru	Ноксвилл
486398	ru	Сулак
486413	ru	Суксун
4865996	ru	Манчестер
4866164	ru	Макуокэта
486626	ru	Суходол
4866263	ru	Мэрион
4866371	ru	Маршалтаун
4866445	ru	Мейсон-Сити
486645	ru	Сухобезводное
486665	ru	Сухиничи
486816	ru	Суджа
486834	ru	Судогда
486848	ru	Судиславль
4868620	ru	Невада
486874	ru	Суда
4868907	ru	Ньютон
486894	ru	Субханкулово
486968	ru	Ступино
4869760	tr	Oelwein
4870239	ru	Оскалуса
4870380	ru	Оттамуа
487095	ru	Струнино
487110	ru	Струги-Красные
487131	ru	Стромынь
487147	ru	Строитель
487150	ru	Строгино
487227	ru	Стрельна
487246	ru	Стрелка
487372	ru	Сторожевая
487441	ru	Столбовая
487495	ru	Стерлитамак
487498	ru	Стерлибашево
487543	ru	Степное
487551	ru	Степное
4876141	ru	Шелдон
4876510	ru	Сиоукс Сэнтр
4876510	tr	Sioux Center
4876523	ru	Су-Сити
4877184	ru	Спирит Лэйк
4877655	ru	Сторм Лэйк
487837	ru	Ставрово
487846	az	Stavropol
487846	ru	Stavropol’
487846	tr	Stavropol
487928	ru	Старый Оскол
4879890	ru	Урбандэйл
4880268	ru	Винтон
4880731	ru	Вашингтон
488128	ru	Старые Атаги
4881346	tr	West Des Moines
488142	ru	Старый Черек
488206	ru	Старожилово
488214	ru	Староюрьево
4882920	ru	Аддисон
4883078	ru	Алгонквин
4883207	ru	Олсип
4883393	ru	Антиок
4883555	ru	Арлингтон-Хайтс
4883817	ru	Аврора
4884116	ru	Барингтон
4884141	ru	Бартлетт
4884192	ru	Батавия
4884192	tr	Batavia
4884453	ru	Бельведере
4884509	ru	Бенсенвил
4884562	ru	Беркли
4884597	ru	Бервин
4884597	tr	Berwyn
4885164	ru	Блумингтон
4885186	ru	Блу-Айленд
4885186	tr	Blue Island
4885265	ru	Болингбрук
4885336	ru	Болдер Хил
4885418	ru	Брадли
4885689	ru	Брукфилд
488587	ru	Старовеличковская
4885955	ru	Бафало Гроув
4885983	ru	Бербанк
488606	ru	Старотитаровская
4886269	ru	Каламет Парк
488635	ru	Старощербиновская
4886662	ru	Карол Стрим
4886676	ru	Карпинтерсвил
4886738	ru	Кэри
488713	ru	Старонижестеблиевская
4887158	ru	Шампейн
488730	ru	Старомышастовская
4887398	az	Çikaqo
4887398	ru	Чикаго
4887398	tr	Şikago
488742	ru	Староминская
4887442	ru	Чикаго-Хайтс
4887442	tr	Chicago Heights
4887574	ru	Чиликоти
488758	ru	Старолеушковская
488777	ru	Старокучергановка
488785	ru	Старокорсунская
4888015	ru	Цицерон
4888217	ru	Клинтон
4888432	ru	Колона
488852	ru	Стародуб
488859	ru	Стародеревянковская
488864	az	Staroçerkasskaya
488864	ru	Старочеркасская
488881	ru	Старобалтачево
4888892	tr	Country Club Hills
4888906	tr	Countryside
4889426	ru	Данвилл
4889447	tr	Darien
488946	ru	Старица
4889553	ru	Де-Калб
4889553	tr	DeKalb
4889668	ru	Дирфилд
4889772	ru	Дес-Плейнс
4889959	ru	Диксон
489021	ru	Старая Вичуга
4890536	ru	Ист Молин
489057	ru	Старая Сунжа
489062	ru	Старая Станица
489063	ru	Старая Станция
4890864	az	Elcin
4890864	ru	Элджин
4890864	tr	Elgin
489088	ru	Старая Русса
4891010	ru	Элмхерст
4891010	tr	Elmhurst
4891051	ru	Елмвуд Парк
4891310	ru	Эврика
489135	ru	Старая Майна
4891382	ru	Эванстон
4891382	tr	Evanston
4891431	ru	Евергрин Парк
489162	ru	Старая Купавна
489164	ru	Старая Кулатка
489226	ru	Старая Деревня
4892775	ru	Форест-Парк
489290	ru	Становое
4893037	ru	Франкфурт
4893070	ru	Франклин Парк
4893171	ru	Фрипорт
4893392	ru	Гейлсберг
4893591	ru	Женева
4893601	ru	Дженоа
4893811	ru	Глен Елин
489393	ru	Средняя Елюзань
4894061	ru	Гудингс Гроув
489446	ru	Средняя Ахтуба
4895066	ru	Хановер Парк
4895282	tr	Harvard
4895298	az	Harvi
4895298	ru	Харви
4895298	tr	Harvey
4895767	ru	Хикори Хилс
4895767	tr	Hickory Hills
4895876	az	Haylend-Park
4895876	ru	Хайленд-Парк
4895876	tr	Highland Park
489655	ru	Спокойная
489686	ru	Спирово
489741	ru	Спасск-Рязанский
4898182	ru	Канкаки
4898433	ru	Кевани
4898433	tr	Kewanee
489862	ru	Спас-Клепики
489868	ru	Спас-Деменск
4898875	ru	Ласал
4899340	ru	Лансинг
4899581	ru	Лимонт
4899739	ru	Либертивил
4899822	ru	Линкольн
489997	ru	Кашхатау
4899983	ru	Линкольншир
4899988	ru	Линколнвуд
4900080	ru	Лилу
4900292	ru	Локпорт
4900373	ru	Ломбард
490039	ru	Советский
490040	ru	Советский
4900579	ru	Лавс Парк
490065	ru	Советская
490066	ru	Советская
490067	ru	Советск
490068	ru	Советск
490068	tr	Sovyetsk
490069	ru	Советск
4900739	ru	Линвуд
4900817	ru	Маком
4900885	ru	Махомет
4900961	ru	Манхэттен
490108	ru	Сотниковское
4901164	ru	Маренго
4901164	tr	Marengo
4901229	tr	Markham
4901514	ru	Мэйвуд
4901663	ru	Макхенри
490172	ru	Сосновый Бор
4901868	ru	Мелроз Парк
4901944	ru	Мендота
4901944	tr	Mendota
490196	ru	Сосновское
490211	ru	Сосновоборск
490213	ru	Сосново
4902476	ru	Молин
4902512	ru	Монмут
4902559	ru	Монтгомери
4902567	ru	Монтисело
4902706	ru	Морис
490276	ru	Сосновка
4902763	ru	Мортон Гроув
4903024	ru	Маунт Проспект
490323	ru	Сосновка
4903279	ru	Нейпервилл
490377	ru	Сосновая Поляна
4903780	ru	Нормальная
4903862	ru	Норт Чикаго
490391	ru	Сосногорск
4904056	ru	Нортброок
4904094	ru	Нортфилд
4904102	ru	Нортлейк
4904102	tr	Northlake
4904277	ru	Оук Брук
4904286	ru	Oak Forest
4904286	tr	Oak Forest
490437	ru	Сосенский
4904381	ru	Оук-Парк
490466	ru	Сортавала
4904937	ru	Орланд Парк
4904996	ru	Освиго
4905006	ru	Оттава
4905211	ru	Палатин
4905259	ru	Палос-Гайтс
4905259	tr	Palos Heights
4905263	tr	Palos Hills
4905334	ru	Парк Сити
4905337	ru	Парк Форист
4905367	ru	Парк-Ридж
4905367	tr	Park Ridge
490554	ru	Сорочинск
4905599	ru	Пекин
4905687	ru	Пеория
4905770	ru	Перу
4906143	ru	Планом
4906143	tr	Plano
4906438	ru	Понтиак
4906527	ru	Поузен
4906818	ru	Принстон
490683	ru	Сомово
4907131	ru	Рантул
490750	ru	Сольцы
4907637	ru	Ривер Форист
4907706	ru	Риверсайд
4907863	ru	Рошелль
4907863	tr	Rochelle
4907898	tr	Rock Falls
4907907	ru	Рок-Айленд
4907959	ru	Рокфорд
4908052	ru	Ролинг Медоус
4908068	ru	Ромиовил
4908737	ru	Сент-Чарльз
4908737	tr	St. Charles
490971	ru	Солнцево
490996	az	Solneçnoqorsk
490996	ru	Солнечногорск
491019	ru	Соль-Илецк
491023	ru	Соликамск
491025	ru	Солигалич
4910543	ru	Сэндвич
4910543	tr	Sandwich
4910713	ru	Шаумбург
491085	ru	Солдато-Александровское
491145	ru	Сокольское
491155	ru	Соколовый
4911600	ru	Скоки
491171	ru	Соколово-Кундрюченский
4911863	tr	Güney Chicago
4911934	ru	Саут Холанд
4912303	ru	Спринг-Вэлли
4912499	ru	Стерлинг
491250	ru	Сокольники
4912698	ru	Стритор
4912698	tr	Streator
4912783	ru	Шугар Гроув
491280	ru	Сокол
491281	ru	Сокол
4913110	ru	Сикамор
491352	ru	Софрино
4913723	ru	Тинли Парк
491422	ru	Сочи
4914570	ru	Урбана
491480	ru	Собинка
4914830	ru	Вила Парк
4915545	ru	Вашингтон
4915545	tr	Washington
4915734	ru	Уокиган
491576	ru	Смышляевка
4915963	ru	Вест Чикаго
4916140	ru	Вестчестер
4916161	ru	Вестерн Спрингс
4916288	ru	Уитон
4916732	ru	Вилмет
4916740	ru	Уилмингтон
491685	ru	Смоленская
491687	az	Smolensk
491687	ru	Смоленск
491687	tr	Smolensk
4916891	ru	Уиннетка
4916975	tr	Wood Dale
4917123	ru	Вудсток
4917358	ru	Сион
4917358	tr	Zion
4917537	ru	Александрия
4917592	ru	Андерсон
4917614	ru	Ангола
4918234	ru	Блафтон
491882	ru	Слободской
491895	ru	Слободка
4918962	ru	Честертон
4919381	ru	Крофордсвил
4919564	ru	Декейтер
4919826	ru	Данлап
4919857	ru	Ист-Чикаго
4919857	tr	East Chicago
4919987	ru	Элкхарт
4919987	tr	Elkhart
4920041	ru	Элвуд
4920041	tr	Elwood
4920423	az	Fort Veyn
4920423	ru	Форт-Уэйн
4920473	ru	Франкфурт
4920600	ru	Гарретт
4920600	tr	Garrett
4920607	az	Qari
4920607	ru	Гэри
4920808	ru	Гошен
492094	ru	Славянск-на-Кубани
4921100	ru	Хаммонд
492112	ru	Славск
4921229	ru	Хартфорд Сити
4921402	ru	Хайленд
4921402	tr	Highland
4921476	ru	Хобарт
492162	ru	Сланцы
4921725	ru	Хантингтон
492218	ru	Скуратовский
4922252	tr	Kendallville
4922462	ru	Лафайет
4922968	ru	Логанспорт
4923041	ru	Лоуел
4923210	ru	Мэрион
492333	ru	Скоропусковский
4923531	az	Miçiqan-Siti
4923531	ru	Мичиган-Сити
4923531	tr	Michigan City
4923670	ru	Мишавока
4923745	ru	Монтисело
492376	ru	Скопин
4924006	ru	Манси
4924014	ru	Мюнстер
4924077	ru	Напани
4924104	ru	Нью-Хейвен
4924104	tr	New Haven
492448	ru	Сходня
4924733	ru	Перу
4924970	ru	Плимут
4925037	ru	Портленд
4925311	ru	Ренслер
4925519	ru	Рочестер
492579	ru	Сиверский
4926170	ru	Шервил
4926563	ru	Саут-Бенд
4927242	ru	Типтон
4927537	ru	Вальпараисо
492768	ru	Новосиньково
4927746	ru	Вобаш
4928096	ru	Уэст-Лафейетт
4928118	ru	Уэстфилд
492853	ru	Синегорский
4928662	ru	Абингтон
4928703	ru	Эктон
4928720	tr	Acushnet
4928733	ru	Адамс
4928788	tr	Agawam
4928934	tr	Allston
4929004	ru	Амэсбюри
4929022	ru	Амхерст
4929022	tr	Amherst
4929023	tr	Amherst Center
4929055	ru	Андовер
4929180	ru	Арлингтон
4929256	tr	Ashburnham
4929283	ru	Ашлэнд
4929376	ru	Атол
4929399	ru	Атлборо
4929399	tr	Attleboro
4929417	ru	Аубурн
492944	ru	Сим
4929532	tr	Back Bay
4930019	ru	Беконсфилд
4930183	ru	Бедфорд
4930183	tr	Bedford
4930282	ru	Белмонт
4930385	ru	Бэрклей
493040	ru	Сигаево
4930505	ru	Беверли
4930505	tr	Beverly
4930577	ru	Биллерика
4930577	tr	Billerica
4930738	ru	Блэкстоун
4930738	tr	Blackstone
4930804	ru	Блис Корнер
4930804	tr	Bliss Corner
4930956	az	Boston
4930956	ru	Бостон
4930956	tr	Boston
4931303	ru	Бриджуотер
4931429	az	Brokton
4931429	ru	Броктон
4931429	tr	Brockton
4931482	ru	Бруклин
4931482	tr	Brookline
493160	ru	Сибай
4931737	ru	Берлингтон
493184	ru	Шварцевский
4931972	az	Kembric
4931972	ru	Кембридж
4931972	tr	Cambridge
493231	az	Şuya
493231	ru	Шуя
4932388	ru	Гарвэр
493242	ru	Шувалово
4932819	ru	Чарльзтаун
4932819	tr	Charlestown
4932823	ru	Чарлтон
4932869	ru	Челмсфорд
4932879	ru	Челси
4932879	tr	Chelsea
4933002	ru	Чикопи
4933002	tr	Chicopee
493316	ru	Шушары
4933426	ru	Клинтон
4933493	tr	Cochituate
4933533	ru	Кохассэт
4933743	az	Konkord
4933743	ru	Конкорд
4933743	tr	Concord
4934429	ru	Далтон
4934500	ru	Денверс
493463	ru	Шумерля
4934827	ru	Дайтон
4934999	ru	Дуглас
4935038	ru	Дракат
4935125	ru	Дадлэй
4935304	tr	East Boston
4935434	ru	Ист Лонгмидоу
4935578	tr	Eastham
4935582	ru	Истгемптон
4935582	tr	Easthampton
4935623	ru	Истон
4935623	tr	Easton
4936008	az	Everett
4936008	ru	Эверетт
4936008	tr	Everett
4936087	ru	Файэхавен
4936159	ru	Фолл-Ривер
4936812	ru	Фитчберг
4936812	tr	Fitchburg
493702	ru	Михайловск
4937222	ru	Фоксборо
4937230	ru	Фреймингем
4937230	tr	Framingham
4937276	ru	Франклин
4937276	tr	Franklin
4937355	tr	Freetown
4937557	ru	Гарднер
4937557	tr	Gardner
4937829	ru	Глостер
4938048	tr	Grafton
4938157	ru	Грит Баррингтон
4938378	ru	Гринфилд
4938378	tr	Greenfield
493839	ru	Шолоховский
4938501	ru	Грувлэнд
4938652	ru	Халифакс
4938738	tr	Hampden
4938836	ru	Ханоувэ
4938957	ru	Харвард
4939004	ru	Харвич
4939085	ru	Хаверхилл
4939085	tr	Haverhill
4939637	ru	Холбрук
4939647	ru	Хоулдэн
4939693	ru	Холлистон
493970	ru	Шлиссельбург
4939783	ru	Холиок
4939783	tr	Holyoke
493997	ru	Шкуринская
4940094	ru	Гудзон
4940190	ru	Хаянис
4941383	ru	Кингстон
4941635	ru	Ланкастер
4941720	ru	Лоуренс
4941720	tr	Lawrence
4941835	ru	Лестер
4941835	tr	Leicester
4941873	ru	Леоминстере
4941873	tr	Leominster
4941935	ru	Лексингтон
4942021	ru	Линкольн
4942021	tr	Lincoln
494249	ru	Широчанка
4942618	az	Louell
4942618	ru	Лоуэлл
4942618	tr	Lowell
4942744	ru	Ладлоу
4942807	ru	Линн
4942807	tr	Lynn
4942975	ru	Манчестер
4943021	ru	Мэнсфилд
4943097	ru	Марблхед
4943097	tr	Marblehead
4943144	ru	Мэрион
4943170	az	Malboro
4943170	ru	Марлборо
4943170	tr	Marlborough
4943297	tr	Mashpee
4943426	tr	Mattapan
4943432	ru	Маттапойсэт
4943490	ru	Мэйнард
4943629	az	Medford
4943629	ru	Медфорд
4943629	tr	Medford
4943677	ru	Мелроуз
4943746	ru	Мэндон
4943784	ru	Мэрримак
4943828	ru	Метьюэн
4943828	tr	Methuen
4943926	ru	Миддлтон
4943926	tr	Middleton
4943958	ru	Милфорд
4944122	ru	Милбери
4944122	tr	Millbury
4944173	ru	Миллис
4944173	tr	Millis
4944193	ru	Мильтон
494427	ru	Шилово
4944350	ru	Монсон
4944413	ru	Монтаг
4944994	ru	Нейтик
4944994	tr	Natick
4945121	ru	Нью-Бедфорд
494519	ru	Шиханы
4945256	ru	Ньюбюрипорт
4945283	az	Nyuton
4945283	ru	Ньютон
4945283	tr	Newton
494531	ru	Шигоны
4945453	ru	Норфолк
4945486	ru	Норт-Адамс
4945486	tr	North Adams
4945497	tr	North Amherst
4945734	ru	Норс Ридинг
4945819	ru	Нортхемптон
4945840	tr	Northborough
4945848	ru	Норсбридж
4945911	ru	Нортон
4945936	ru	Норвэлл
4946546	ru	Оксфорд
4946863	ru	Пибоди
4946863	tr	Peabody
4947397	ru	Пайнгерст
4947397	tr	Pinehurst
4947459	ru	Питсфилд
4947459	tr	Pittsfield
4947490	ru	Плейнвилль
4947597	ru	Плимут
494806	ru	Шереметьевский
4948247	az	Kuinsi
4948247	ru	Куинси
4948247	tr	Quincy
4948403	ru	Рандольф
4948449	ru	Рэйнхам
4948462	ru	Рединг
4948545	ru	Рэхобос
494877	ru	Шентала
494884	ru	Шенкурск
4948924	ru	Роклэнд
494900	ru	Шемышейка
4949068	tr	Roslindale
494925	ru	Шемордан
495000	ru	Шелковская
4950065	ru	Салем
4950065	tr	Salem
495062	ru	Шексна
4950654	ru	Шарон
4950898	ru	Шрусбери
495112	ru	Шебекино
4951248	ru	Сомерсет
4951257	ru	Сомервилл
4951257	tr	Somerville
495136	ru	Щукино
4951591	ru	Соусбороу
4951594	ru	Саутбридж
4951594	tr	Southbridge
4951788	ru	Спрингфилд
4952005	ru	Стерлинг
495206	ru	Щигры
4952121	ru	Стоунхем
4952206	ru	Стоутон
4952217	ru	Стоу
4952320	ru	Садбери
4952320	tr	Sudbury
4952444	ru	Саттан
4952468	ru	Свампскотт
4952468	tr	Swampscott
495260	ru	Щербинка
4952629	ru	Тонтон
4952731	ru	Тэмплтон
4952762	ru	Тьюксбери
495344	ru	Щёлково
4953804	ru	Аксбридж
495394	ru	Щекино
4954364	ru	Уолпол
4954364	tr	Walpole
4954380	ru	Уолтем
4954380	tr	Waltham
4954611	az	Vatertaun
4954611	ru	Уотертаун
4954611	tr	Watertown
4954738	ru	Уэлсли
4954850	ru	Вэст Боулстон
4954886	ru	Вэст Бриджуатэ
4954923	tr	West Concord
4955089	ru	Уэст-Спрингфилд
4955089	tr	West Springfield
4955128	tr	West Roxbury
4955143	ru	Уэст-Ярмут
4955143	tr	West Yarmouth
495518	az	Şatura
495518	ru	Шатура
4955190	ru	Уэстфилд
4955190	tr	Westfield
4955247	ru	Вэстминстер
4955259	ru	Уэстон
4955259	tr	Weston
495532	ru	Шацк
4955539	ru	Уайтинсвилл
4955539	tr	Whitinsville
4955544	ru	Витман
495562	ru	Шатки
4955840	ru	Уилмингтон
4955840	tr	Wilmington
4955884	ru	Уинчестер
4955993	ru	Уинтроп
4955993	tr	Winthrop
4956032	az	Vubern
4956032	ru	Вуберн
4956032	tr	Woburn
4956184	ru	Вустер
495619	ru	Шарья
4956266	ru	Врэнсам
4956335	ru	Ярмаус
495670	ru	Шарлык
495688	ru	Шаркан
4956976	ru	Оберн
4957003	az	Augusta
4957003	ru	Огаста
4957003	tr	Augusta
4957280	ru	Бангор
4957570	ru	Бат
495767	ru	Шаранга
495770	ru	Шаран
4957956	ru	Белфаст
4958141	ru	Биддефорд
495891	ru	Шамхал-Термен
495893	ru	Шамхал
495915	ru	Шаля
495918	ru	Шалушка
4959233	ru	Бревер
4959233	tr	Brewer
4959473	ru	Брауншвейг
495957	az	Şali
495957	ru	Шали
495969	ru	Шалажи
4959799	tr	Buxton
496012	ru	Шахунья
496015	az	Şaxtı
496015	ru	Шахты
496015	tr	Şahti
496035	ru	Шаховская
496246	ru	Севск
496267	ru	Северская
496269	ru	Северо-Задонск
496275	ru	Североуральск
496278	ru	Североморск
496285	ru	Северодвинск
496348	ru	Северный
496358	ru	Северный
496456	ru	Сетунь
496478	ru	Сестрорецк
496478	tr	Sestroretsk
496503	ru	Сеща
496519	ru	Сертолово
496527	ru	Серпухов
4965481	ru	Горхэм
496561	ru	Сернур
496564	ru	Серноводское
496610	ru	Сергокала
496638	ru	Сергиев Посад
4967563	ru	Хоултон
496802	ru	Сергач
4968729	ru	Кеннебанк
4968729	tr	Kennebunk
496879	ru	Серебряные Пруды
496934	ru	Сердобск
4969398	ru	Льюистон
496954	ru	Серафимовский
496957	ru	Серафимович
497019	ru	Сенной
497094	ru	Сенгилей
497206	ru	Семилуки
497218	ru	Семикаракорск
497242	ru	Семибратово
497271	ru	Семёновское
4973259	ru	Нью Глоусестэр
497391	ru	Семеновка
4974194	ru	Олд-Орчард-Бич
4974194	tr	Old Orchard Beach
4974313	ru	Ороно
4974313	tr	Orono
497450	ru	Семёнов
4974617	ru	Париж
49747	az	Huddur
49747	ru	Худдур
49747	tr	Huddur
497534	ru	Селятино
497547	ru	Селты
4975603	ru	Полэнд
4975802	ru	Портленд
4975802	tr	Portland
4975966	ru	Преск-Айл
497610	ru	Сельцо
497661	ru	Селижарово
4977222	ru	Сако
4977762	ru	Санфорд
4977762	tr	Sanford
4979050	ru	Соус Бервик
4979244	ru	Саут-Портленд
497927	ru	Сегежа
497984	ru	Сеченово
498001	ru	Себеж
4981250	ru	Турнэр
498210	ru	Савинское
4982218	tr	Waterboro
4982236	ru	Уотервилл
498264	ru	Савино
4982753	ru	Уэстбрук
4983572	tr	Yarmouth
4983811	ru	Адриан
4983905	tr	Albion
4983989	ru	Алеган
4984016	tr	Allen Park
4984029	ru	Аллендейл
4984029	tr	Allendale
4984049	tr	Alma
498418	ru	Сатка
4984247	ru	Анн-Арбор
4984247	tr	Ann Arbor
4984565	ru	Оберн-Хиллс
4984565	tr	Auburn Hills
498501	ru	Сарс
4985180	ru	Бей-Сити
498525	ru	Саров
498537	ru	Сарманово
498538	ru	Сармаково
4985552	tr	Belding
4985711	ru	Бентон-Харбор
4985711	tr	Benton Harbor
4985744	tr	Berkley
4985891	ru	Бевърли Хилс
4986020	ru	Биг Рапидс
4986172	ru	Бирмингем
4986172	tr	Birmingham
498672	ru	Саратовская
498677	az	Saratov
498677	ru	Саратов
498677	tr	Saratov
498687	ru	Сарапул
4986963	ru	Бриджпорт
498698	az	Saransk
498698	ru	Саранск
498698	tr	Saransk
4986994	ru	Брайтон
4986994	tr	Brighton
498708	ru	Саракташ
498711	ru	Сараи
4987482	ru	Бертон
4987617	ru	Кадиллак
498817	az	Sankt-Peterburq
498817	ru	Санкт-Петербург
498817	tr	Sankt Peterburg
4988400	ru	Сентер-Лайн
4988584	ru	Шарлотт
4988628	az	Çelsi
498877	ru	Санчурск
4989005	tr	Clawson
498956	ru	Самойловка
4990242	ru	Катлервил
499040	ru	Самбек
499051	ru	Самашки
4990510	ru	Дирборн
4990512	ru	Дирборн Хэйтс
499055	ru	Самарское
4990729	az	Detroyt
4990729	ru	Детройт
4990729	tr	Detroit
499099	az	Samara
499099	ru	Самара
499099	tr	Samara
4991111	tr	Dowagiac
4991600	ru	Ист Гранд Рапидс
499161	ru	Сальск
4991640	az	İst-Lensinq
4991640	ru	Ист-Лансинг
4991640	tr	East Lansing
4991735	ru	Истпойнт
4991735	tr	Eastpointe
4991753	ru	Итон Рапидс
4991791	tr	Ecorse
4992394	ru	Фейр-Плейн
4992519	ru	Фармингтон
4992519	tr	Farmington
4992523	ru	Фармингтон-Хилс
4992523	tr	Farmington Hills
4992612	tr	Fenton
4992635	ru	Ферндейл
4992635	tr	Ferndale
499292	ru	Салават
4992940	ru	Флат Рок
4992982	ru	Флинт
4993022	ru	Флушинг
4993022	tr	Flushing
4993321	ru	Франкенмут
4993369	tr	Fraser
4993402	ru	Фриланд
4993659	ru	Гарден Сити
4993659	tr	Garden City
499404	ru	Сагопши
4994325	ru	Гранд Хэйвен
4994358	ru	Гранд-Рапидс
4994358	tr	Grand Rapids
4994391	tr	Grandville
499453	ru	Сафоново
4994763	ru	Гринвилл
4994763	tr	Greenville
4994862	az	Qross-Puent
4994862	ru	Гросс-Пойнт
4994862	tr	Grosse Pointe
4994864	ru	Гросс-Пойнт-Фармс
4994864	tr	Grosse Pointe Farms
4994868	tr	Grosse Pointe Park
4995197	ru	Хамтрамк
4995197	tr	Hamtramck
499528	ru	Садовое
499535	ru	Садовое
4995368	tr	Harper Woods
4995520	ru	Хейстингс
4995664	ru	Хазел Парк
4995664	tr	Hazel Park
4996017	az	Highland Park
4996017	ru	Хайленд Парк
4996017	tr	Highland Park
4996248	ru	Голландия
4996248	tr	Holland
4996832	az	Hantinqton-Vuds
4996832	ru	Хантингтон-Вудс
499717	az	Rjov
499717	ru	Ржев
499717	tr	Rjev
4997191	ru	Айония
4997232	ru	Айрон Маунтин
4997249	tr	Ironwood
4997281	az	İşpeminq
4997281	ru	Иш­пе­минг
4997281	tr	Ishpeming
4997384	ru	Джексон
499778	ru	Ржаница
4997787	ru	Каламазу
499782	ru	Ржакса
4998018	ru	Кентвуд
4998018	tr	Kentwood
499811	ru	Рыздвяный
4998189	ru	Кингсфорд
4998769	ru	Ламбертвил
4998830	az	Lansing
4998830	ru	Лансинг
4998830	tr	Lansing
4998842	ru	Лапир
4999311	tr	Lincoln Park
499975	ru	Рыбное
4999837	ru	Ливония
499987	ru	Рыбная Слобода
500004	az	Rıbinsk
500004	ru	Рыбинск
500004	tr	Rıbinsk
500019	ru	Рыбацкое
500047	ru	Ряжск
5000500	ru	Мэдисон Хэйтс
5000500	tr	Madison Heights
500060	ru	Рязанская
5000611	ru	Манисти
5000947	ru	Маркетт
500096	az	Ryazan
500096	ru	Рязань
500096	tr	Ryazan
5000996	ru	Маршалл
5001093	ru	Мейсон
5001634	ru	Мэлвиндэйл
5001634	tr	Melvindale
5001929	ru	Мидланд
5001972	ru	Милфорд
5002344	ru	Монро
5002714	ru	Маунт-Плезант
500299	ru	Рузаевка
500303	ru	Руза
5003132	ru	Маскегон
5003140	ru	Маскигон-Хайтс
5003140	tr	Muskegon Heights
5003369	ru	Нью-Балтимор
5003369	tr	New Baltimore
5003514	ru	Найлс
5003514	tr	Niles
5003956	ru	Нортвил
5003956	tr	Northville
500400	ru	Русский Камешкир
5004005	tr	Norton Shores
5004062	ru	Новый
5004062	tr	Novi
5004188	az	Oak-Park
5004188	ru	Оук-Парк
5004188	tr	Oak Park
5004359	ru	Окемос
5004792	ru	Овоссо
5004792	tr	Owosso
500589	ru	Румянцево
5006059	ru	Плимут
5006059	tr	Plymouth
5006166	ru	Понтиак
5006233	ru	Порт-Гурон
5006250	ru	Портидж
5006250	tr	Portage
500667	ru	Рудня
500678	ru	Рудня
5006917	ru	Редфорд
500695	ru	Рудничный
5007141	ru	Ричмонд
5007247	tr	River Rouge
5007323	tr	Riverview
5007400	ru	Рочестер
5007400	tr	Rochester
5007402	ru	Рочестер-Хилс
5007402	tr	Rochester Hills
5007436	ru	Рокфорд
5007531	ru	Ромул
5007531	tr	Romulus
5007655	ru	Розвелл
5007655	tr	Roseville
5007804	az	Royal-Ou
5007804	ru	Ройал-Ок
5007804	tr	Royal Oak
5007989	ru	Сагино
5008327	ru	Сент-Джозеф
5008414	ru	Сент-Луис
500843	ru	Рублёво
5008768	tr	Saline
500886	az	Rtişevo
500886	ru	Ртищево
5009004	ru	Су-Сент-Мари
5009717	ru	Шилдс
501027	ru	Рождествено
5010548	tr	South Lyon
5010636	ru	Саутфилд
5010636	tr	Southfield
501091	ru	Ровное
5010917	ru	Спрингфилд
5011148	ru	Стерлинг-Хайтс
5011148	tr	Sterling Heights
501127	ru	Ровеньки
5011428	ru	Старгис
5011428	tr	Sturgis
501175	az	Rostov-na-Donu
501175	ru	Ростов-на-Дону
501175	tr	Rostov-na-Donu
501183	ru	Ростов Великий
501187	ru	Ростокино
5011908	ru	Тейлор
5011908	tr	Taylor
5011973	ru	Текумсе
5011973	tr	Tecumseh
501215	ru	Россошь
501231	ru	Россошь
5012521	ru	Трентон
5012521	tr	Trenton
5012639	ru	Троя
501265	ru	Росляково
501283	ru	Рославль
501296	ru	Рощино
501318	ru	Мариенбург
501320	ru	Рошаль
501349	ru	Ромоданово
5013924	tr	Walker
501405	ru	Романовская
5014051	ru	Уоррен
5014051	tr	Warren
5014130	ru	Уотерфорд
5014224	ru	Уэйн
5014224	tr	Wayne
501440	ru	Романовка
501468	ru	Романовка
5014681	ru	Уэстленд
5014681	tr	Westland
5014946	ru	Уитмор-Лейк
5015351	tr	Wixom
5015456	tr	Woodhaven
5015618	tr	Wyoming
5015688	ru	Ипсиланти
5015701	ru	Зиленд
5015701	tr	Zeeland
501579	ru	Роговская
5016024	ru	Альберт-Ли
5016051	ru	Альбертвилл
5016051	tr	Albertville
5016108	ru	Александрия
5016374	ru	Андовер
5016374	tr	Andover
5016450	ru	Анока
5016494	ru	Апл-Валли
5016494	tr	Apple Valley
5016553	ru	Арден-Хилс
5016553	tr	Arden Hills
5016884	ru	Остин
501716	ru	Родниковская
501730	ru	Родники
5017396	ru	Бакстер
5017396	tr	Baxter
501774	ru	Родионово-Несветайская
501775	ru	Родионово-Несветаиское
5017761	ru	Белл-Плейн
5017761	tr	Belle Plaine
5017822	ru	Бемиджи
5018285	ru	Биг-Лейк
5018285	tr	Big Lake
5018739	ru	Блумингтон
5019116	ru	Брейнерд
5019330	ru	Бруклин-Сентер
5019335	ru	Бруклин-Парк
5019335	tr	Brooklyn Park
5019588	ru	Буффало
5019767	ru	Бернсвилл
5019767	tr	Burnsville
5019890	ru	Байрон
5019890	tr	Byron
5020068	ru	Кембридж
502010	ru	Ревда
502011	ru	Ревда
502018	ru	Реутов
502078	ru	Решетиха
5020859	ru	Чамплин
5020859	tr	Champlin
5020881	ru	Шанхассен
5020881	tr	Chanhassen
5020938	ru	Часка
5021632	az	Klokey
5021632	ru	Клокей
5021632	tr	Cloquet
5021828	ru	Коламбия-Хайтс
502185	ru	Ремонтное
5022025	ru	Кун-Рапидс
5022025	tr	Coon Rapids
5022050	ru	Коркоран
5022050	tr	Corcoran
5022134	ru	Коттидж-Гров
5022134	tr	Cottage Grove
502265	ru	Редкино
5023465	ru	Крукстон
5023571	ru	Кристал
5023571	tr	Crystal
5023970	ru	Дейтон
502400	ru	Разумное
5024138	ru	Делано
5024138	tr	Delano
5024237	ru	Детройт-Лейкс
5024719	ru	Дулут
5024825	ru	Иган
5024937	ru	Ист-Бетел
5024937	tr	East Bethel
5024996	ru	Ист-Гранд-Форкс
5024996	tr	East Grand Forks
5025219	ru	Иден-Прери
5025219	tr	Eden Prairie
5025264	ru	Идайна
5025264	tr	Edina
502540	ru	Раевский
502542	ru	Раевская
5025471	ru	Элк-Ривер
5026114	ru	Фэрмонт
5026251	ru	Фолкон-Хайтс
5026251	tr	Falcon Heights
5026291	ru	Фэрибо
5026321	ru	Фармингтон
5026321	tr	Farmington
5026416	ru	Фергус-Фолс
5027117	ru	Форест-Лейк
5027117	tr	Forest Lake
5027482	ru	Фридли
5027482	tr	Fridley
502793	ru	Рассказово
502797	ru	Расшеватская
5028163	ru	Голден-Валли
5028163	tr	Golden Valley
5028537	ru	Гранд-Рапидс
502895	ru	Рамонь
5029181	ru	Хам-Лейк
5029500	ru	Хейстингс
502965	ru	Раменское
502971	ru	Раменки
5029952	ru	Хермантаун
5029952	tr	Hermantown
5030005	ru	Хиббинг
503067	ru	Ракитное
5030670	ru	Хопкинс
5030670	tr	Hopkins
5030884	ru	Хьюго
5030884	tr	Hugo
5030977	ru	Хатчинсон
5030977	tr	Hutchinson
5031404	ru	Интернашенал-Фолс
5031412	ru	Инвер-Гров-Хайтс
5031412	tr	Inver Grove Heights
5031489	ru	Исанти
5031489	tr	Isanti
5032106	ru	Джордан
5032106	tr	Jordan
5032920	ru	Кассон
5032920	tr	Kasson
5033727	ru	Лейк-Сити
5033727	tr	Lake City
503374	ru	Пыталово
5033762	ru	Лейк-Элмо
5033762	tr	Lake Elmo
5033783	ru	Зиммерман
5033783	tr	Zimmerman
5034059	ru	Лейквилл
5034059	tr	Lakeville
5034767	ru	Лайно-Лейкс
5034767	tr	Lino Lakes
5034813	ru	Литчфилд
5034905	ru	Литл-Канада
5034905	tr	Little Canada
5034970	ru	Литл-Фолс
503550	ru	Пятигорск
5036295	ru	Матомидай
5036295	tr	Mahtomedi
5036420	ru	Манкейто
5036493	ru	Мейпл-Гров
5036493	tr	Maple Grove
5036588	ru	Мэйплвуд
5036588	tr	Maplewood
5036727	ru	Маршалл
5037186	ru	Медина
5037186	tr	Medina
5037280	ru	Мендота-Хайтс
5037649	ru	Миннеаполис
5037649	tr	Minneapolis
5037784	ru	Миннетонка
5037784	tr	Minnetonka
5037793	ru	Минитриста
5037793	tr	Minnetrista
5038018	ru	Монтевидео
5038045	ru	Монтиселло
5038045	tr	Monticello
5038108	ru	Мурхед
5038252	ru	Моррис
5038348	ru	Маунд
5038348	tr	Mound
5038373	ru	Маундс-Вью
5038373	tr	Mounds View
503878	ru	Пустошка
5039080	ru	Нью-Брайтон
5039080	tr	New Brighton
5039094	ru	Нью-Хоп
5039094	tr	New Hope
5039133	ru	Нью-Прейг
5039133	tr	New Prague
5039173	ru	Нью-Алм
5039421	ru	Норт-Бранч
5039421	tr	North Branch
5039537	ru	Норт-Манкейто
503965	ru	Пушкинские Горы
5039675	ru	Нортфилд
5039675	tr	Northfield
503977	az	Puşkino
503977	ru	Пушкино
5039857	ru	Ок-Гров
5039857	tr	Oak Grove
5039978	ru	Окдейл
5039978	tr	Oakdale
504003	ru	Пушкин
5040332	ru	Ороно
5040332	tr	Orono
504042	ru	Пущино
5040477	ru	Отсиго
5040477	tr	Otsego
5040647	ru	Оватонна
5041926	ru	Плимут
5041926	tr	Plymouth
5042373	ru	Прайор-Лейк
5042373	tr	Prior Lake
504250	ru	Pugachëv
5042561	ru	Рамси
504269	ru	Пудож
5042773	ru	Ред-Уинг
5042832	ru	Редвуд-Фолс
504294	ru	Пучеж
504317	ru	Псыж
5043193	ru	Ричфилд
504327	ru	Псыгансу
504341	az	Pskov
504341	ru	Псков
504341	tr	Pskov
5043439	ru	Роббинсдейл
5043439	tr	Robbinsdale
5043473	ru	Рочестер
5043608	ru	Роджерс
5043608	tr	Rogers
5043779	ru	Росмаунт
5043779	tr	Rosemount
5043799	ru	Розвелл
5043799	tr	Roseville
504388	ru	Пседах
504391	ru	Псебай
504416	ru	Прямицыно
5044896	ru	Сент-Джозеф
5045258	ru	Сент-Майкл
5045258	tr	St. Michael
5045360	az	Sent Pol
5045360	ru	Сент-Пол
5045360	tr	St. Paul
504576	ru	Протвино
5046001	ru	Сартелл
5046001	tr	Sartell
5046038	ru	Сок-Рапидс
5046038	tr	Sauk Rapids
5046063	ru	Савидж
5046063	tr	Savage
5046997	ru	Шейкопе
5047234	ru	Шорвью
5047236	tr	Shorewood
504806	ru	Пролетарский
504831	ru	Пролетарск
5048361	ru	Спринг-Лейк-Парк
5048361	tr	Spring Lake Park
504840	ru	Пролетарий
5048796	ru	Стьюартвилл
5048796	tr	Stewartville/Minnesota
5048814	ru	Стиллуотер
504915	ru	Прохоровка
504935	ru	Прохладный
5049970	ru	Тиф-Ривер-Фолс
505014	ru	Приютово
505019	ru	Приютное
505057	ru	Приволжский
505060	az	Privoljsk
505060	ru	Приволжск
5051197	ru	Ваднес-Хайтс
5051197	tr	Vadnais Heights
5051387	ru	Виктория
5051387	tr	Victoria
5051468	ru	Верджиния
5051468	tr	Virginia
505154	ru	Пристень
5051640	tr	Waconia
5051694	ru	Уэйт-Парк
5051694	tr	Waite Park
5051902	ru	Уосика
505230	ru	Приозерск
505259	az	Primorsko-Axtarsk
505259	ru	Приморско-Ахтарск
5052658	ru	Уайт-Бэр-Лейк
5052658	tr	White Bear Lake
505269	ru	Приморск
5052916	ru	Уилмар
5053156	ru	Вайнона
5053358	ru	Вудбери
5053460	ru	Уэртингтон
5053526	ru	Вайоминг
5053526	tr	Wyoming
505421	ru	Придонской
505539	ru	Преградная
505581	ru	Правокумское
505597	ru	Правдинский
505641	ru	Прасковея
5057562	ru	Трентон
505806	ru	Поворино
505824	ru	Поварово
5058868	ru	Девилс Лейк
5059163	ru	Фарго
5059429	ru	Гранд-Форкс
506029	ru	Пошехонье
506043	ru	Котловка
506117	ru	Аннино
5062458	ru	Вест-Фарго
5062458	tr	West Fargo
506278	ru	Порхов
506286	ru	Порецкое
506320	ru	Попутная
5063646	ru	Биатрис
5063805	ru	Белвью
5066001	ru	Колумбус
506612	ru	Понтонный
5066435	ru	Крит
506762	ru	Полярные Зори
506763	ru	Полярный
506782	ru	Поляны
5068725	ru	Фримонт
5069297	ru	Гранд-Айленд
5069802	ru	Хейстингс
5071348	ru	Керни
5071665	ru	Ла-Виста
5071665	tr	La Vista
5071934	ru	Лексингтон
5072006	az	Linkoln
5072006	ru	Линкольн
5072006	tr	Lincoln
507291	ru	Полесск
507318	ru	Полазна
507338	ru	Покровское-Стрешнёво
5073661	ru	Небраска-Сити
5073965	ru	Норфолк
5073965	tr	Norfolk
507427	ru	Покровское
5074472	ru	Омаха
5074472	tr	Omaha
507479	ru	Покрово-Пригородное
5074792	ru	Папилион
507599	ru	Покров
507612	ru	Покойное
507624	ru	Похвистнево
5078641	ru	Счуйлер
507875	ru	Погар
5079250	ru	Саут-Су-Сити
5079250	tr	South Sioux City
508034	ru	Подпорожье
508101	ru	Подольск
5082331	ru	Йорк
5082811	ru	Аубёрн
5083023	ru	Баррингтон
5083221	ru	Бедфорд
5083330	ru	Берлин
5083330	tr	Berlin
508362	ru	Подгорное
508390	ru	Подгорная
508394	ru	Подгоренский
5084518	ru	Честер
5084633	ru	Клермонт
5084633	tr	Claremont
5084868	az	Konkord
5084868	ru	Конкорд
5084868	tr	Concord
5085374	ru	Дерри
5085520	ru	Довер
5085618	ru	Дарем
508606	az	Poçinok
508606	ru	Починок
5086344	ru	Франклин
5086344	tr	Franklin
508635	ru	Починки
5086544	ru	Гилфорд
508656	ru	Почеп
5087105	ru	Хэмпстед
5087110	ru	Хэмптон
508751	ru	Рязанский
5087559	ru	Холлис
5087639	ru	Хопкинтон
5087639	tr	Hopkinton
5087752	ru	Гудзон
5088262	ru	Кин
5088377	ru	Кингстон
5088597	ru	Лебанон
5088597	tr	Lebanon
5088753	ru	Литчфилд
5088753	tr	Litchfield
5088905	ru	Лондондерри
5089178	az	Mançester
5089178	ru	Манчестер
5089178	tr	Manchester
5089478	ru	Мерримак
5089578	ru	Милфорд
5089850	ru	Моултонбороу
5090046	ru	Нашуа
5090183	ru	Нью Ипсуич
5090183	tr	New Ipswich
5090246	ru	Ньюмаркет
509026	ru	Плесецк
5090459	ru	Норсфилд
509052	ru	Плавск
5090918	tr	Pembroke
509113	ru	Платнировская
509124	ru	Пластуновская
5091383	az	Portsmut
5091383	ru	Портсмут
5091383	tr	Portsmouth
5091744	ru	Риндж
5091872	ru	Рочестер
5091872	tr	Rochester
5092268	ru	Салем
5092268	tr	Salem
509234	ru	Питкяранта
509269	ru	Питерка
5092813	tr	Somersworth
5092902	tr	South Hooksett
5093360	tr	Suncook
5093422	ru	Сванзэй
509392	ru	Пироговский
5094329	tr	Weare
509437	ru	Пионерский
5094817	ru	Виндхам
509487	ru	Пиндуши
509538	ru	Пильна
5095409	ru	Баскин-Ридж
5095445	ru	Бейонн
5095826	ru	Бунтон
509598	ru	Пикалёво
5096057	tr	Budd Lake
5096075	ru	Берлингтон
5096133	ru	Колдуэлл
5096686	ru	Клиффсайд Парк
5096699	ru	Клифтон
5096832	ru	Колумбус
509697	ru	Петушки
5097017	ru	Крэнфорд
5097152	ru	Дейтон
5097315	ru	Довер
5097459	ru	Ист-Ратерфорд
5097529	ru	Эдисон
5097598	ru	Элизабет
5097672	ru	Энглвуд
5097769	ru	Файэ Хивэн
5097778	ru	Феърфилд
5098109	ru	Фордс
5098135	ru	Форт Ли
509820	az	Petrozavodsk
509820	ru	Петрозаводск
509820	tr	Petrozavodsk
5098242	ru	Франклин Лэйкс
509826	ru	Петров Вал
5098343	ru	Гарфилд
5098436	ru	Глен-Рок
509850	ru	Петровск
5098617	ru	Грин Нол
5098706	ru	Хакенсак
5098781	ru	Хамилтон Сквер
5098781	tr	Hamilton Square
5098863	ru	Харрисон
5098878	ru	Хасброук Хэйтс
5099057	ru	Хайленд Парк
5099133	ru	Хобокен
5099289	ru	Хопатконг
5099738	ru	Айслин
509981	ru	Петровская
5099836	ru	Джерси-Сити
509985	ru	Петровская
509987	ru	Петровск
5099961	ru	Кинсбург
5099967	ru	Керни
5100155	tr	Lake Hiawatha
5100280	ru	Лейквуд
5100399	ru	Леониа
5100498	ru	Линкрофт
5100506	ru	Линден
5100572	ru	Ливингстон
5100604	ru	Лоди
5100619	ru	Лонг Бранч
5100748	ru	Мадисон
5100776	ru	Махвах
5100809	ru	Манаскуан
5100940	ru	Матаван
5101073	tr	Mendham Borough
5101103	ru	Мерсервил
5101103	tr	Mercerville
5101125	ru	Метачен
5101178	ru	Мидланд Парк
510132	ru	Петра Дубрава
5101361	ru	Монтвэйл
5101417	ru	Моррис Плэйнс
5101459	ru	Маунт Арлингтон
510171	ru	Петропавловская
5101717	ru	Нью-Брансуик
5101766	ru	Новые Милфорд
5101775	ru	Нью-Провиденс
5101798	ru	Ньюарк
5101848	ru	Ньютон
5101938	ru	Норс Плэйнфилд
5102118	ru	Окленд
5102208	ru	Ораделл
510225	ru	Петродворец
5102369	ru	Палисэйдс Парк
5102378	ru	Пэлмира
5102387	ru	Парамус
5102400	ru	Парк Ридж
5102427	ru	Парсиппани
5102443	ru	Пассаик
5102466	ru	Патерсон
5102691	ru	Пайн-Лейк-Парк
5102720	ru	Плейнфилд
5102796	ru	Пойнт Плезънт
5102825	ru	Помптон Лэйкс
510291	ru	Петергоф
510291	tr	Petergof
5102922	ru	Принстон
5102973	ru	Проспект Парк
5103086	ru	Рэмси
5103095	ru	Рамтаун
5103116	ru	Раритан
5103254	ru	Риджфилд
5103256	ru	Риджфилд Парк
5103269	ru	Риджвуд
5103286	ru	Рингвуд
5103301	ru	Риверэдж
5103374	ru	Робертсвил
510342	ru	Пестрецы
510347	ru	Пестравка
5103564	ru	Рамсон
510364	ru	Пестово
510410	ru	Песочный
5104404	ru	Сэйрвилл
5104630	ru	Шорт-Хилс
510473	ru	Песковка
5104755	ru	Сомерсет
5104844	ru	Соус Плэйнфилд
5104853	ru	Саут-Ривер
5104907	ru	Спотсвуд
5104952	ru	Спрингфилд
5105300	ru	Тенафлай
5105455	ru	Тотова
5105496	az	Trenton
5105496	ru	Трентон
5105496	tr	Trenton
5105594	tr	Twin Rivers
5105615	ru	Юнион Бич
5105634	ru	Юнион-Сити
5106057	ru	Вашингтон
510613	ru	Песчанокопское
5106184	ru	Уихокен
5106184	tr	Weehawken
5106292	ru	Вэст Нью Йорк
5106331	ru	Уэстфилд
5106365	tr	Whippany
5106378	tr	White Horse
5106379	tr	White Meadow Lake
5106645	ru	Йорктаун
5106834	az	Olbani
5106834	ru	Олбани
5106834	tr	Albany
5106857	ru	Альбертсон
5106857	tr	Albertson
5107129	ru	Амхерст
5107140	ru	Амитивил
5107152	ru	Амстердам
5107464	ru	Астория
5107505	ru	Оберн
5107612	ru	Бабилон
5107760	ru	Болдуин
5107771	ru	Волдвин Хабор
5107771	tr	Baldwin Harbor
5107785	ru	Болдвинсвил
5107812	ru	Болстон Спа
510808	ru	Первоуральск
5108093	ru	Батавия
5108110	ru	Бат
5108169	ru	Бей-Шор
5108169	tr	Bay Shore
5108179	tr	Baywood
5108193	tr	Bayside
5108219	az	Beason
5108219	ru	Бикон
5108219	tr	Beacon
510842	ru	Первомайское
5108707	ru	Белмор
5108707	tr	Bellmore
5108815	ru	Бенсонхерст
5108815	tr	Bensonhurst
510899	ru	Первомайский
510911	ru	Первомайский
5109177	ru	Бингемтон
5109177	tr	Binghamton
5109479	ru	Блаувелт
5109694	tr	Bohemia
5109790	ru	Боро-Парк
5109790	tr	Borough Park
5109797	ru	Бостон
510997	ru	Первомайская
511002	ru	Первомайск
5110077	tr	Brentwood
5110108	ru	Брайрклифф-Мэнор
5110159	ru	Брайтон
5110227	ru	Брокпорт
5110266	ru	Бронкс
5110269	ru	Бронксвил
5110302	ru	Бруклин
5110302	tr	Brooklyn
5110446	ru	Браунсвилл
5110446	tr	Brownsville
5110629	ru	Буффало
5110918	ru	Бушуик
5110918	tr	Bushwick
5111141	tr	Cambria Heights
511196	az	Perm
511196	ru	Пермь
511196	tr	Perm
5111974	ru	Сидархерст
5112020	ru	Сентер-Моричес
5112020	tr	Center Moriches
5112038	ru	Сентерпорт
5112038	tr	Centerport
5112078	ru	Сентрал-Айслип
5112078	tr	Central Islip
5112540	ru	Чайна-таун
511264	ru	Переясловская
511287	ru	Перевоз
511291	ru	Переволоцкий
5113142	tr	Cohoes
5113223	ru	Колд Спринг Харбор
5113348	ru	Колони
5113412	ru	Коммак
5113412	tr	Commack
5113481	ru	Кони-Айленд
5113481	tr	Coney Adası
5113500	ru	Конгерс
511359	ru	Переславль-Залесский
5113683	tr	Copiague
5113760	az	Korninq
5113760	ru	Корнинг
5113760	tr	Corning
511416	ru	Перелюб
5114221	ru	Кротон На Хадсону
5114731	ru	Дир Парк
5114731	tr	Deer Park
511510	ru	Ново-Переделкино
5115107	ru	Дикс-Хиллз
5115107	tr	Dix Hills
5115123	ru	Добс Фери
5115495	ru	Данкирк
5115495	tr	Dunkirk
511565	az	Penza
511565	ru	Пенза
511565	tr	Penza
5115699	tr	East Amherst
5115704	ru	Ист Орора
5115838	tr	East Farmingdale
5115854	ru	Ист Гарден Сити
511592	ru	Пено
5115923	tr	East Islip
5115960	ru	Ист-Медоу
5115960	tr	East Meadow
5115962	tr	East Massapequa
5115974	tr	East Moriches
5115989	ru	Ист Нортпорт
5115989	tr	East Northport
5116063	ru	Ист Шорам
5116063	tr	East Shoreham
5116093	ru	Ист-Виллидж
5116303	ru	Егертсвил
5116303	tr	Eggertsville
5116495	tr	Elmhurst
5116497	ru	Эльмира
5116508	ru	Элмонт
5116508	tr	Elmont
5116550	tr	Elwood
5116602	ru	Ендикот
5116603	tr	Endwell
5116811	tr	Fairmount
5116819	tr	Fairview
5116917	ru	Фар-Рокавей
511707	ru	Пелагиада
5117438	ru	Флорал Парк
5117703	tr	Fort Salonga
511785	ru	Печоры
5117891	ru	Франклин Сквер
5117891	tr	Franklin Square
511794	ru	Печора
5117949	ru	Фрипорт
5118136	ru	Фултон
5118136	tr	Fulton
5118226	ru	Гарден Сити
5118228	ru	Гарден Сити Парк
5118228	tr	Garden City Park
5118398	ru	Женева
5118626	az	Qlen-Kov
5118626	ru	Глен-Коув
5118626	tr	Glen Cove
5118693	az	Qlens-Fals
5118693	ru	Гленс-Фолс
5118693	tr	Glens Falls
5118743	tr	Gloversville
5118920	ru	Гошен
5119347	ru	Гринбург
5119383	ru	Гринпойнт
5119899	ru	Хэмптон Бэйс
5119899	tr	Hampton Bays
5120034	ru	Гарлем
5120074	ru	Харис Хил
5120074	tr	Harris Hill
5120095	ru	Харрисон
5120228	ru	Хопог
5120228	tr	Hauppauge
512023	ru	Павловский Посад
512039	ru	Павловская Слобода
5120478	ru	Хемпстед
512051	ru	Павловская
512052	ru	Павловск
512053	ru	Павловск
5120545	ru	Херкимер
5120598	tr	Hewlett
5120656	ru	Хиксвилла
5120656	tr	Hicksville
5120987	ru	Холбрук
5121163	ru	Холтсвил
5121163	tr	Holtsville
5121283	ru	Хорнел
512133	ru	Павловка
5121509	ru	Гудзон
5121513	ru	Хадсон Фолс
512152	ru	Павловка
5121636	ru	Хантингтон
5121765	ru	Илион
512217	ru	Павлодольская
5122279	tr	Inwood
5122280	ru	Инвуд
5122280	tr	Inwood
5122365	ru	Ирвингтон
5122417	tr	Islip Terrace
5122432	ru	Итак
5122477	ru	Джексон-Хайтс
5122477	tr	Jackson Heights
5122534	ru	Джеймстаун
5122534	tr	Jamestown
5122638	az	Ceriko
5122638	tr	Jericho
5122794	ru	Джонсон Сити
5122833	ru	Джонстаун
5123477	ru	Кингстон
5123533	ru	Кирьяс-Джоэль
5123718	tr	Lackawanna
5123777	ru	Лейк-Кармел
5123777	tr	Lake Carmel
512382	ru	Пашковский
5123954	ru	Ланкастер
5124017	ru	Ларчмонт
5124078	tr	Laurelton
5124087	ru	Лоуренс
5124276	ru	Левиттаун
5124276	tr	Lewittown
5125086	ru	Лонг-Бич
5125125	ru	Лонг-Айленд-Сити
5125523	ru	Линбрук
5125657	ru	Магопак
5125657	tr	Mahopac
512566	ru	Парголово
512570	ru	Парфино
5125717	ru	Малон
5125738	ru	Мамаронек
5125766	ru	Манхассет
5125766	tr	Manhasset
5125771	ru	Манхеттен
512618	ru	Параньга
5126180	tr	Maspeth
5126194	ru	Массена
5126208	ru	Мастик
5126208	tr	Mastic
5126246	tr	Mattydale
5126509	ru	Механикстаун
5126510	tr	Mechanicville
5126518	ru	Медфорд
5126521	ru	Медина
5126555	ru	Мелвил
5126555	tr	Melville
5126630	ru	Меррик
5126787	ru	Мидл Айленд
5126787	tr	Middle Island
5126827	tr	Middle Village
5127134	ru	Миниола
5127302	ru	Монро
5127315	ru	Монси
5127744	ru	Маунт Киско
5127835	ru	Маунт-Вернон
5127835	tr	Mount Vernon
512817	ru	Панковка
5128266	ru	Нанует
5128433	ru	Несконсет
5128433	tr	Nesconset
5128478	ru	Нью-Кассел
5128478	tr	New Cassel
5128490	ru	Нью-Дорп
5128490	tr	New Dorp
5128549	ru	Нью-Рошель
5128581	ru	Нью-Йорк
5128581	tr	New York kenti
512861	ru	Панино
5128639	ru	Ньюарк
5128654	ru	Ньюберг
5128723	ru	Ниагара-Фолс
5128904	ru	Норт Белмор
5128904	tr	North Bellmore
5129050	ru	Норт-Гейтс
5129050	tr	North Gates
5129125	ru	Норт Линденхерст
5129125	tr	North Lindenhurst
5129134	ru	Норт Масапиква
5129134	tr	North Massapequa
5129141	tr	North Merrick
5129147	ru	Норт-Нью-Гайд-Парк
5129147	tr	North New Hyde Park
5129245	tr	North Tonawanda
5129248	ru	Норт Вали Стрим
5129248	tr	North Valley Stream
5129254	tr	North Wantagh
5129290	ru	Нортпорт
5129310	ru	Нортумберленд
5129359	ru	Норидж
5129603	ru	Ошенсайд
5129603	tr	Oceanside
5129626	ru	Огденсберг
5129626	tr	Ogdensburg
5129662	ru	Олд-Бетпэйдж
5129662	tr	Old Bethpage
5129837	ru	Онайда
5129837	tr	Oneida
5129852	ru	Онеонта
5129852	tr	Oneonta
5130081	ru	Осуиго
5130334	tr	Ozone Park
513042	ru	Палласовка
5130672	ru	Пачог
5130780	ru	Перл Ривер
5130831	ru	Пикскилл
5130831	tr	Peekskill
513095	ru	Палех
5131628	ru	Плейнедж
5131628	tr	Plainedge
5131692	ru	Платтсбург
5132002	ru	Порт Честер
5132016	ru	Порт-Джервис
5132016	tr	Port Jervis
5132029	ru	Порт Вошингтон
5132143	ru	Поукипзи
513309	ru	Пачелма
513329	ru	Озинки
513362	ru	Ожерелье
5133640	ru	Риго-Парк
5133640	tr	Rego Park
5133667	ru	Ренсселер
5133667	tr	Rensselaer
513378	ru	Озёры
5133917	ru	Ривердейл
513406	ru	Озерск
5134086	ru	Рочестер
5134203	ru	Роквил Центер
5134235	tr	Rocky Point
513426	ru	Озёрный
5134295	ru	Рим
5134316	ru	Ронконкома
5134323	ru	Рузвельт
5134323	tr	Roosevelt
5134395	tr	Rosedale
5134420	ru	Рослин-Хайтс
5134420	tr	Roslyn Heights
5134693	az	Ray
5134693	ru	Рай
5134693	tr	Rye
513471	ru	Озерки
5135192	ru	Сент-Джеймс
5136107	tr	Salisbury
5136322	ru	Саранак Лейк
5136334	ru	Саратога-Спрингс
5136334	tr	Saratoga Springs
5136454	ru	Скенектади
5137507	ru	Сифорд
5137507	tr	Seaford
5137600	ru	Селден
5138022	ru	Ширли
5138022	tr	Shirley
5138371	ru	Слипи-Холлоу
5138539	ru	Смитстаун
5138704	ru	Саунд Бич
5138704	tr	Sound Beach
513883	ru	Отрадный
5138837	tr	South Farmingdale
5138892	ru	Саут Хантингтон
5138892	tr	South Huntington
513896	ru	Отрадное
513898	ru	Отрадное
5139015	ru	Саут Вали Стрим
5139015	tr	South Valley Stream
513911	ru	Отрадная
5139287	tr	Springfield Gardens
5139301	ru	Спринг-Вэлли
5139865	ru	Стоуни-Брук
5140072	ru	Саферн
5140405	az	Sirakuz
5140405	ru	Сиракьюс
514052	ru	Островское
5140538	ru	Тарритаун
5140694	ru	Теривил
5140694	tr	Terryville
5140789	ru	Тилс
5141165	ru	Томпкинсвилл
5141165	tr	Tompkinsville
5141502	ru	Троя
514171	ru	Остров
5141927	ru	Юниондейл
5141927	tr	Uniondale
514198	ru	Острогожск
5142036	ru	Верхний Вест-Сайд
5142056	ru	Ютика
514259	az	Ostaşkov
514259	ru	Осташков
514284	ru	Останкинский
5143066	ru	Волден
5143344	ru	Вошингтонвил
5143380	ru	Ватерло
5143396	ru	Уотертаун
5143495	ru	Вебстер
5143630	tr	West Babylon
5143832	tr	West Hempstead
5143857	ru	Вест Хилс
5143857	tr	West Hills
5143966	ru	Уест Пойнт
5143988	tr	West Sayville
5143992	ru	Вест Сенека
5144097	ru	Вестмер
5144182	tr	Wheatley Heights
5144336	ru	Уайт-Плейнс
514460	ru	Осиново
5144947	ru	Вудбари
5145028	ru	Вудмер
5145028	tr	Woodmere
5145215	ru	Йонкерс
5145374	ru	Ада
5145476	ru	Акрон
5145607	ru	Альянс
5145607	tr	Alliance
5145695	ru	Амхерст
5145695	tr	Amherst
5146055	ru	Ашленд
5146089	ru	Эштабула
5146233	az	Avrora
5146233	ru	Аврора
5146233	tr	Aurora
5146277	ru	Эвон
5146491	ru	Барбертон
5146491	tr	Barberton
5146675	ru	Бей-Виллидж
5146675	tr	Bay Village
5146831	ru	Бедфорд
5146831	tr	Bedford
5146978	ru	Белвью
5146978	tr	Bellevue
514706	ru	Оса
5147097	ru	Береа
514734	ru	Орск
514739	ru	Оршанка
5147784	ru	Бордман
514796	ru	Орловский
5147968	ru	Боулинг-Грин
5148326	ru	Брук Парк
5148346	ru	Бруклин
5148346	tr	Brooklyn
5148480	ru	Брауншвейг
5148533	ru	Брайан
5149007	ru	Кембридж
5149149	ru	Кэмпбелл
5149149	tr	Campbell
5149188	tr	Canal Fulton
5149205	tr	Canfield
5149222	ru	Кантон
5149493	ru	Селина
514966	ru	Оричи
5149818	ru	Чардон
515003	az	Orenburq
515003	ru	Оренбург
515003	tr	Orenburg
515012	az	Orel
515012	ru	Орёл
515012	tr	Orel
515024	az	Orexovo-Zuyevo
515024	ru	Орехово-Зуево
515024	tr	Orehovo-Zuyevo
515027	ru	Орехово-Борисово Северное
5150529	az	Klivlend
5150529	ru	Кливленд
5150529	tr	Cleveland
5150651	tr	Clyde
515083	az	Sunja
515083	ru	Сунжа
5150851	ru	Колумбиана
5150851	tr	Columbiana
515098	ru	Орда
5151174	tr	Cortland
5151186	ru	Кошоктон
515155	ru	Опочка
5151613	ru	Каяхога-Фолс
515186	ru	Опалиха
5151861	ru	Дефианс
5151891	ru	Делаварский
5151941	tr	Delphos
5152243	ru	Довер
5152243	tr	Dover
5152333	ru	Дублин
515246	ru	Онега
5152599	ru	Восточный Кливленд
5152599	tr	East Cleveland
515267	ru	Омутнинск
5153207	ru	Элирия
5153420	ru	Евклид
5153420	tr	Euclid
5153592	tr	Fairlawn
5153680	tr	Fairview Park
5153924	ru	Финдли
515403	ru	Олонец
5154905	ru	Фосториа
5154905	tr	Fostoria
5155207	ru	Фримонт
5155414	ru	Галион
5155414	tr	Galion
5155499	ru	Гарфилд-Хайгс
5155499	tr	Garfield Heights
5155572	ru	Женева
5155572	tr	Geneva
515558	ru	Ольгино
5155755	tr	Girard
515582	ru	Ольгинская
5156170	ru	Графтон
5156270	ru	Гранвил
5156371	ru	Грин
5156493	ru	Гринвилл
515687	ru	Оленино
515698	az	Oleneqorsk
515698	ru	Оленегорск
515771	ru	Окуловка
515804	ru	Цоцин-Юрт
5158143	tr	Hubbard
5158164	ru	Гудзон
5158164	tr	Hudson
5158298	ru	Гурон
5158298	tr	Huron
515854	ru	Октябрьский
515867	ru	Октябрьский
515873	ru	Октябрьский
515879	ru	Октябрьский
515882	ru	Октябрьский
515907	ru	Октябрьский
515921	ru	Тахтамукай
515938	ru	Октябрьск
5159537	ru	Кент
5159554	ru	Кентон
5160315	ru	Лейквуд
5160315	tr	Lakewood
516073	az	Oxansk
516073	ru	Оханск
5160783	ru	Лима
5161262	ru	Лорейн
5161347	ru	Луисвил
5161347	tr	Louisville
5161493	ru	Линдхерст
5161539	ru	Македония
5161539	tr	Macedonia
5161723	ru	Мэнсфилд
5161803	ru	Мейпл-Хайтс
5161803	tr	Maple Heights
5161902	ru	Мэрион
516197	ru	Одоев
5162044	tr	Martins Ferrys
5162097	ru	Массильон
5162097	tr	Massillon
5162137	ru	Моми
5162137	tr	Maumee
516215	ru	Одинцово
5162188	ru	Мейфилд-Хайтс
5162188	tr	Mayfield Heights
5162512	ru	Медина
516256	ru	Очёр
516264	ru	Очаково-Матвеевское
5162645	ru	Ментор
5162851	ru	Миддлбург
5162851	tr	Middleburg Heights
516305	ru	Обухово
516342	ru	Обшаровка
5163799	ru	Маунт Вернон
516400	ru	Обоянь
5164057	ru	Наполеон
5164202	ru	Нью-Албани
516436	ru	Обнинск
5164466	ru	Ньюарк
516454	ru	Обливская
5164582	ru	Найлс
5164582	tr	Niles
5164706	ru	Норс-Кантон
5164706	tr	North Canton
5164862	ru	Норт-Олмстед
5164862	tr	North Olmsted
5164903	ru	Норс Риджвилл
5164916	tr	North Royalton
5165087	ru	Нортон
5165087	tr	Norton
5165445	ru	Оберлин
5165445	tr	Oberlin
5165635	ru	Олмстед-Фолс
5165635	tr	Olmsted Falls
5165664	ru	Онтарио
5165734	ru	Орегон
516576	az	Nıtva
516576	ru	Нытва
516588	ru	Ныроб
5166009	ru	Пэйнсвилл
516615	ru	Нязепетровск
5166177	ru	Парма
5166184	tr	Parma Heights
5166438	ru	Пеппер-Пайк
5166438	tr	Pepper Pike
516647	ru	Няндома
5166516	ru	Перрисберг
5166516	tr	Perrysburg
5166819	ru	Пикуа
5166819	tr	Piqua
516716	ru	Нурлат
5167259	ru	Порт Клинтон
5167350	tr	Powell
516780	ru	Ножай-Юрт
5168063	tr	Richmond Heights
5168225	tr	Rittman
516828	ru	Нов.Торъял
5168491	ru	Роки-Ривер
5168491	tr	Rocky River
516875	ru	Новый Рогачик
516931	ru	Новый Оскол
5169796	tr	St. Marys
5170511	ru	Сейлем
5170511	tr	Salem
5170691	ru	Сандаски
517111	ru	Новые Ляды
517121	ru	Новые Кузьминки
517161	ru	Новые Черёмушки
5171657	ru	Севен-Хилс
5171657	tr	Seven Hills
517172	ru	Нов.Бурасы
5171728	ru	Шэйкер Хэйтс
5171856	ru	Шэффилд Лэйк
5171856	tr	Sheffield Lake
5171868	tr	Shelby
517191	ru	Новые Атаги
5172078	ru	Сидней
5172387	ru	Солон
5172387	tr	Solon
5172485	ru	Соус Еуклид
5172485	tr	South Euclid
517269	ru	Новозыбков
517303	ru	Новозаведенное
5173171	ru	Стоу
5173171	tr	Stow
5173210	tr	Streetsboro
5173237	ru	Стронгсвилл
5173237	tr	Strongsville
5173572	ru	Силваниа
5174035	ru	Толедо
5174358	ru	Троя
5174550	ru	Туинсберг
5174585	ru	Юриксвилл
5174830	ru	Юнивэрсити Хэйтс
5174830	tr	University Heights
5174897	ru	Урбана
5175496	tr	Wadsworth
5175726	ru	Варрэнсвилл Хэйтс
517577	ru	Новое Девяткино
5175847	ru	Вотервил
5175865	ru	Уоррен
5176472	ru	Уэстервилл
5176472	tr	Westerville
5176517	ru	Уэстлейк
5176517	tr	Westlake
5176830	tr	Willard
5176937	az	Vilobi
5176937	ru	Уиллоуби
5176937	tr	Willoughby
517698	ru	Нововязники
5177007	tr	Willowick
517716	ru	Нововоронеж
517725	ru	Нововеличковская
5177358	ru	Вустер
517739	ru	Новоузенск
5177396	ru	Уэртингтон
5177396	tr	Worthington
517744	ru	Новоуткинск
5177568	ru	Янгстаун
517766	ru	Новоульяновск
517767	ru	Новоукраинское
5177773	ru	Абингтон
5178027	ru	Аликвипа
5178127	ru	Аллентаун
517813	ru	Новотроицкая
5178165	tr	Allison Park
5178195	ru	Алтуна
5178195	tr	Altoona
5178225	ru	Амблер
517836	ru	Новотроицк
517836	tr	Novotroytsk
517842	ru	Новотитаровская
5178481	ru	Ардмор
517856	ru	Ново-Талицы
5178686	ru	Одубон
5178686	tr	Audubon
5178892	ru	Бала Синвайд
5178892	tr	Bala Cynwyd
517897	ru	Новоспасское
5178996	ru	Бангор
517921	ru	Новосокольники
517926	ru	Новосмолинский
5179478	ru	Бивер-Фолс
5179478	tr	Beaver Falls
517959	ru	Новощербиновская
517963	ru	Новошахтинск
5179799	ru	Белфонт
517982	ru	Новосергиевка
517992	ru	Новосемейкино
518002	ru	Новоселье
5180199	ru	Бетел Парк
5180225	ru	Вифлеем
5180225	tr	Bethlehem
5180620	ru	Бирдсборо
5180859	ru	Бландон
5180859	tr	Blandon
5180934	ru	Блумсберг
5180961	tr	Blue Bell
5181407	ru	Брадфорд
5181407	tr	Bradford
5181553	ru	Брентвуд
518209	ru	Новоселицкое
518249	ru	Новорождественская
5182534	ru	Батлер
518255	ru	Новороссийск
5183161	ru	Канонсберг
5183204	tr	Carbondale
518325	ru	Новопокровская
518337	ru	Новоподрезково
5183428	ru	Касл Шанон
518346	ru	Новопетровское
518383	ru	Новопавловск
518418	ru	Новоорск
5184396	ru	Клертон
5184422	ru	Кларион
5184541	ru	Клирфилд
518488	ru	Новониколаевский
5185006	tr	Colonial Park
5185029	ru	Колумбия
5185237	ru	Коннелсвилл
5185237	tr	Connellsville
518540	ru	Новомышастовская
5185408	ru	Кораополис
518557	ru	Новомосковск
518568	ru	Новоминская
5185721	ru	Крафтон
518585	ru	Новомихайловский
518602	ru	Новомичуринск
5186053	ru	Кройдон
5186053	tr	Croydon
518621	ru	Новомалороссийская
518643	ru	Новолеушковская
518657	ru	Новокузьминки
518659	ru	Новокуйбышевск
518682	ru	Новокубанск
518701	ru	Новокорсунская
5187150	ru	Дормонт
5187232	ru	Даунингтон
5187247	ru	Дойлстаун
518740	ru	Новоховрино
5187432	ru	Дубойз
5187432	tr	DuBois
518745	ru	Новохопёрск
5187542	ru	Данмор
518764	ru	Новокаякент
5187905	tr	East Falls
5188008	az	İst Ouk Leyn
5188008	tr	East Oak Lane
518805	ru	Новоивановское
5188075	ru	Ист Страудсберг
5188140	ru	Истон
5188306	ru	Эдинборо
5188474	ru	Элизабеттаун
518851	az	Oysxara
518851	ru	Ойсхара
5188546	tr	Elkins Park
518879	ru	Новогиреево
5188815	ru	Ефрата
5188843	az	Eri
5188843	ru	Эри
518907	ru	Новоджерелиевская
518909	ru	Новодвинск
5189091	ru	Герлес Хилс
518928	ru	Новодмитриевская
518944	ru	Новодеревянковская
5189493	tr	Fernway
518970	az	Novoçerkassk
518970	ru	Новочеркасск
518970	tr	Novoçerkassk
518976	ru	Новочебоксарск
5190089	ru	Форт Вашингтон
5190213	ru	Фокс Чапел
5190219	tr	Fox Chase
519027	ru	Новобелокатай
5190311	ru	Франкфорд
5190311	tr	Frankford
5190323	ru	Франклин
519033	ru	Новобатайск
519062	ru	Новоаннинский
5190679	ru	Фуллертон
5190679	tr	Fullerton
519106	ru	Новоалександровск
5191327	ru	Гленсайд
5191327	tr	Glenside
5191335	ru	Гленшо
5191335	tr	Glenshaw
5192019	ru	Гринвилл
5192029	ru	Гринсбург
5192184	ru	Гроув Сити
5192726	az	Harrisburq
5192726	ru	Гаррисберг
5192726	tr	Harrisburg
5192863	ru	Хатборо
5193011	ru	Хейзлтон
5193011	tr	Hazleton
5193342	az	Herşi
5193342	ru	Херши
5193342	tr	Hershey
519336	az	Velikiy Novgorod
519336	ru	Великий Новгород
519336	tr	Veliki Novgorod
5193955	tr	Holmesburg
5194302	tr	Horsham
519447	ru	Новая Усмань
5194590	ru	Хантингдон
519473	ru	Новая Таволжанка
5194868	ru	Индиана
5195283	ru	Дженнетт
5195283	tr	Jeannette
5195561	ru	Джонстаун
5195561	tr	Johnstown
519611	ru	Новая Майна
5196220	ru	Кинг Ов Праша
5196245	ru	Кингстон
519630	ru	Новая Ладога
5196605	tr	Kulpsville
5197079	ru	Ланкастер
5197079	tr	Lancaster
519711	ru	Новая деревня
5197227	ru	Латроб
5197517	ru	Лебанон
5197749	ru	Лиола
5197749	tr	Leola
5197796	ru	Левиттаун
5197842	ru	Луисбург
5197850	ru	Льюистаун
5198180	tr	Linglestown
5199087	ru	Лоуер Берел
5199781	ru	Мейпл-Глен
5199781	tr	Maple Glen
520041	ru	Нолинск
5200474	ru	Макис Рокс
5200644	ru	Мидвилл
520065	ru	Ногир
5200657	ru	Меканиксбург
520068	az	Noqinsk
520068	ru	Ногинск
5201027	ru	Мидлтаун
5201031	ru	Мидлтаун
5201031	tr	Middletown
5201470	ru	Мильтон
5201658	ru	Монака
5201665	az	Monessen
5201665	ru	Монессен
5201665	tr	Monessen
5201734	ru	Монровил
5201776	ru	Монтгомеривилл
5201776	tr	Montgomeryville
5201952	tr	Morrell Park
5201996	ru	Морисвил
520204	az	Nijnyaya Tura
520204	ru	Нижняя Тура
5202114	ru	Кармель
5202855	ru	Нантикок
5202855	tr	Nanticoke
5202938	ru	Назарет
5203116	ru	Новый Брайтон
520318	ru	Нижняя Мактама
5203211	ru	Нью Кенсингтон
5203211	tr	New Kensington
5203506	az	Noristaun
5203506	ru	Нористаун
5203804	ru	Нортхемптон
5204203	ru	Оукмонт
5204278	ru	Ойл-Сити
5204278	tr	Oil City
5204465	tr	Olney
5204575	tr	Oreland
520494	ru	Нижний Тагил
5204957	ru	Памертон
5205094	tr	Park Forest Village
5205267	tr	Paxtonia
520552	ru	Ниж.Одес
520555	az	Nizhni Novqorod
520555	ru	Нижний Новгород
520555	tr	Nijni Novgorod
520574	ru	Нижний Ломов
5205849	ru	Финиксвилл
5206379	az	Pittsburq
5206379	ru	Питтсбург
5206379	tr	Pittsburgh
5206397	ru	Питстон
5206397	tr	Pittston
520642	ru	Нижние Вязовые
5206606	ru	Плам
5206659	ru	Плимут
5206666	ru	Плимат Митинг
5206666	tr	Plymouth Meeting
520667	az	Nijniye Serqi
520667	ru	Нижние Серги
5207069	ru	Потстаун
5207080	ru	Потсвил
5207214	tr	Progress
5207307	ru	Панксатони
520769	ru	Нижние Ачалуки
5207728	ru	Рединг
520775	ru	Нижний Дженгутай
52078	ru	Сайла
52078	tr	Zeyla
520955	ru	Нижнее Казанище
5210764	tr	Sanatoga
5211113	ru	Шлассер
5211113	tr	Schlusser
521118	az	Nijnekamsk
521118	ru	Нижнекамск
521118	tr	Tübenkama
5211303	ru	Скрантон
5211411	ru	Селингсгров
521148	ru	Нижнедевицк
5211622	ru	Шамокин
5211622	tr	Shamokin
5211683	ru	Шарон
5211683	tr	Sharon
5212853	ru	Сомерсет
5213681	az	Steyt-Kollec
5213681	ru	Стейт-Колледж
521416	ru	Никулино
5214543	ru	Страудсберг
521500	ru	Никольское
521509	ru	Никольское
5215247	ru	Тейлор
5215726	ru	Титусвилль
5216092	ru	Трупер
5216092	tr	Trooper
5217103	ru	Вандергрифт
521773	ru	Никольск
521776	ru	Никольск
5218023	ru	Уоррен
5218069	ru	Вашингтон
521807	ru	Никологоры
521814	ru	Николо-Березовка
521821	ru	Николина Гора
5218270	ru	Уэйн
5218505	ru	Вескосвил
5218505	tr	Wescosville
521874	ru	Николаевск
5218802	ru	Вест Мифлин
521931	ru	Николаевка
5219488	ru	Уилкс-Барре
5219488	tr	Wilkes-Barre
5219501	ru	Вилкинсберг
5219585	ru	Уильямспорт
5219619	ru	Вилоу Гроув
5219619	tr	Willow Grove
521966	ru	Николаевка
5219668	ru	Уилсон
5220221	tr	Wyndmoor
5220228	tr	Wynnefield Heights
5220798	ru	Барингтон
5221077	ru	Бристол
5221077	tr	Bristol
5221384	ru	Чарлзтаун
5221637	ru	Ковентри
5221659	ru	Крэнстон
5221703	ru	Камберленд
5221931	ru	Ист-Провиденс
5221931	tr	East Providence
5222019	ru	Ексетер
5222476	ru	Гринвилл
5222476	tr	Greenville
522260	ru	Никель
5222680	ru	Хопкинтон
5223006	ru	Кингстон
522301	ru	Незлобная
522312	ru	Нежинка
5223505	ru	Наррагансетт
522353	ru	Нея
5223593	ru	Ньюпорт
5223593	tr	Newport
5223672	ru	Норт-Кингстаун
5223681	ru	Норт Провиденс
5223687	tr	North Smithfield
522377	az	Nevinnomıssk
522377	ru	Невинномысск
5223869	ru	Потакет
5223869	tr	Pawtucket
522402	ru	Неверкино
5224082	ru	Портсмут
522410	ru	Невель
5224151	az	Provans
5224151	ru	Провиденс
5224151	tr	Providence
522470	ru	Нестеровская
522508	ru	Нестеров
5225245	ru	Тивертон
5225502	ru	Уоррен
5225507	ru	Уорик
5225627	ru	Уэст-Уорик
5225631	ru	Вестерли
5225809	ru	Вунсокет
5225809	tr	Woonsocket
5225857	ru	Абердин
522594	ru	Нерехта
5226489	ru	Брэндон
5226489	tr	Brandon
5226534	ru	Брукингз
522742	ru	Неман
522775	ru	Нелидово
522799	ru	Некрасовское
522803	ru	Некрасовский
5228340	ru	Гаррисберг
5228340	tr	Harrisburg
522839	ru	Некрасовка
5228673	ru	Гурон
522871	ru	Неклюдово
522942	ru	Нефтекамск
522945	ru	Нефтегорск
5229526	ru	Мадисон
5229794	ru	Митчелл
523064	az	Nazran
523064	ru	Назрань
523161	ru	Наволоки
5231851	ru	Су-Фолс
523186	ru	Навля
523198	ru	Навашино
523206	ru	Наурская
523210	ru	Алпатово
5232592	ru	Вермиллион
523270	ru	Натухаевская
5232741	ru	Уотертаун
5233053	ru	Янктон
5233500	ru	Барре-сити
5233742	ru	Беннингтон
523382	ru	Нарышкино
523392	az	Nar'yan-Mar
523392	ru	Нарьян-Мар
523392	tr	Nar'yan-Mar
523405	ru	Нарткала
523408	ru	Нартан
5234141	ru	Братлборо
523426	ru	Наро-Фоминск
5234372	ru	Берлингтон
523443	az	Nərimanov
523443	ru	Нариманов
5235024	ru	Колчестер
523523	az	Nalçık
523523	ru	Нальчик
523523	tr	Nalçık
523553	ru	Нахабино
523655	ru	Надтеречное
523662	ru	Надвоицы
5236879	ru	Хартфорд
523715	ru	Надежда
523750	ru	Набережные Челны
523812	az	Mıtişi
523812	ru	Мытищи
523812	tr	Mıytişçi
523842	ru	Мысхако
523859	az	Mışkin
523859	ru	Мышкин
5238685	az	Montpe'e
5238685	ru	Монтпилиер
5238685	tr	Montpelier
5240509	ru	Ратленд
524113	ru	Муцалаул
5241248	ru	Саут-Берлингтон
524183	ru	Муслюмово
524243	ru	Мурыгино
524294	ru	Муром
524299	ru	Мурмаши
524305	az	Murmansk
524305	ru	Мурманск
524305	tr	Murmansk
5243081	ru	Винуски
5243081	tr	Winooski
524311	ru	Мурино
5243819	ru	Алтуна
5243819	tr	Altoona
5244010	ru	Антиго
5244080	ru	Аплтон
524414	ru	Мураши
524423	ru	Мураново
5244247	ru	Ешланд
5244638	ru	Барабу
524489	ru	Мулловка
524504	ru	Мулино
5245193	ru	Бивер Дам
5245193	tr	Beaver Dam
5245387	ru	Белойт
5245387	tr	Beloit
5245497	ru	Берлин
524627	ru	Мучкапский
524640	ru	Мценск
524651	ru	Мстера
524681	ru	Мраково
5246835	ru	Брукфилд
5246835	tr	Brookfield
524699	ru	Можга
524712	az	Mojaysk
524712	ru	Можайск
5247214	ru	Берлингтон
524736	ru	Моздок
5247415	ru	Каледония
524809	ru	Мостовской
5248171	ru	Си­дар­берг
5248171	tr	Cedarburg
5248511	ru	Чипева Фолс
524901	az	Moskva
524901	ru	Москва
524901	tr	Moskova
524907	ru	Московское
5250201	ru	Де Пер
5250393	ru	Делафилд
5250399	tr	Delavan
525138	ru	Моршанск
5251436	ru	О-Клэр
5251524	ru	Едгертон
525162	ru	Морозовск
5251729	ru	Елкхорн
5252182	ru	Эвансвилл
525262	ru	Морки
5253219	ru	Фичбург
5253352	ru	Фон-дю-Лак
5253498	ru	Форт-Аткинсон
5253498	tr	Fort Atkinson
525365	ru	Мордово
5253710	ru	Франклин
525396	ru	Монино
525404	az	Monçeqorsk
525404	ru	Мончегорск
5254404	ru	Глендейл
5254404	tr	Glendale
5254962	ru	Грин-Бей
5255068	ru	Гринфилд
5255628	ru	Хартфорд
5255628	tr	Hartford
525585	ru	Молочное
525659	az	Mokşan
525659	ru	Мокшан
5257080	ru	Гудзон
525719	ru	Мокроус
5257669	ru	Джексон
5257754	ru	Джейнсвилл
5257784	ru	Джефферсон
5258296	tr	Kaukana
5258393	ru	Кеноша
5258957	ru	Ла-Кросс
5259169	ru	Лейк-Дженива
5259169	tr	Lake Geneva
5259218	ru	Лейк-Миллс
5260262	ru	Литл Шут
526083	ru	Митрофановка
5261457	az	Madison
5261457	ru	Мадисон
5261457	tr	Madison
5261585	ru	Манитовок
5261852	ru	Маринет
5261969	ru	Маршфилд
5261969	tr	Marshfield
526247	ru	Мишкино
5262596	ru	Менаша
5262630	ru	Меномони Фолс
5262634	ru	Меномони
5262634	tr	Menomonie
5262680	ru	Мерил
5262838	ru	Мидлтон
5263023	ru	Мильтон
5263045	az	Miluoki
5263045	ru	Милуоки
5263045	tr	Milwaukee
5263323	ru	Монона
5263323	tr	Monona
5263331	ru	Монро
526357	ru	Мирный
5263965	ru	Маквонаго
5264049	ru	Маскиго
526408	ru	Миньяр
5264381	ru	Нью-Берлин
5264381	tr	New Berlin
5264455	ru	Нью-Лондон
5264455	tr	New London
5264475	ru	Нью-Ричмонд
5264475	tr	New Richmond
526480	az	Mineralnıye Vodı
526480	ru	Минеральные Воды
5265499	ru	Окономовок
5265499	tr	Oconomowoc
526558	ru	Миллерово
5265785	ru	Орегон
5265838	ru	Ошкош
526600	ru	Микунь
526651	ru	Михнево
5267332	ru	Платвилл
5267332	tr	Platteville
5267403	ru	Плезант Прери
526749	ru	Михайловское
5267585	ru	Плимут
5267776	ru	Порт Вошингтон
526814	ru	Михайловская
526815	ru	Михайловск
5268249	ru	Расин
5268570	ru	Ридсбург
5268720	ru	Райнлендер
5268798	ru	Райс-Лейк
5268798	tr	Rice Lake
5268850	ru	Ричланд Сентер
5268955	ru	Рипон
5268955	tr	Ripon
5268986	ru	Ривер-Фолс
5268986	tr	River Falls
527012	ru	Михайловка
527034	ru	Михайлов
527057	ru	Михалково
527191	az	Miçurinsk
527191	ru	Мичуринск
5271991	ru	Сейлем
527217	ru	Мглин
527220	ru	Мга
527237	ru	Межозерный
527263	ru	Сулея
5272873	ru	Шоно
5272893	ru	Шебойган
5272907	ru	Шебойган-Фоллс
5272907	tr	Sheboygan Falls
527361	ru	Металлострой
527370	ru	Месягутово
5273812	tr	South Milwaukee
527388	ru	Мескер-Юрт
5273927	ru	Спарта
5274787	ru	Стоутон
5274787	tr	Stoughton
5275020	ru	Сан-Прери
5275020	tr	Sun Prairie
5275191	ru	Сьюпириор
527529	az	Minzələ
527529	ru	Мензелинск
527529	tr	Minzele
527578	ru	Менделеевский
527579	ru	Менделеевск
527581	ru	Менделеево
5275871	ru	Тома
5275871	tr	Tomah
5276609	ru	Ту Риверс
5276609	tr	Two Rivers
527717	ru	Мелеуз
527740	ru	Меленки
527761	ru	Мелехово
5278003	ru	Уотерфорд
5278052	ru	Уокиша
5278420	ru	Вест Алис
5278422	ru	Вест Бенд
527869	ru	Медынь
527888	ru	Медвежьегорск
5278931	ru	Уайтуотер
5278931	tr	Whitewater
5279436	ru	Висконсин Рапидс
527968	ru	Медведовская
528056	ru	Медведево
5280814	ru	Уиртон
5280854	ru	Уилинг
528109	az	Mednoqorsk
528109	ru	Медногорск
528137	ru	Мечетинская
5281551	ru	Ансония
5281551	tr	Ansonia
5281730	ru	Эвон
528239	ru	Майский
528242	ru	Майский
5282526	ru	Блумфилд
528258	ru	Майртуп
528278	ru	Майна
5282804	az	Bricport
5282804	ru	Бриджпорт
5282835	ru	Бристол
528293	az	Maykop
528293	ru	Майкоп
528293	tr	Maykop
5283837	ru	Чешир
528454	ru	Матвеевское
5284580	ru	Холбрук
5284756	ru	Филмор
5284756	tr	Fillmore
5284905	ru	Бисби
528495	ru	Матвеев Курган
5287262	ru	Бакай
5287262	tr	Buckeye
528734	ru	Масловка
528741	ru	Маслова Пристань
5288636	ru	Каса-Гранде
528904	ru	Марьянская
5289282	az	Çandler
5289282	ru	Чандлер
5289282	tr	Chandler
5289658	ru	Чино Вали
5290663	tr	Coolidge
529073	ru	Маркс
529195	ru	Мари-Турек
529237	ru	Марьино
529343	ru	Мариинский Посад
5293996	ru	Эль-Мираж
5293996	tr	El Mirage
5294810	ru	Флагстафф
5294902	ru	Флоренция
5294937	ru	Флоинг Велс
5294937	tr	Flowing Wells
529505	ru	Мантурово
5295143	ru	Фортуна Футхилс
5295143	tr	Fortuna Foothills
5295903	ru	Гилберт
5295985	az	Qlendeyl
5295985	ru	Глендейл
5296013	ru	Глоуб
529610	ru	Манаскент
5296189	ru	Голден-Вэлли
5296189	tr	Golden Valley
5296266	ru	Гудиер
529638	ru	Мамонтовка
529679	ru	Мамедкала
5296802	tr	Green Valley
529709	az	Mamadış
529709	ru	Мамадыш
530088	ru	Ярославский
5301067	ru	Кингмен
5301388	ru	Лейк-Хавасу-Сити
530196	ru	Малые Дербеты
5302053	ru	Литчфилд Парк
5302053	tr	Litchfield Park
5303752	ru	Марикопа
5303752	tr	Maricopa
5304391	ru	Меса
5306611	ru	Ногалес
5307540	ru	Оро Вали
5307778	ru	Пейдж
5307778	tr	Page
5308049	ru	Парадайз Вали
5308480	ru	Пеория
5308480	tr	Peoria
530849	ru	Малоярославец
5308655	az	Finiks
5308655	ru	Финикс
5308655	tr	Phoenix
530972	ru	Малмыж
5309842	ru	Прескотт
5309858	ru	Прескот Вали
530994	ru	Малка
531129	ru	Малгобек
5312476	ru	Саффорд
531257	ru	Малая Вишера
5312913	ru	Сан Луис
5313457	ru	Скоттсдейл
5313667	ru	Седона
5314245	ru	Шоу Лоу
531426	ru	Малая Пурга
5314328	ru	Сьерра-Виста
5314943	ru	Сноуфлейк
5315062	ru	Сомертон
5315062	tr	Somerton
5315313	tr	South Tucson
53157	ru	Кандала
5316172	ru	Самит
5316172	tr	Summit
5316209	tr	Sun Lakes
5316428	ru	Сюрприз
5317058	ru	Темпе
5317663	ru	Толсон
5317663	tr	Tolleson
531820	ru	Малаховка
5318279	ru	Туба Сити
5318313	az	Takson
5318313	ru	Тусон
5319311	ru	Вейл
531979	ru	Максатиха
532092	ru	Махалино
532096	az	Mahaçqala
532096	ru	Махачкала
532096	tr	Mahçkale
532138	ru	Макарьев
5321473	ru	Уинслоу
5321473	tr	Winslow
5322053	ru	Юма
5322317	ru	Эктон
5322400	ru	Аделанто
5322551	ru	Агоура
5322551	tr	Agoura
5322737	ru	Аламеда
5322794	ru	Аламо
5322794	tr	Alamo
5322850	ru	Олбани
5322850	tr	Albany
532288	ru	Магнитогорск
532292	ru	Магнитка
5323060	ru	Альгамбра
532307	az	Məhərəmkənd
532307	ru	Магарамкент
532314	ru	Маджалис
5323163	ru	Алисо Виехо
5323371	tr	Alondra Park
5323401	ru	Алпайн
5323525	ru	Алтадина
5323525	tr	Altadena
5323694	ru	Американ-Каньон
5323810	az	Anahaym
5323810	ru	Анахайм
5324105	ru	Антелоп
5324200	ru	Антиок
5324200	tr	Antioch
5324400	ru	Аптос
5324477	ru	Аркадия
5324477	tr	Arcadia
532459	ru	Людиново
5324802	tr	Arroyo Grande
5324862	ru	Артижа
5324862	tr	Artesia
5324903	ru	Арвин
5324903	tr	Arvin
5325011	ru	Эшленд
5325011	tr	Ashland
5325111	tr	Atascadero
5325147	ru	Атертон
5325147	tr	Atherton
532518	ru	Любохна
5325187	ru	Атуотер
5325187	tr	Atwater
5325223	ru	Оберн
5325256	tr	August
5325327	ru	Авенал
532535	ru	Люблино
5325372	ru	Авокадо-Гайтс
5325372	tr	Avocado Heights
5325423	ru	Азуса
5325423	tr	Azusa
5325738	az	Beykersfild
5325738	ru	Бейкерсфилд
5325866	ru	Болдуин-Парк
5325866	tr	Baldwin Park
532600	ru	Любим
5326032	ru	Банинг
532615	az	Lyubertsı
532615	ru	Люберцы
5326297	ru	Барстоу
5326297	tr	Barstow
5326561	tr	Bay Point
532657	az	Lıtkarino
532657	ru	Лыткарино
532664	ru	Лысые Горы
532675	ru	Лысьва
532706	ru	Лысогорская
5327098	ru	Бомонт
5327098	tr	Beaumont
532715	ru	Лысково
5327298	ru	Белла
5327298	tr	Bell
5327319	ru	Белл-Гарденс
5327319	tr	Bell Gardens
5327422	ru	Беллфлауэр
5327455	ru	Белмонт
5327522	tr	Ben Lomond
5327684	az	Berkli
5327684	ru	Беркли
5327684	tr	Berkeley
5327717	ru	Бермуда-Дюнс
5327717	tr	Bermuda Dunes
5328041	az	Beverli-Hillz
5328041	ru	Беверли-Хиллз
5328041	tr	Beverly Hills
5328152	ru	Биг Бер Сити
5328152	tr	Big Bear City
5328163	ru	Биг-Бэр-Лейк
5328163	tr	Big Bear Lake
532860	ru	Лянгасово
532895	ru	Лямбирь
5329408	ru	Блумингтон
5329649	ru	Блайт
533008	ru	Львовский
5330427	tr	Boyes Hot Springs
5330567	tr	Brawley
5330582	ru	Брея
5330642	ru	Брентвуд
5330642	tr	Brentwood
533067	ru	Лужники
533143	ru	Луза
5331568	ru	Бьюэлтон
5331568	tr	Buellton
5331575	ru	Буэна-Парк
5331835	ru	Бербанк
5331920	ru	Берлингем
5331920	tr	Burlingame
5332593	ru	Калабасас
5332698	ru	Калексико
5332748	ru	Калифорния Сити
5332748	tr	California City
533284	ru	Лунино
5332929	az	Kalipatriya
5332929	ru	Калипатрия
5332929	tr	Callipatria
5332937	ru	Калистога
5332937	tr	Calistoga
5332957	ru	Калимеса
5333689	ru	Кэмпбелл
5333689	tr	Campbell
533400	ru	Лукоянов
5334096	ru	Кэпитола
5334096	tr	Capitola
5334223	ru	Карлсбад
5334336	ru	Кармайкл
5334423	ru	Карпинтерия
5334423	tr	Carpinteria
5334519	ru	Карсон
5334928	ru	Кастро Вали
5334937	ru	Кастровил
5334937	tr	Castroville
5335006	ru	Катидрал-Сити
533541	ru	Луховка
533543	az	Luxovitsı
533543	ru	Луховицы
5335650	ru	Церера
5335663	ru	Серритос
5336185	ru	Чери Вали
5336185	tr	Cherry Valley
5336190	tr	Cherryland
5336269	ru	Чико
5336537	ru	Чино
5336537	tr	Chino
5336667	ru	Чоучилла
5336667	tr	Chowchilla
5336899	ru	Чула-Виста
533690	az	Luqa
533690	ru	Луга
53372	ru	Одуэйне
5337551	ru	Ситрус
5337551	tr	Citrus
5337561	ru	Ситръс Хайтс
5337696	ru	Клермонт
5337841	ru	Клейтон
5337841	tr	Clayton
5337908	ru	Клирлейк
5337908	tr	Clearlake
5338104	az	Kloverdale
5338104	ru	Кловердейл
5338104	tr	Cloverdale
5338122	az	Klovis
5338122	ru	Кловис
5338122	tr	Clovis
5338196	ru	Коалинга
5338196	tr	Coalinga
5338783	ru	Колтон
5338783	tr	Colton
5338929	ru	Коммерс
5338929	tr	Commerce
5339066	az	Kompton
5339066	ru	Комптон
5339066	tr	Compton
5339111	ru	Конкорд
5339539	ru	Коркоран
5339539	tr	Corcoran
5339614	ru	Корнинг
5339614	tr	Corning
5339631	az	Korona
5339631	ru	Корона
5339631	tr	Corona
533964	ru	Лоухи
5339663	ru	Коронадо
533975	ru	Лотошино
5339766	tr	Corte Madera
5339840	ru	Коста-Меса
5339865	ru	Котати
5339865	tr	Cotati
5339873	tr	Coto de Caza
534015	ru	Лосино-Петровский
5340175	ru	Ковина
5340674	ru	Крестлайн
5340674	tr	Crestline
5341051	ru	Кадахи
5341051	tr	Cudahy
5341114	ru	Калвер-Сити
5341145	ru	Купертино
5341256	ru	Сайпресс
5341256	tr	Cypress
5341430	ru	Дейли-Сити
5341483	ru	Дейна-Пойнт
5341483	tr	Dana Point
5341531	ru	Дэнвилл
5341531	tr	Danville
5341704	ru	Дейвис
534174	ru	Лопатинский
5342425	tr	Del Aire
5342485	ru	Делано
5342485	tr	Delano
5342522	ru	Делгай
5342522	tr	Delhi
5342710	ru	Дезерт-Хот-Спрингс
5342710	tr	Desert Hot Springs
5342992	ru	Даймонд-Бар
5343038	tr	Diamond Springs
5343171	ru	Динюба
5343171	tr	Dinuba
5343202	tr	Discovery Bay
5343303	tr	Dixon
534341	ru	Ломоносов
5343728	tr	Dos Palos
5343858	ru	Дауни
5343858	tr	Downey
534413	ru	Локоть
5344147	ru	Дуарте
5344157	ru	Дублин
5344359	ru	Дарем
5344359	tr	Durham
5344702	ru	Ерлимарт
5344702	tr	Earlimart
5344817	ru	Ист Ранчо Домингез
5344817	tr	East Rancho Dominguez
5344844	ru	Ист Футхилс
5344844	tr	East Foothills
5344942	ru	Ист Хемит
5344942	tr	East Hemet
5344994	tr	Doğu Los Angeles
5345032	ru	Ист-Пало-Алто
5345032	tr	East Palo Alto
5345038	ru	Ист Пасадина
5345038	tr	East Pasadena
5345049	ru	Ист Портервил
5345049	tr	East Porterville
5345529	ru	Эль Кахон
5345529	tr	El Cajon
534560	ru	Лодейное Поле
5345609	ru	Эль-Сентро
5345623	ru	Эль-Серрито
5345623	tr	El Cerrito
5345679	ru	Ел Дорадо Хилс
5345679	tr	El Dorado Hills
5345716	tr	El Granada
5345743	ru	Эль-Монте
5345743	tr	El Monte
5345844	ru	Ел Рио
5345844	tr	El Rio
5345860	ru	Эль-Сегундо
5345860	tr	El Segundo
5345888	tr	El Sobrante
534595	ru	Лобня
5346111	ru	Элк-Гров
5346342	ru	Елверта
5346342	tr	Elverta
5346462	ru	Эмеривилл
5346462	tr	Emeryville
5346646	ru	Энсинитас
5346649	ru	Энсино
5346827	ru	Эскондидо
5346827	tr	Escondido
534701	ru	Ливны
5347239	tr	Exeter
5347287	ru	Фер Оукс
5347335	ru	Фэрфилд
5347397	tr	Fairview
5347742	tr	Farmersville
5348299	tr	Firebaugh
534838	ru	Лиски
5349613	ru	Флорин
5349613	tr	Florin
5349755	ru	Фонтана
5349803	ru	Футхил Фармс
5349803	tr	Foothill Farms
5350039	ru	Форт-Брагг
5350039	tr	Fort Bragg
5350159	ru	Фостер-Сити
5350159	tr	Foster City
5350207	az	Faunten-Velli
5350207	ru	Фаунтин-Вэлли
5350207	tr	Fountain Valley
5350351	ru	Фаулер
5350351	tr	Fowler
5350734	az	Frimont
5350734	ru	Фримонт
5350734	tr	Fremont
535086	ru	Липки
5350937	ru	Фресно
535121	az	Lipetsk
535121	ru	Липецк
535121	tr	Lipetsk
5351247	ru	Фуллертон
5351428	ru	Галт
5351428	tr	Galt
5351496	ru	Гарден-Ейкерс
5351496	tr	Garden Acres
5351515	ru	Гарден-Гров
5351549	ru	Гардина
5351549	tr	Gardena
535169	ru	Линево
535183	ru	Линда
5352214	ru	Гилрой
535229	ru	Лиман
5352350	ru	Глен-Ейвон
5352423	ru	Глендейл
535243	ru	Ликино-Дулево
5352439	ru	Глендора
535254	ru	Лиховской
535261	ru	Лихославль
535270	ru	Лихоборы
5352771	ru	Голд Ривер
5352771	tr	Gold River
5352875	ru	Голден Хилс
5352875	tr	Golden Hills
5352963	ru	Шхуна
5352997	ru	Гонзалес
5352997	tr	Gonzales
535330	ru	Лианозово
535334	ru	Льгов
5353484	tr	Grand Terrace
535366	ru	Лежнево
5353775	ru	Грасс-Валли
5353775	tr	Grass Valley
5354157	tr	Greenacres
535417	ru	Лев Толстой
5354172	ru	Гринфилд
5354172	tr	Greenfield
5354307	ru	Гридли
5354307	tr	Gridley
535438	ru	Левокумское
535440	ru	Левокумка
5354552	tr	Grover Beach
5354591	tr	Guadalupe
5354747	tr	Gustine
5354819	ru	Хасиенда-Хайтс
5354819	tr	Hacienda Heights
5354943	tr	Half Moon Bay
5355180	ru	Хэнфорд
535542	ru	Леваши
5355782	tr	Hawaiian Gardens
5355828	az	Hotorn
5355828	ru	Хоторн
5355828	tr	Hawthorne
5355933	az	Heyvard
5355933	ru	Хейвард
5355933	tr	Hayward
5356012	ru	Хилдсберг
5356012	tr	Healdsburg
5356277	ru	Хемет
5356451	ru	Геркулес
5356451	tr	Hercules
5356521	ru	Хермоса-Бич
5356521	tr	Hermosa Beach
5356576	ru	Хеспирия
5356767	tr	Hidden Valley Lake
5356868	ru	Хайланд
535695	ru	Лесной Городок
535729	ru	Комендантский аэродром
535734	ru	Лесной
535741	ru	Лесной
535744	ru	Лесной
5357527	az	Hollivud
5357527	ru	Голливуд
5357598	ru	Холтвилл
5357598	tr	Holtville
5357731	ru	Хоум Гарденс
5357731	tr	Home Gardens
5357755	tr	Homeland
5358539	tr	Hughson
5358705	ru	Хантингтон-Бич
5358736	ru	Хантингтон-Парк
5358736	tr	Huntington Park
5358769	tr	Huron
535886	ru	Лермонтов
5359052	ru	Импириъл
5359052	tr	Imperial
5359054	ru	Импириъл Бийч
5359426	ru	Индиан-Уэлс
5359426	tr	Indian Wells
5359446	ru	Индио
5359488	az	İnqlvud
5359488	ru	Инглвуд
5359488	tr	Inglewood
5359634	tr	Ione
535966	ru	Леоново
5359777	ru	Ирвин
5359864	ru	Айла-Виста
5359864	tr	Isla Vista
536035	ru	Ленинское
536098	ru	Ленинские горы
536111	ru	Ленинский
5361298	tr	Joshua Tree
536156	ru	Ленинск
536162	az	Leninoqorsk
536162	ru	Лениногорск
536164	ru	Царицыно
536186	ru	Ленинкент
536200	ru	Ленинградская
536206	az	Yubileynıy
536206	ru	Юбилейный
536209	ru	Ленинаул
536219	ru	Ленина
5362849	ru	Кенсингтон
5362849	tr	Kensington
5362864	ru	Кентфилд
5362864	tr	Kentfield
5362909	tr	Kerman
5363058	tr	Keyes
5363208	tr	King City
5363429	tr	Kingsburg
5363859	ru	Ла-Каньяда-Флинтридж
5363922	ru	Ла Хабра
5363922	tr	La Habra
5363925	ru	Ла Хабра Хайтс
5363925	tr	La Habra Heights
5363943	ru	Ла-Холья
536398	ru	Лефортово
5363990	ru	Ла-Меса
5363990	tr	La Mesa
5364007	ru	Ла-Мирада
5364022	tr	La Palma
5364095	tr	La Riviera
5364134	ru	Ла-Верн
5364226	ru	Лафайет
5364226	tr	Lafayette
5364275	ru	Лагуна-Бич
5364329	ru	Лагуна Нигел
5364369	tr	Laguna Woods
5364414	tr	Lake Arrowhead
5364499	ru	Лейк-Элсинор
5364514	ru	Лейк-Форест
5364514	tr	Lake Forest
5364571	ru	Лейк-Лос-Анджелес
5364571	tr	Lake Los Angeles
536466	ru	Лебяжье
5364855	ru	Лейквуд
5364916	ru	Ламонт
5364916	tr	Lamont
5364940	ru	Ланкастер
5365113	ru	Ларкспер
5365113	tr	Larkspur
5365172	tr	Las Flores
536518	ru	Лебедянь
53654	az	Moqadişo
53654	ru	Могадишо
53654	tr	Mogadişu
5365425	ru	Латроуп
5365603	tr	Lawndale
5365893	ru	Лемон-Гров
5365893	tr	Lemon Grove
5365918	ru	Лемор
5365918	tr	Lemoore
5365937	ru	Леннокс
5365937	tr	Lennox
536625	ru	Лазаревское
5366375	ru	Линколн
5366375	tr	Lincoln
5366604	tr	Lindsay
5367315	tr	Live Oak
5367427	ru	Ливингстон
5367427	tr	Livingston
5367440	ru	Ливермор
5367440	tr	Livermore
5367565	ru	Лоди
5367565	tr	Lodi
5367696	ru	Лома-Линда
5367696	tr	Loma Linda
5367767	ru	Ломита
5367767	tr	Lomita
5367788	ru	Ломпок
5367788	tr	Lompoc
5367929	az	Lonq Biç
5367929	ru	Лонг-Бич
536818	ru	Латная
5368233	ru	Лумис
5368233	tr	Loomis
5368304	ru	Лос Аламитос
5368304	tr	Los Alamitos
5368335	ru	Лос-Альтос
5368335	tr	Los Altos
5368361	az	Los-Anceles
5368361	ru	Лос-Анджелес
5368361	tr	Los Angeles
5368453	ru	Лос-Баньос
5368453	tr	Los Banos
5369150	ru	Лусерн Вали
5369150	tr	Lucerne Valley
5369367	ru	Линвуд
5369568	ru	Мадера
5370006	ru	Маммот Лейкс
5370082	az	Menhetten-Biç
5370082	ru	Манхэттен-Бич
5370082	tr	Manhattan Beach
5370164	ru	Мантика
5370164	tr	Manteca
5370493	ru	Марина
5370493	tr	Marina
5370868	ru	Мартинес
5370984	ru	Мерисвил
537107	ru	Лакинск
5371243	ru	Мейфлауэр-Виллидж
5371243	tr	Mayflower Village
5371261	tr	Maywood
537127	ru	Лахтинский
537147	ru	Лахденпохья
5371530	tr	McFarland
537158	ru	Лаишево
5371858	tr	Mead Valley
5371965	ru	Мекка
5371965	tr	Mecca
5372190	ru	Мендота
5372190	tr	Mendota
5372223	ru	Менло-Парк
5372223	tr	Menlo Park
5372253	ru	Мерсед
537235	ru	Ладожская
537238	ru	Ладовская Балка
537281	ru	Лабинск
5373121	ru	Милл-Валли
5373121	tr	Mill Valley
5373129	ru	Милбрей
5373327	ru	Милпитас
537344	ru	Исламей
537345	ru	Дугулубгей
537346	ru	Кызбурун Первый
5373492	ru	Мира Лома
5373504	tr	Mira Monte
5373763	ru	Мишен-Вьехо
5373900	ru	Модесто
5374175	ru	Монровия
5374175	tr	Monrovia
5374232	ru	Монтклер
5374322	ru	Монтебелло
5374340	ru	Монтесито
5374340	tr	Montecito
5374361	az	Monterey
5374361	ru	Монтерей
5374361	tr	Monterey
5374406	ru	Монтерей Парк
5374648	ru	Мурпарк
5374648	tr	Moorpark
5374671	ru	Морага
5374732	ru	Морено-Валли
5374732	tr	Moreno Valley
5374764	ru	Морган Хил
5374764	tr	Morgan Hill
537508	ru	Кяхулай
5375480	az	Mauntin Vyu
5375480	ru	Маунтин-Вью
5375911	ru	Муриета
5375938	tr	Muscoy
537598	ru	Кузоватово
5376095	ru	Напа
5376200	ru	Нашенал-Сити
5376200	tr	National City
5376803	ru	Ньюарк
5376803	tr	Newark
5376870	ru	Ньюман
5376870	tr	Newman
5377199	ru	Норко
5377266	tr	North Auburn
537737	ru	Кузнецк
5377654	ru	Северный Голливуд
537771	ru	Кузьмоловский
5377995	az	Noruolk
5377995	ru	Норуолк
5377995	tr	Norwalk
5378044	ru	Новато
5378044	tr	Novato
537832	ru	Кузьминки
5378408	ru	Оук-Парк
5378408	tr	Oak Park
5378500	tr	Oakdale
5378538	ru	Окленд
5378566	ru	Окли
5378566	tr	Oakley
5378763	tr	Oceano
5378771	ru	Оушенсайд
5378870	ru	Ойлдейл
5378870	tr	Oildale
5378880	ru	Охай
5378880	tr	Ojai
5379264	ru	Оливхерст
537939	ru	Куженер
5379439	ru	Онтарио
5379513	ru	Ориндж
5379533	tr	Orange Cove
5379678	ru	Оринда
5379678	tr	Orinda
5379698	tr	Orland
5379755	tr	Orosi
5379759	ru	Оровилл
5380184	az	Oksnard
5380184	ru	Окснард
5380184	tr	Oxnard
5380420	ru	Пасифика
5380437	ru	Пасифик-Гров
5380437	tr	Pacific Grove
538046	ru	Куеда
5380571	ru	Палермо
5380571	tr	Palermo
538061	ru	Куйбышево
5380626	ru	Палм-Дезерт
5380626	tr	Palm Desert
5380668	ru	Палм-Спрингс
5380698	ru	Палмдейл
5380748	ru	Пало Альто
5381002	ru	Парадайс
5381002	tr	Paradise
538104	ru	Кувшиново
5381110	ru	Парамаунт
5381305	tr	Parkway
5381325	tr	Parlier
538138	az	Kuvandık
538138	ru	Кувандык
5381396	ru	Пасадина
5381438	ru	Пасо Роблес
5381515	tr	Patterson
5382146	ru	Перрис
5382146	tr	Perris
5382232	ru	Петалума
5382496	ru	Пико-Ривера
5382496	tr	Pico Rivera
5382514	az	Pyemont
5382514	ru	Пьемонт
5382514	tr	Piedmont
5383187	tr	Pinole
538321	ru	Кусково
538340	az	Kuşva
538340	ru	Кушва
5383431	ru	Пизмо-Бич
5383431	tr	Pismo Beach
5383465	ru	Питтсбург
5383465	tr	Pittsburg
538368	ru	Кушнарёнково
5383720	ru	Плезант Хил
5383720	tr	Pleasant Hill
5383777	ru	Плезантон
5383844	ru	Плумас-Лейк
5383844	tr	Plumas Lake
5384133	ru	Поллок-Пайнс
5384133	tr	Pollock Pines
538416	ru	Кущёвская
5384170	az	Pomona
5384170	ru	Помона
5384170	tr	Pomona
538442	ru	Куса
5384690	ru	Поуэй
5384690	tr	Poway
538472	ru	Курьяново
538508	ru	Курумоч
5385393	tr	Quartz Hill
538558	ru	Курская
538560	az	Kursk
538560	ru	Курск
538560	tr	Kursk
5385793	ru	Рамона
5385793	tr	Ramona
538582	ru	Курсавка
5385941	tr	Rancho Cordova
5385955	ru	Ранчо-Кукамонга
538601	ru	Куровское
5386015	ru	Ранчо Мираж
5386027	tr	Rancho Murieta
5386035	ru	Ранчо Палос Вердес
5386082	tr	Rancho Santa Margarita
5386754	az	Redlends
5386754	ru	Редлендс
5386754	tr	Redlands
5386785	ru	Редондо-Бич
5386834	ru	Редвуд Сити
538696	ru	Курлово
5386984	tr	Reedley
5387288	ru	Риальто
538733	ru	Куркино
5387428	az	Riçmond
5387428	ru	Ричмонд
5387428	tr	Richmond
5387494	ru	Риджкрест
5387494	tr	Ridgecrest
5387687	ru	Рио Линда
5387687	tr	Rio Linda
5387749	ru	Рипон
5387749	tr	Ripon
5387844	tr	Riverbank
5387877	az	Riversayd
5387877	ru	Риверсайд
5388319	ru	Роклин
538836	az	Kurqaninsk
538836	ru	Курганинск
5388467	ru	Родео
5388467	tr	Rodeo
5388564	tr	Rohnert Park
5388735	ru	Розамонд
5388873	ru	Роземонт
5388873	tr	Rosemont
5388881	ru	Розвелл
5388881	tr	Roseville
5388953	tr	Rossmoor
538908	ru	Курчатов
538911	ru	Курчанская
538913	ru	Курчалой
5389489	az	Sakramento
5389489	ru	Сакраменто
5389489	tr	Sacramento
5390267	ru	Сент-Хелина
5390267	tr	St. Helena
539061	ru	Купчино
539069	ru	Купавна
539110	ru	Кунцево
5391291	ru	Селайда
5391291	tr	Salida
5391295	ru	Салинас
539147	az	Kunqur
539147	ru	Кунгур
5391615	ru	Сан Анселмо
5391710	ru	Сан-Бернардино
5391760	ru	Сан-Карлос
5391760	tr	San Carlos
5391791	ru	Сан-Клементе
5391811	az	San-Dieqo
5391811	ru	Сан-Диего
5391811	tr	San Diego
5391891	ru	Сан-Димас
5391891	tr	San Dimas
5391945	az	San Fernando
5391945	ru	Сан-Фернандо
5391945	tr	San Fernando
5391959	az	San-Fransisko
5391959	ru	Сан-Франциско
5391959	tr	San Francisco
5392034	az	San Qabriel
5392034	ru	Сан-Габриэль
5392034	tr	San Gabriel
5392090	ru	Сан-Джасинто
5392090	tr	San Jacinto
5392171	az	San-Xose
5392171	ru	Сан-Хосе
5392171	tr	San Jose
539221	ru	Кумылженская
5392229	ru	Сан-Хуан-Капистрано
5392229	tr	San Juan Capistrano
5392263	ru	Сан Леандро
5392263	tr	San Leandro
5392281	tr	San Lorenzo
5392323	ru	Сан Луис Обиспо
5392368	ru	Сан-Маркос
5392368	tr	San Marcos
5392400	az	San Marino
5392400	ru	Сан-Марино
5392400	tr	San Marino
5392408	ru	Сан Мартин
5392408	tr	San Martin
5392423	ru	Сан-Матео
5392508	ru	Сан-Пабло
5392508	tr	San Pablo
5392528	ru	Сан Педро
5392567	ru	Сан-Рафел
5392593	az	San-Ramon
5392593	ru	Сан-Рамон
5392593	tr	San Ramon
539283	ru	Кумертау
539284	ru	Кумены
5392868	ru	Сэнгер
5392868	tr	Sanger
5392900	ru	Санта-Ана
5392952	az	Santa-Barbara
5392952	ru	Санта-Барбара
5393015	ru	Санта-Клара
5393015	tr	Santa Clara
5393049	ru	Санта-Кларита
5393052	ru	Санта-Крус
5393128	ru	Санта Фе Спрингс
5393180	az	Santa-Mariya
5393180	ru	Санта-Мария
5393180	tr	Santa Maria
5393212	az	Santa-Monika
5393212	ru	Санта-Моника
5393212	tr	Santa Monica
5393245	ru	Санта-Паула
5393245	tr	Santa Paula
5393287	ru	Санта-Роза
5393429	ru	Санти
5393484	ru	Саранап
5393484	tr	Saranap
5393485	ru	Саратога
5393611	ru	Сосалито
5393611	tr	Sausalito
5393701	tr	Sawtelle
539385	ru	Кулой
5393971	ru	Скотс Вали
5393971	tr	Scoots Valley
5394136	ru	Сисайд
5394136	tr	Seaside
5394165	ru	Себастопол
5394165	tr	Sebastopol
5394329	ru	Сельма
5394329	tr	Selma
5394842	tr	Shafter
539537	ru	Кулешовка
539555	ru	Кулебаки
5395622	ru	Сиера Мадре
5395622	tr	Sierra Madre
5395754	ru	Сигнал-Хилл
5395754	tr	Signal Hill
5396003	ru	Сими-Вэлли
539689	ru	Кукмор
5397018	ru	Соледад
5397018	tr	Solebad
5397059	az	Solvanq
5397059	ru	Солванг
5397059	tr	Solvang
5397095	ru	Сонома
5397095	tr	Sonoma
5397166	ru	Сокуэль
5397166	tr	Soquel
5397376	ru	Саут-Эль-Монте
5397376	tr	South El Monte
5397664	ru	Саут-Лейк-Тахо
5397664	tr	South Lake Tahoe
5397717	ru	Южная Пасадина
5397717	tr	South Pasadena
5397771	ru	Саут-Сан-Габриэль
5397771	tr	South San Gabriel
5397777	ru	Саут-Сан-Хосе-Хиллс
5397777	tr	South San Jose Hills
5397851	tr	South Yuba City
539794	ru	Кугеси
539817	az	Kudımkar
539817	ru	Кудымкар
5398277	ru	Спринг-Вэлли
539839	ru	Кудрово
5398563	az	Stenford
5398563	ru	Стэнфорд
5398563	tr	Stanford
5398630	ru	Стэнтон
5398630	tr	Stanton
5399020	az	Stokton
5399020	ru	Стоктон
539907	ru	Кудепста
5399319	ru	Стробери
5399319	tr	Strawberry
5400075	ru	Саннивейл
540030	ru	Кубинка
5400877	ru	Тафт
5400877	tr	Taft
5401017	tr	Tamalpais Valley
540103	ru	Кстово
5401121	ru	Тара Хилс
5401121	tr	Tara Hills
540121	ru	Кшенский
5401297	tr	Tehachapi
5401395	ru	Темекула
5401469	tr	Temple City
5401516	ru	Темплтон
5401516	tr	Templeton
5402159	ru	Термалито
5402159	tr	Thermalito
5402405	ru	Таузенд-Оукс
5402415	tr	Thousand Palms
540251	az	Krımsk
540251	ru	Крымск
540267	ru	Крыловская
540268	ru	Крыловская
5402961	ru	Топанга
5403022	ru	Торранс
5403022	tr	Torrance
5403191	ru	Трейси
5403191	tr	Tracy
5403676	ru	Траки
5403783	ru	Тулар
5403783	tr	Tulare
5404122	ru	Норт Тастин
5404122	tr	North Tustin
5404198	ru	Туэнтинайн-Палмс
5404476	ru	Юкайа
5404555	ru	Юниън Сити
5404794	ru	Юниверсал-Сити
5404915	ru	Апленд
5404915	tr	Upland
5405228	ru	Вакавил
5405346	ru	Вали Виста
5405380	ru	Вальехо
5405693	ru	Ван-Найс
5405737	ru	Ванденберг
5405737	tr	Vandenberg Village
5405841	ru	Венис
5405878	ru	Вентура
5406222	ru	Викторвилл
5406222	tr	Victorville
5406337	ru	Вилла Парк
5406337	tr	Villa Park
5406567	ru	Висейлия
5406602	ru	Виста
5406602	tr	Vista
5406976	ru	Уолнат
5406990	ru	Уолнат-Крик
5406990	tr	Walnut Creek
5407030	tr	Walnut Park
540740	ru	Кротовка
5407463	ru	Уотерфорд
5407463	tr	Waterford
540761	ru	Кропоткин
540769	ru	Кропачево
540771	az	Kronştadt
540771	ru	Кронштадт
540771	tr	Kronstadt
540776	ru	Кромы
5407841	tr	West Athens
5407908	tr	West Carson
5407927	ru	Вест Ранчо Домингез
5407927	tr	West Rancho Dominguez
5407933	ru	Западная Ковина
540797	ru	Кривянская
5408076	ru	Уэст-Голливуд
5408076	tr	West Hollywood
5408191	tr	West Puente Valley
5409260	ru	Уайлдомар
5409260	tr	Wildomar
5409417	ru	Уилиямс
5409768	tr	Willowbrook
5409777	ru	Уиллоус
5410004	ru	Виндзор
5410004	tr	Windsor
5410125	ru	Уинтерс
5410125	tr	Winters
5410144	ru	Винтон
5410144	tr	Winton
5410382	tr	Woodcrest
5410416	tr	Woodlake
5410902	ru	Йорба-Линда
5410902	tr	Yorba Linda
5411015	ru	Юба-Сити
5411046	ru	Юкайпа
5411046	tr	Yucaipa
541116	ru	Крестцы
5412199	ru	Арвада
5412199	tr	Arvada
5412230	ru	Аспен
5412347	ru	Аврора
541235	ru	Кременки
541286	ru	Кратово
541337	ru	Красный Яр
541344	ru	Красн.Яр
541349	ru	Красный Яр
5413519	ru	Беркли
541404	ru	Красный Сулин
541406	ru	Красный Строитель
5414069	ru	Блек Форист
5414941	ru	Брайтон
541549	ru	Красный Октябрь
541647	ru	Красн.Кут
5416541	ru	Сентенниал
541704	ru	Красный Холм
5417258	ru	Клифтон
5417598	az	Kolorado Sprinqs
5417598	ru	Колорадо-Спрингс
5417657	ru	Коломбина
541795	ru	Красные Баррикады
541796	ru	Красные Баки
5419384	az	Denver
5419384	ru	Денвер
5419384	tr	Denver
5419431	ru	Дерби
541950	ru	Краснозаводск
541951	ru	Краснозатонский
542000	ru	Красное Село
542024	ru	Красное-на-Волге
5420241	ru	Дуранго
5421250	ru	Энглвуд
5421250	tr	Englewood
5421418	ru	Евергрин
542143	ru	Красноярская
542184	ru	Красновишерск
542199	ru	Красноуфимск
542212	ru	Краснослободск
542213	ru	Краснослободск
5422140	ru	Форт Карсон
542235	ru	Красносельский
54225	az	Marka
54225	ru	Марка
54225	tr	Marka
542287	ru	Краснооктябрьский
542298	ru	Красномайский
5423075	ru	Глендейл
5423078	ru	Гленигл
5423092	ru	Гленвуд-Спрингс
542312	ru	Краснокумское
542322	ru	Краснохолм
542327	ru	Краснокамск
5423294	ru	Голден
542333	ru	Красногвардейское
542334	ru	Красногвардейское
542335	ru	Красногвардейское
5423573	ru	Гранд Джанкшен
542366	ru	Красногорский
542374	az	Krasnoqorsk
542374	ru	Красногорск
5423908	ru	Гринвуд-Вилледж
5424099	ru	Ганнисон
542420	az	Krasnodar
542420	ru	Краснодар
542420	tr	Krasnodar
542435	ru	Красноармейское
542461	ru	Полтавская
542463	ru	Красноармейск
542464	ru	Красноармейск
5425043	ru	Хайландс Ранч
542571	ru	Красная Яруга
542634	ru	Красная Пресня
542640	ru	Красная Поляна
542776	ru	Красн.Горбатка
5427771	ru	Лафайет
5427771	tr	Lafayette
542788	ru	Красная Гора
5427946	ru	Лейквуд
5427957	ru	Ламар
542841	ru	Красково
5429032	ru	Литтлтон
542908	ru	Красавино
5429208	tr	Lone Tree
5429522	ru	Луисвил
542965	ru	Краснохолмский
5430023	ru	Маниту Спрингс
543018	ru	Козьмодемьянск
543133	ru	Козловка
5431710	ru	Монтроуз
543254	ru	Кожухово
5433124	ru	Нортглен
543344	ru	Козеево
543348	ru	Козельск
5434006	ru	Паркер
543436	ru	Ковылкино
543460	ru	Ковров
543494	ru	Ковернино
543508	ru	Ковдор
5435464	ru	Пуэбло
543605	ru	Котовск
543633	ru	Котово
5436363	tr	Rifle
543704	ru	Котлас
543728	ru	Котельниково
543731	ru	Котельники
543737	ru	Котельнич
5437555	ru	Салида
5438542	ru	Шеридан
543878	az	Kostroma
543878	ru	Кострома
543878	tr	Kostroma
543899	ru	Костомукша
5441492	ru	Торнтон
5442007	ru	Тринидад
544203	ru	Кошки
544263	ru	Кошехабль
5442727	ru	Вейл
544293	ru	Косая Гора
544370	ru	Коряжма
5443910	ru	Уэстминстер
5443910	tr	Westminster
5444689	ru	Вудленд Парк
5444689	tr	Woodland Park
5445298	ru	Додж-сити
5445439	ru	Гарден Сити
5445820	ru	Либеральная
5446683	ru	Улисс
544707	ru	Короча
544896	ru	Кореновск
544904	ru	Коренёво
544906	ru	Коренево
545001	ru	Кораблино
545078	ru	Коптёво
545267	ru	Константиновское
545272	ru	Константиновский
545276	ru	Константиновская
545277	ru	Константиновск
545353	ru	Коноша
545400	ru	Коноково
545405	ru	Конобеево
5454627	ru	Аламогордо
5454711	az	Albukerke
5454711	ru	Альбукерке
545575	ru	Кондрово
5455796	ru	Артижа
5455796	tr	Artesia
545626	ru	Кондопога
545673	ru	Конаково
5456975	ru	Белен
545717	ru	Комсомольский
5457198	ru	Берналило
545727	ru	Комсомольский
545736	ru	Комсомольск
545788	ru	Коммунар
545946	ru	Комаричи
545982	ru	Колышлей
5460459	ru	Карлсбад
546055	ru	Колтуши
546092	ru	Колпны
546105	ru	Колпино
546225	ru	Коломяги
546230	ru	Коломна
5462393	ru	Кловис
546244	ru	Коломенское
546316	ru	Колодезный
5464806	ru	Деминг
546521	ru	Кольчугино
546554	ru	Кола
546579	ru	Коксовый
546606	ru	Кокошкино
546672	az	Koxma
546672	ru	Кохма
5467024	ru	Эспаньола
5467328	ru	Фармингтон
5468773	ru	Гэллап
5469841	ru	Грантс
54715	ru	Лук
5471578	ru	Хоббс
547162	ru	Княгинино
547383	ru	Клявлино
547475	ru	Клинцы
547523	ru	Клин
5475352	ru	Лас-Крусес
5475433	ru	Лас-Вегас
547560	ru	Климовск
547591	ru	Климово
547677	ru	Клетский
547681	ru	Клетня
5476825	ru	Лос-Аламос
5476913	ru	Лос-Лунас
5477090	ru	Ловингтон
547831	ru	Кизнер
547840	ru	Кизляр
547841	ru	Кизляр
547849	ru	Кизилюрт
547875	ru	Кизел
548097	ru	Кисляковская
548114	ru	Кисловодск
5481793	ru	Норт-Валли
548278	ru	Киржач
548330	ru	Кирсанов
548333	ru	Кирс
548390	ru	Кировская
548391	ru	Кировск
548392	ru	Кировск
548395	az	Kirovo-Çepetsk
548395	ru	Кирово-Чепецк
548408	az	Kirov
548408	ru	Киров
548408	tr	Kirov
548410	ru	Киров
548442	ru	Кириши
548478	ru	Кириллов
5484874	ru	Порталес
548493	ru	Киргиз-Мияки
548506	ru	Киреевск
548602	ru	Кингисепп
548605	az	Kineşma
548605	ru	Кинешма
548622	ru	Кинель-Черкассы
548625	ru	Кинель
548652	az	Kimrı
548652	ru	Кимры
548658	ru	Кимовск
5486795	ru	Ратон
548695	ru	Кильмезь
548740	ru	Преображенская
548747	ru	Кикнур
548781	ru	Кидекша
5487811	ru	Рио-Ранчо
548791	ru	Кичменгский Городок
5488441	ru	Розуэлл
5488598	ru	Руидозо
548890	ru	Хвойная
548982	az	Xvalınsk
548982	ru	Хвалынск
5490263	az	Santa Fe
5490263	ru	Санта-Фе
5490263	tr	Santa Fe
5491288	ru	Шипрок
5491487	ru	Силвер-Сити
5491999	ru	Сокорро
549266	ru	Хреновое
5493403	ru	Санленд-Парк
549373	ru	Хотьково
5493811	ru	Таос
549424	ru	Хоста
549479	ru	Хорошёво
5495292	ru	Трут-ор-Консекуэнсес
5495360	ru	Тукумкэри
549741	az	Xolmskaya
549741	ru	Холмская
549848	ru	Хохольский
5499004	ru	Зуни-Пуэбло
5500539	ru	Боулдер
5500539	tr	Boulder City
550102	ru	Хлевное
5501344	az	Karson-Siti
5501344	ru	Карсон-Сити
5501344	tr	Carson City
5502732	ru	Дейтон
550280	az	Ximki
550280	ru	Химки
550280	tr	Himki
550478	az	Xasavyurt
550478	ru	Хасавюрт
550512	ru	Харовск
5505411	ru	Хендерсон
550671	ru	Харабали
5506956	az	Las-Veqas
5506956	ru	Лас-Вегас
5506956	tr	Las Vegas
550708	ru	Ханская
550785	ru	Орлов
550844	ru	Хаджалмахи
550846	az	Xadıjensk
550846	ru	Хадыженск
550868	ru	Хабез
550902	ru	Кез
5509403	ru	Норт-Лас-Вегас
5509851	ru	Пахрумп
5509952	ru	Парадайз
551070	ru	Кенже
5511077	ru	Рино
551145	ru	Кемь
5512862	ru	Спаркс
5512909	ru	Спринг-Вэлли
5512909	tr	Spring Valley
5513307	tr	Sun Valley
5513343	ru	Санрайз-Мэнер
551439	ru	Казанская
551487	az	Qazan
551487	ru	Казань
551487	tr	Kazan
5515110	ru	Уитни
5515110	tr	Whitney
5515345	ru	Винчестер
5515345	tr	Winchester
5515743	ru	Гаймон
5516203	ru	Алпайн
5516233	ru	Амарилло
5516288	ru	Андрус
551646	ru	Каякент
551669	ru	Кавказская
5517061	ru	Биг Спринг
551729	ru	Катыр-Юрт
5517469	ru	Боргер
5517469	tr	Borger
5517675	ru	Браунфилд
551794	ru	Катав-Ивановск
551816	ru	Касумкент
5518232	ru	Канутило
551835	ru	Кастанаево
551846	ru	Лагань
551847	ru	Каспийск
5518758	ru	Чилдрес
551891	ru	Касимов
551964	az	Kaşira
551964	ru	Кашира
551986	az	Kaşin
551986	ru	Кашин
5519862	ru	Далхарт
552006	ru	Кашары
5520076	ru	Дель-Рио
5520552	ru	Думас
5520677	ru	Игл Пас
5520953	ru	Ейдсон
5520993	az	El-Paso
5520993	ru	Эль-Пасо
5520993	tr	El Paso
552133	ru	Карсун
5521746	ru	Форт-Стоктон
5523074	ru	Херфорд
552312	ru	Кармаскалы
552465	ru	Каргополь
5524849	ru	Ламиса
552500	ru	Каргалинская
5525042	ru	Левланд
5525295	ru	Литлфилд
5525577	ru	Лаббок
5525577	tr	Lubbock
552562	ru	Кардоникская
5526337	ru	Мидленд
5526514	ru	Монаханс
5527554	ru	Одесса
5527953	ru	Пампа
5528182	ru	Пекос
5528274	ru	Перитон
552830	ru	Каракулино
5528596	ru	Поуст
552862	ru	Караидель
552887	ru	Карагай
552895	ru	Карагач
552920	ru	Карачев
552924	ru	Карачаевск
552951	ru	Карабулак
552953	ru	Карабудахкент
552974	ru	Карабаш
552977	ru	Карабаново
552999	ru	Капустин Яр
5530022	ru	Сан-Анджело
553034	ru	Капотня
5530825	ru	Слэйтон
5530825	tr	Slaton
553092	ru	Кантышево
5530932	ru	Сокорро
553099	ru	Кантемировка
553152	ru	Каневская
553169	ru	Кандры
553190	ru	Кандалакша
553216	ru	Канаш
553216	tr	Kanaş
553248	ru	Камызяк
553287	ru	Камышин
553310	ru	Камышеватская
553350	ru	Камские Поляны
553389	ru	Камешково
553399	ru	Каменск-Шахтинский
553427	ru	Каменоломни
553513	ru	Каменномостское
553514	ru	Каменномостский
553518	ru	Каменногорск
553615	ru	Каменка
5536630	ru	Сидар-Сити
553725	ru	Каменка
553766	ru	Каменка
553769	ru	Каменка
553828	ru	Камбилеевское
553835	ru	Камбарка
553884	ru	Калязин
5538927	ru	Эфраим
5538927	tr	Ephraim
553915	az	Kaluqa
553915	ru	Калуга
553915	tr	Kaluga
553955	ru	Калниболотская
554077	ru	Калиновская
5541061	ru	Айвинс
5541061	tr	Ivins
554173	ru	Калининская
554199	ru	Калининск
554233	ru	Королёв
554233	tr	Korolyov
554234	az	Kalininqrad
554234	ru	Калининград
554234	tr	Kaliningrad
554318	ru	Калевала
5543307	ru	Моаб
554363	ru	Калашниково
5543853	ru	Нефи
554397	ru	Калач-на-Дону
554410	ru	Калач
554444	ru	Кахун
554482	ru	Кагальницкая
554535	ru	Кадуй
554549	ru	Кадом
554554	ru	Кадников
5545710	ru	Ричфилд
554599	ru	Качканар
5546441	ru	Санта Клара
5546441	tr	Santa Clara
5546452	ru	Сантакуин
5546452	tr	Santaquin
554668	ru	Кабардинка
554679	ru	Кабаново
554770	ru	Изобильный
554787	ru	Измайлово
554840	az	İjevsk
554840	ru	Ижевск
554840	tr	İjevsk
554894	ru	Избербаш
5549222	ru	Вашингтон
554950	ru	Ивот
554973	ru	Ивня
5550368	tr	Wasco
5550579	ru	Индиан Хиллс
555111	ru	Ивантеевка
555112	ru	Ивантеевка
555129	ru	Ивановское
5551498	ru	Антем
5551498	tr	Anthem
5551535	ru	Апачи-Джанкшен
5551535	tr	Apache Junction
5551665	ru	Аризона Сити
5551665	tr	Arizona City
555206	ru	Ивановское
5552301	ru	Эвондейл
5552301	tr	Avondale
555279	ru	Ивановская
555312	az	İvanov
555312	ru	Иваново
555312	tr	İvanovo
5553955	tr	Rathdrum
5554072	az	Cuno
5554072	ru	Джуно
5554072	tr	Juneau
5554428	az	Keçingen
5554428	ru	Кетчикан
5555097	ru	Сейлем
5555097	tr	Salem
5555235	ru	Ли Хил
555624	ru	Ивангород
555717	ru	Исянгулово
5557293	ru	Ситка
555746	ru	Истра
555798	ru	Исса
5558857	ru	Андерсон
5558857	tr	Anderson
5558953	ru	Арката
5558953	tr	Arcata
5559320	tr	Bayside
555980	ru	Ишимбай
555984	ru	Ишеевка
5562087	ru	Кресент-Сити
556230	az	İpatovo
556230	ru	Ипатово
556275	ru	Инжавино
556283	az	İnza
556283	ru	Инза
556318	ru	Инсар
556320	ru	Иноземцево
5563397	ru	Эврика
5563839	ru	Фортуна
5563839	tr	Fortuna
556463	ru	Им.Воровского
556511	ru	Имени Свердлова
556575	ru	Им.Морозова
55671	az	Kismayo
55671	ru	Кисмайо
55671	tr	Kismayo
556728	ru	Имени Карла Либкнехта
5567770	ru	Макинливил
5567770	tr	McKinleyville
556951	ru	Ильский
556961	ru	Иловля
5570160	ru	Реддинг
5571109	tr	Shasta Lake
557140	ru	Ильинский
557170	ru	Ильиногорск
557246	ru	Ильинка
557340	ru	Илек
557390	ru	Икряное
557469	ru	Игра
5574991	ru	Боулдер
557563	ru	Иглино
557588	ru	Идрица
557628	ru	Ибреси
557657	ru	Гжель
5576859	ru	Эри
557706	ru	Гвардейское
557710	ru	Гвардейск
5577147	ru	Форт-Коллинс
5577158	ru	Форт Морган
5577217	ru	Фредерик
5577592	ru	Грили
557775	ru	Гусь-Хрустальный
5578536	ru	Джонстаун
557882	az	Qusev
557882	ru	Гусев
557906	ru	Гурьевск
5579276	ru	Лонгмонт
5579276	tr	Longmont
557984	ru	Гундоровский
557988	ru	Гунделен
557992	ru	Гумрак
558066	ru	Гулькевичи
558082	ru	Гуково
558118	az	Qudermes
558118	ru	Гудермес
558146	az	Qubkin
558146	ru	Губкин
558186	ru	Губден
558209	az	Qubaxa
558209	ru	Губаха
558236	ru	Грязовец
5582371	ru	Стимбот Спрингс
5582392	ru	Стерлинг
558312	ru	Грязи
5583250	ru	Веллингтон
5583509	ru	Виндзор
558385	ru	Мартан-Чу
5583997	ru	Аммон
5583997	tr	Ammon
558418	az	Qroznı
558418	ru	Грозный
558418	tr	Grozni
558487	ru	Гривенская
558497	ru	Грицовский
5586093	ru	Блэкфут
5586437	az	Buaze
5586437	ru	Бойсе
5586437	tr	Boise
558707	ru	Григорополисская
5587385	ru	Берли
5587698	ru	Колдуэлл
558799	ru	Грибановский
5588842	ru	Чаббак
5588842	tr	Chubbuck
558885	ru	Гремячинск
558892	ru	Гремячево
5589173	ru	Кёр-д’Ален
558998	ru	Гребенская
559029	ru	Гражданка
559034	ru	Грайворон
559158	ru	Грабово
5591778	ru	Игл
5591778	tr	Eagle
559179	ru	Гойты
559252	ru	Гостагаевская
559317	ru	Горячий Ключ
559320	ru	Горячеводский
5593814	ru	Гарден Сити
559400	ru	Горшечное
559459	ru	Гороховец
559475	ru	Городовиковск
559478	ru	Городовики
5595320	ru	Хейден
5595320	tr	Hayden
559643	ru	Городище
5596475	ru	Айдахо-Фолс
559654	ru	Городище
559678	az	Qorodets
559678	ru	Городец
559731	ru	Горный
559740	ru	Горняцкий
559752	az	Qornozavodsk
559752	ru	Горнозаводск
5597955	ru	Куна
5598538	ru	Льюистон
5600685	ru	Меридиан
5600685	tr	Meridian
5600890	ru	Миддлтон
5600890	tr	Middleton
560142	ru	Горелово
5601538	ru	Москва
560154	ru	Горелки
5601933	ru	Нампа
560255	ru	Горбунки
5604045	ru	Покателло
5604353	ru	Пост-Фолс
5604353	tr	Post Falls
560465	ru	Гольяново
5605242	ru	Рексберг
5606401	ru	Сандпойнт
560674	ru	Головчино
560756	ru	Голицыно
560825	ru	Гоичу
560852	ru	Гофицкое
5608754	ru	Стар
5608754	tr	Star
560995	ru	Глушково
5610810	ru	Туин-Фолс
561146	ru	Глубокий
561313	ru	Глазуновка
561347	ru	Глазов
561437	ru	Гизель
561462	ru	Гирей
561501	ru	Гигант
561504	ru	Гидроторф
561515	az	Qiaqin
561515	ru	Гиагинская
561549	ru	Герменчук
561560	ru	Гергебиль
561626	ru	Георгиевская
561627	ru	Георгиевск
56166	ru	Джилиб
561667	az	Qelencik
561667	ru	Геленджик
561670	ru	Гехи
561679	az	Qdov
561679	ru	Гдов
561722	ru	Гайдук
561731	ru	Гай
561762	ru	Гаврилов-Ям
561783	ru	Гаврилов Посад
561887	ru	Гатчина
561887	tr	Gatçina
562161	ru	Галич
562237	az	Qaqarin
562237	ru	Гагарин
562245	az	Hacıyevo
562245	ru	Гаджиево
562309	ru	Фурманов
562319	ru	Фрязино
562321	ru	Фрязево
562322	ru	Фряново
562389	ru	Фролово
562820	ru	Фили
563300	ru	Фатеж
563306	ru	Фастовецкая
563344	ru	Фалёнки
56335	az	Cavcavcal
56335	ru	Джавхар
56335	tr	Cavcavcal
563379	ru	Эжва
563420	ru	Эртиль
563461	ru	Энгель-Юрт
563464	ru	Энгельс
563471	ru	Энергетик
563472	ru	Энем
563514	az	Elista
563514	ru	Элиста
563514	tr	Elista
563522	az	Elektrouqli
563522	ru	Электроугли
563523	ru	Электросталь
563524	az	Elektroqorsk
563524	ru	Электрогорск
563551	ru	Экажево
563556	ru	Эдиссия
563601	ru	Джубга
563678	ru	Джалка
563681	ru	Джалиль
563705	ru	Дзержинский
563708	az	Dzerjinsk
563708	ru	Дзержинск
563708	tr	Dzerjinsk
5637146	ru	Анаконда
563719	ru	Дюртюли
563792	ru	Дылым
563822	ru	Дятьково
5639364	ru	Белгрейд
5639364	tr	Belgrade
5640350	ru	Биллингс
564098	ru	Доргели
5641727	ru	Бозмана
564191	ru	Думиничи
564241	ru	Духовницкое
5642934	ru	Бьютт
564414	ru	Дубровка
564487	ru	Дубровка
5645859	tr	Columbia Falls
564593	ru	Дубовское
564654	ru	Дубовка
564719	ru	Дубна
564723	ru	Дубна
564764	ru	Дубки
564821	ru	Дуба-Юрт
565007	ru	Дрезна
56505	ru	Искушубан
565108	ru	Досчатое
5651289	ru	Евергрин
565197	ru	Дорогомилово
565202	az	Doroqobuj
565202	ru	Дорогобуж
565289	ru	Донское
565290	ru	Донской
565300	ru	Донской
565348	ru	Донецк
565357	ru	Дондуковская
565381	ru	Домодедово
565407	ru	Домбаровский
5654391	ru	Глендайв
565456	ru	Должанская
5655240	ru	Грейт-Фолс
565611	ru	Долгоруково
565614	ru	Долгопрудный
5656497	ru	Хавр
5656882	az	Xelena
5656882	ru	Хелена
5656882	tr	Helena
565778	ru	Добрянка
565803	ru	Доброе
565857	ru	Добринка
565885	ru	Дно
565908	ru	Дмитровск-Орловский
565955	ru	Дмитров
566015	ru	Дмитриев
5660340	ru	Калиспелл
566068	ru	Дмитриевка
566155	ru	Дивное
566157	ru	Дивноморское
566165	ru	Дивеево
5661766	tr	Laurel
566181	ru	Динская
566199	az	Dimitrovqrad
566199	ru	Димитровград
566243	ru	Дигора
5663049	ru	Ливингстон
566384	az	Desnoqorsk
566384	ru	Десногорск
566456	ru	Дергачи
566532	az	Dərbənd
566532	ru	Дербент
5666176	ru	Майлс Сити
566629	ru	Демянск
566635	ru	Демьяново
5666639	ru	Миссула
566712	ru	Демихово
566751	ru	Демидов
566854	ru	Дедовск
566868	ru	Дедовичи
566891	ru	Деденёво
566908	ru	Дебëсы
566950	ru	Давыдово
566969	ru	Давыдовка
566976	ru	Давыдково
567006	az	Dəvləkən
567006	ru	Давлеканово
567047	ru	Даровской
567109	ru	Данков
567177	ru	Даниловка
567183	ru	Данилов
567280	ru	Долаково
567290	ru	Дагестанские Огни
567311	ru	Дачное
567434	az	Çusovoy
567434	ru	Чусовой
567695	ru	Чухлома
5677735	ru	Сидней
567774	az	Çudovo
567774	ru	Чудово
567859	ru	Чонтаул
567902	ru	Чкаловск
567990	ru	Чистополь
568012	ru	Чишмы
568077	ru	Чиркей
568085	ru	Чири-Юрт
568184	ru	Чикола
568429	ru	Чертково
568464	ru	Чёрный Яр
568527	ru	Чернышковский
568587	ru	Чернянка
568595	ru	Черняховск
568608	ru	Чернушка
5686121	ru	Уайтфиш
5686121	tr	Whitefish
568785	ru	Черноморский
568790	ru	Чернолесское
5688025	az	Bismark
5688025	ru	Бисмарк
5688025	tr	Bismarck
568808	az	Çernoqolovka
568808	ru	Черноголовка
5688789	ru	Дикинсон
5690366	ru	Мандан
5690532	ru	Мина
569116	ru	Чернь
569132	ru	Чермен
569154	az	Çerkessk
569154	ru	Черкесск
569154	tr	Çerkessk
569223	ru	Череповец
569223	tr	Çerepovets
569273	ru	Черёмушки
5692947	ru	Уиллистон
569295	ru	Черемухово
5693164	ru	Альянс
569318	ru	Черемшан
569359	ru	Чердынь
569360	ru	Чердаклы
5694163	ru	Чадрон
569453	ru	Чемодановка
569497	ru	Челно-Вершины
569540	ru	Челбасская
5695604	ru	Гиринг
569579	ru	Чекмагуш
569591	az	Çexov
569591	ru	Чехов
569632	ru	Чегем Второй
569636	ru	Чегем Первый
569666	ru	Чечен-Аул
569696	az	Çeboksarı
569696	ru	Чебоксары
569696	tr	Şupaşkar
5697383	ru	Мак-Кук
569742	ru	Чайковский
5697939	ru	Норт-Платт
569934	ru	Чаплыгин
5699404	ru	Скотсблафф
5699404	tr	Scottsbluff
569955	ru	Чапаевск
5699552	ru	Сидней
570003	ru	Чамзинка
570021	ru	Чалтырь
570086	ru	Чагода
570133	ru	Чаадаевка
570298	ru	Быково
570315	ru	Быково
5703670	ru	Элко
570427	ru	Бузулук
570455	ru	Буздяк
570479	ru	Буйнакск
570508	ru	Буй
570563	ru	Бутурлиновка
570564	ru	Бутурлино
570868	ru	Бураево
570990	ru	Болгар
5710756	ru	Олбани
571155	az	Bua
571155	ru	Буинск
571159	az	Buquruslan
571159	ru	Бугуруслан
571170	ru	Бугульма
5711847	ru	Астория
5712169	ru	Бэйкер Сити
571306	ru	Будённовск
5713376	ru	Бивертон
5713376	tr	Beaverton
5713587	ru	Бенд
571420	ru	Брюховецкая
571476	az	Bryansk
571476	ru	Брянск
571476	tr	Bryansk
571557	ru	Бронницы
5715905	ru	Брукингс
5715905	tr	Brookings
571702	ru	Братское
571741	ru	Братеево
5717758	tr	Canby
5718601	tr	Central Point
571987	ru	Борское
5720639	ru	Корнелиус
5720639	tr	Cornelius
572070	ru	Боровск
5720727	ru	Корваллис
5720755	tr	Cottage Grove
572154	az	Boroviçi
572154	ru	Боровичи
572154	tr	Boroviçi
5721551	tr	Cresswell
5722064	ru	Даллас
572256	ru	Бородинский
5724581	ru	Ийгъл Пойнт
5724581	tr	Eagle Point
572500	ru	Борисовка
572520	ru	Борисоглебский
572525	az	Borisoqlebsk
572525	ru	Борисоглебск
572559	ru	Боринское
5725846	ru	Юджин
5726018	tr	Fairview
572665	ru	Бор
5727032	ru	Флоренция
5727032	tr	Florence
572706	ru	Бамут
5727190	ru	Форест-Гроув
5727190	tr	Forest Grove
5727382	ru	Фор-Корнерс
5728429	ru	Гладстон
57289	az	Hargeisa
57289	ru	Харгейсе
57289	tr	Hargeisa
5729080	ru	Грантс-Пасс
5729293	az	Qrin
5729485	ru	Грешем
5729485	tr	Gresham
5730183	tr	Happy Valley
5731070	tr	Hermiston
5731371	ru	Хиллсборо
5732763	ru	Индепенденс
5732763	tr	Independence
573388	ru	Большое Полпино
5734198	tr	Junction City
573471	ru	Большое Мурашкино
5734711	ru	Кейзер
5735238	ru	Кламат Фолс
573559	ru	Большое Козино
5735724	ru	Лейк-Осуэго
5735724	tr	Lake Oswego
5736218	ru	Лебанон
5736218	tr	Lebanon
5736645	tr	Lincoln City
573709	ru	Большое Болдино
5738690	ru	Мадрас
5740099	ru	Медфорд
5740900	ru	Милуоки
5740900	tr	Milwaukie
5741182	tr	Molalla
5741227	ru	Монмут
5741227	tr	Monmouth
574226	ru	Большие Дворы
5742726	az	Nyuberq
5742726	ru	Ньюберг
5742726	tr	Newberg
5742750	ru	Ньюпорт
5742974	ru	Север Бенд
5742974	tr	North Bend
574307	ru	Болшево
574350	ru	Большеустьикинское
5743731	ru	Оук-Гроув
5744166	ru	Онтарио
5744166	tr	Ontario
5744253	ru	Орегон Сити
5745380	ru	Пендлтон
5746545	ru	Портленд
5746545	tr	Portland
574675	ru	Большая Сетунь
5747882	ru	Редмонд
5747882	tr	Redmond
5750162	az	Salem
5750162	ru	Сейлем
5750162	tr	Salem
5750477	ru	Санди
5750477	tr	Sandy
5750663	tr	Scappoose
5750984	ru	Сисайд
5750984	tr	Seaside
5751600	tr	Sheridan
5751632	ru	Шервуд
5751632	tr	Sherwood
5752024	ru	Силвертон
5752024	tr	Silverton
575343	ru	Болохово
575349	ru	Бологое
575364	ru	Болхов
5754005	ru	Спрингфилд
575410	az	Boksitoqorsk
575410	ru	Бокситогорск
575413	ru	Боковская
5754464	tr	Stayton
575457	ru	Богучар
575505	ru	Богородское
575521	ru	Богородское
575522	ru	Богородское
5755474	tr	Sutherlin
575560	az	Boqorodsk
575560	ru	Богородск
5755890	tr	Talent
575591	az	Boqorodiçk
575591	ru	Богородицк
5756758	tr	Tigard
575728	ru	Богатые Сабы
5757477	ru	Траутдейл
575756	ru	Богатое
5758052	tr	Umatilla
575897	ru	Боброво
5759289	ru	Уоррентон
5759289	tr	Warrenton
575948	ru	Бобров
576116	az	Blaqoveşensk
576116	ru	Благовещенск
576147	ru	Благодатное
5761481	ru	Уинстон
5761481	tr	Winston
5761708	ru	Вудберн
5761708	tr	Woodburn
576172	ru	Благодарный
576195	ru	Бижбуляк
576260	ru	Бисерть
576279	ru	Бирюлёво
576317	az	Böre
576317	ru	Бирск
576351	ru	Билимбай
576432	ru	Бибирево
576519	ru	Безопасное
576566	az	Bejetsk
576566	ru	Бежецк
576590	ru	Безенчук
576663	ru	Бессоновка
576672	ru	Бесскорбная
576697	az	Beslan
576697	ru	Беслан
576697	tr	Beslan
5767918	az	Pyer
5767918	ru	Пирр
5767918	tr	Pierre
5768233	ru	Рапид-Сити
5768244	ru	Рапид Вали
5769288	ru	Спирфиш
5769288	tr	Spearfish
5769489	ru	Стерджис
5770732	ru	Алпайн
5770732	tr	Alpine
5771960	ru	Бригам Сити
577206	ru	Березники
577240	ru	Двинской Березник
5772581	tr	Cedar Hills
5772959	az	Klirfild
5772959	tr	Clearfield
5773001	ru	Клинтон
5773001	tr	Clinton
5773304	tr	Cottonwood Heights
577380	ru	Березанская
577384	ru	Береза
5774001	ru	Дрейпър
5774215	ru	Игл Маунтин
5774215	tr	Eagle Mountain
577450	ru	Бердяуш
5774662	ru	Фармингтон
5774685	tr	Farr West
577485	ru	Бено-Юрт
5775035	tr	Fruit Heights
5775346	ru	Грантсвил
5775346	tr	Grantsville
577551	ru	Белые Столбы
577560	ru	Белые Берега
5775615	ru	Харисвил
5775615	tr	Harrisville
5775699	az	Heber-Siti
5775699	ru	Хебер-Сити
5775699	tr	Heber City
5775782	ru	Хериман
5775782	tr	Herriman
5775863	tr	Highland
5776008	ru	Холадей
5776092	tr	Hooper
5776228	tr	Hyrum
577630	ru	Беляевка
5776715	tr	Kaysville
5776727	ru	Кернс
5777107	ru	Лейтон
577711	ru	Белозёрск
5777224	ru	Лехе
5777332	ru	Линдън
5777332	tr	Lindon
5777793	ru	Магна
5777915	tr	Mapleton
5778244	ru	Мидвейл
5778352	az	Millcreek
577856	ru	Белоусово
5778755	ru	Мюррей
577881	ru	Белорецк
5778898	ru	Нибли
577893	az	Beloreçensk
577893	ru	Белореченск
577901	ru	Белоозёрский
5779036	ru	Северный Огден
5779036	tr	North Ogden
5779068	tr	North Salt Lake
577908	ru	Белоомут
5779206	ru	Огден
577922	ru	Беломорск
5779334	ru	Орем
5779334	tr	Orem
5779451	ru	Парк-Сити
5779548	ru	Пейсон
5779548	tr	Payson
5779798	ru	Плейн Сити
5779798	tr	Plain City
5779816	tr	Pleasant Grove
5779833	tr	Pleasant View
5780020	ru	Провиденс
5780020	tr	Providence
5780026	ru	Прово
578045	ru	Белинский
578045	tr	Belinski
5780531	ru	Ривърдейл
5780531	tr	Riverdale
5780557	ru	Ривертон
5780699	tr	Roosevelt
578072	az	Belqorod
578072	ru	Белгород
578072	tr	Belgorod
5780802	ru	Рой
578091	ru	Белёв
5780993	az	Solt Leyk Siti
5780993	ru	Солт-Лейк-Сити
5780993	tr	Salt Lake City
5781087	ru	Саратога-Спрингс
578120	ru	Белебей
578152	az	Belaya Xolunitsa
578152	ru	Белая Холуница
578155	ru	Белая Калитва
5781551	tr	Smithfield
578169	ru	Белая Глина
578172	ru	Белая-Березка
5781770	ru	Саут-Джордан
5781783	ru	Саут-Огден
5781809	tr	South Weber
5781860	ru	Спаниш Форк
5781993	ru	Спрингвил
5781993	tr	Springville
5782055	ru	Стансбери Парк
5782320	tr	Sunset
5782391	ru	Сиракьюс
5782391	tr	Syracuse
5782476	ru	Тейлорсвилл
578263	ru	Беково
578369	ru	Спасск
5783768	ru	Тремонтон
5783768	tr	Tremonton
5784154	ru	Вернал
5784384	tr	Washington Terrace
5784504	tr	West Bountiful
5784540	tr	West Haven
5784549	ru	Уэст-Джордан
5784580	tr	West Point
5784607	ru	Уэст-Валли-Сити
578465	ru	Базарный Сызган
578466	ru	Базарный Карабулак
578467	ru	Базарные Матаки
5785243	az	Aberdin
5785243	ru	Абердин
5785243	tr	Abardeen
578534	ru	Баймак
5785378	tr	Airway Heights
5785868	ru	Арлингтон
5785909	ru	Артондейл
578637	ru	Бавтугай
578638	ru	Бавлы
5786485	ru	Баттл-Граунд
5786485	tr	Battle Ground
578659	ru	Батырево
5786882	ru	Белвью
5786899	az	Bellinqham
5786899	ru	Беллингхем
578740	ru	Батайск
5787475	az	Bleyn
5787475	ru	Блейн
5787475	tr	Blaine
5788054	ru	Бремертон
578842	ru	Башмаково
5788516	ru	Бюриън
5788516	tr	Burien
5788539	ru	Берлингтон
5788539	tr	Burlington
5788822	ru	Камас
578931	az	Barış
578931	ru	Барыш
5789683	ru	Сентрейлия
5789683	tr	Centralia
578974	ru	Барсуковская
5789856	tr	Cheney
5790562	tr	College Place
5790756	tr	Connell
579132	ru	Барда
5792244	ru	Де-Мойн
5792244	tr	Des Moines
579266	ru	Баранчинский
5792869	tr	DuPont
5793237	ru	Ист Порт Орчард
5793271	tr	East Wenatchee
5793427	ru	Эдмондс
5793822	ru	Инамкло
5793822	tr	Enumclaw
579384	ru	Балтаси
5793933	ru	Эверетт
5794242	ru	Фелида
5794276	az	Ferndeyl
5794276	tr	Ferndale
579432	ru	Балезино
5794328	ru	Файф
5794328	tr	Fife
5794416	tr	Fircrest
5794559	ru	Файв-Корнерс
579460	az	Balaşov
579460	ru	Балашов
579464	az	Balaşixa
579464	ru	Балашиха
579464	tr	Balaşiha
579492	ru	Балаково
579496	ru	Балакирево
579514	ru	Балахна
579529	ru	Балабаново
5795440	tr	Gig Harbor
579571	ru	Баксаненок
579574	ru	Баксан
5795969	tr	Grandview
5796984	ru	Гейзел-Делл
579728	ru	Бакалы
579738	ru	Бакал
5797430	ru	Хобарт
579760	az	Baqrationovsk
579760	ru	Багратионовск
5797693	ru	Хокуиам
5797693	tr	Hoquiam
579771	ru	Багаевская
579831	ru	Бачи-Юрт
579870	ru	Бабушкин
5799587	ru	Кенмор
5799587	tr	Kenmore
5799610	ru	Кенневик
5799625	ru	Кент
5799625	tr	Kent
579999	ru	Бабаюрт
580006	az	Babayevo
580006	ru	Бабаево
5800112	ru	Лейси
5800227	tr	Lake Forest Park
5800314	ru	Лейк-Шор
5800317	ru	Лейк Стивънс
5800420	ru	Лейквуд
5800420	tr	Lakewood
580054	ru	Азов
580054	tr	Azak
580062	ru	Азнакаево
580139	ru	Аютинский
5801617	ru	Лонгвю
5802035	az	Linden
5802035	tr	Lynden
5802049	ru	Линвуд
580218	ru	Автуры
580222	ru	Автово
5802236	ru	Малтви
5802247	ru	Манчестер
580227	ru	Авсюнино
5802493	ru	Марта-Лейк
5802570	ru	Мерисвил
5803139	ru	Мърсър Айланд
5803357	ru	Мидланд
5803556	ru	Мильтон
580375	ru	Атяшево
5803786	ru	Монро
5804127	ru	Маунт-Вернон
5804135	ru	Маунт Виста
5804191	ru	Маунтлейк Терас
580420	ru	Аткарск
5804885	ru	Норманди-Парк
5804885	tr	Normandy Park
5804915	ru	Норт Бенд
580497	az	Həştərxan
580497	ru	Астрахань
580497	tr	Astrahan
580545	ru	Ассиновская
5805505	tr	Ocean Shores
5805687	az	Olimpiya
5805687	ru	Олимпия
5805687	tr	Olympia
580577	ru	Аскино
580584	ru	Аскарово
5805849	ru	Ортинг
5805849	tr	Orting
5805879	az	Otello
5805879	tr	Othello
580597	ru	Ашукино
5806017	ru	Пасифик
5806274	ru	Парквуд
5806298	ru	Паско
580660	ru	Аша
580676	ru	Асекеево
580716	ru	Арзгир
5807212	ru	Порт Анджелис
5807236	ru	Порт Орчард
580724	ru	Арзамас
5807337	tr	Poulsbo
5807540	ru	Пулман
5807575	ru	Пуйаллап
5807713	ru	Куинси
5807713	tr	Quincy
580783	ru	Арти
5808079	ru	Редмонд
5808079	tr	Redmond
5808189	ru	Рентон
5808276	ru	Ричленд
5808276	tr	Richland
5808311	ru	Риджфийлд
580850	az	Arça
580850	ru	Арск
580922	ru	Армавир
5809402	ru	Самамиш
580942	ru	Архонская
580969	ru	Архипо-Осиповка
5809805	tr	SeaTac
5809844	az	Sietl
5809844	ru	Сиэтл
5809844	tr	Seattle
5809902	tr	Sedro-Woolley
5809928	tr	Selah
5809983	ru	Секим
5809983	tr	Sequim
5810176	ru	Шелтон
5810301	ru	Шорлайн
5810301	tr	Shoreline
581049	az	Arxanqelsk
581049	ru	Архангельск
581049	tr	Arkhangelsk
581080	ru	Аркадак
5810988	ru	Снохомиш
5810988	tr	Snohomish
581126	az	Arqun
581126	ru	Аргун
581128	ru	Аргудан
5811696	ru	Спокан
5811729	ru	Спокан-Валли
5811729	tr	Spokane Valley
581179	ru	Ардон
581186	ru	Ардатов
581187	ru	Ардатов
5812434	az	Saden Vali
5812434	ru	Саден Вали
5812505	ru	Самит
5812543	tr	Sumner
5812604	ru	Саннисайд
5812604	tr	Sunnyside
5812944	ru	Такома
581313	ru	Апшеронск
581321	ru	Апрелевка
581357	az	Apatitı
581357	ru	Апатиты
5813747	ru	Топениш
5813747	tr	Toppenish
5814095	ru	Тумуотер
5814095	tr	Tumwater
5814419	ru	Юниън Гап
5814450	ru	Юнивърсити Плейс
5814616	ru	Ванкувер
5814647	ru	Вашон
5814916	ru	Уолла Уолла
5814992	tr	Wapato
5815136	tr	Washougal
5815342	ru	Уэнатчи
5815605	ru	Вест Вали
581568	ru	Ансалта
5816320	ru	Остров Бейнбридж
5816413	ru	Воллочет
5816413	tr	Wollochet
5816449	ru	Вудинвилл
5816449	tr	Woodinville
5816457	tr	Woodland
5816605	ru	Якима
5816656	ru	Йелм
5816656	tr	Yelm
581671	ru	Анна
581788	ru	Анджиевский
581928	ru	Андреевское
581989	ru	Андреево
582001	ru	Андреевка
5820705	ru	Каспер
582097	ru	Эндирей
582105	ru	Андреаполь
5821086	az	Cheyenne
5821086	ru	Шайенн
5821086	tr	Cheyenne
582123	ru	Анди
5821593	ru	Коди
582163	ru	Анастасиевская
582181	ru	Анапская
582182	ru	Анапа
582266	ru	Аминьево
5823516	ru	Дуглас
582362	ru	Алтуд
582423	ru	Алнаши
582432	ru	Альметьевск
582462	ru	Аллерой
5824805	ru	Эванстон
582490	ru	Алхазурово
582491	ru	Алхан-Юрт
582493	ru	Алхан-Кала
582504	ru	Али-Юрт
582544	ru	Али-Бердуковский
5826027	ru	Джиллетт
5826559	ru	Грин-Ривер
582750	ru	Алексин
582775	ru	Алексеевское
582846	ru	Алексеевка
5828648	ru	Джексон
582890	ru	Алексеевка
582956	ru	Алексе́евка
582993	ru	Александровское
5830007	ru	Ландер
5830062	ru	Ларами
583041	ru	Александровск
583345	ru	Александров Гай
583350	ru	Александров
583368	ru	Александрийская
583416	ru	Альбурикент
583437	ru	Алатырь
583472	ru	Алакуртти
583509	ru	Акъяр
583548	ru	Актюбинский
5835606	ru	Пауэлл
5835606	tr	Powell
583578	ru	Актаныш
583583	ru	Аксубаево
583589	ru	Аксиньино
5836068	ru	Ролинс
5836665	ru	Ривертон
583673	ru	Аксай
583674	ru	Аксай
5836898	ru	Рок-Спрингс
583785	ru	Ахтырский
583794	ru	Ахты
583798	ru	Ахтубинск
5838198	ru	Шеридан
583983	az	Əgerce
583983	ru	Агрыз
584021	ru	Агеево
584051	ru	Агаповка
584059	ru	Агалатово
5841207	ru	Торрингтон
584126	ru	Афипский
584243	ru	Адлер
584279	ru	Адамовка
584298	az	Açxoy-Martan
584298	ru	Ачхой-Мартан
584308	ru	Ачит
584310	ru	Ачикулак
5843495	ru	Уэрленд
5844096	ru	Американ-Форк
5844096	tr	American Fork
584441	ru	Абинск
584471	ru	Абдулино
584562	az	Zirə
584562	ru	Зиря
584586	az	Zərdob
584586	ru	Зардоб
584586	tr	Zardob
584596	az	Zaqatala
584596	ru	Загатала
584596	tr	Zakatala
584614	az	Zabrat
584614	ru	Забрат
584649	az	Gəncə
584649	ru	Евлах
584649	tr	Evlak
584715	az	Xudat
584715	ru	Худат
584715	tr	Hudat
584716	az	Göygöl
584716	ru	Гёйгёль
584716	tr	Xanlar
584717	az	Xaçmaz
584717	ru	Хачмас
584717	tr	Haçmaz
5847411	ru	Кахулуи
5847486	ru	Кайлуа
5847486	tr	Kailua
5847504	ru	Каилуа-Кона
584791	az	Ucar
584791	ru	Уджары
584791	tr	Ucar
584792	az	Türkan
584792	ru	Тюркян
584821	az	Tovuz
584821	ru	Тауз
584821	tr	Tovuz
584871	az	Tərtər
584871	ru	Тертер
584871	tr	Terter
584923	az	Sumqayıt
584923	ru	Сумгаит
584923	tr	Sumgayıt
584954	az	Siyəzən
584954	ru	Сиазань
5850248	ru	Лихуэ
5850511	ru	Макаха
5850616	ru	Макавао
585103	az	Qaraçuxur
585103	ru	Гарачухур
5851349	ru	Нанакули
585145	az	Saray
585145	ru	Сарай
585145	tr	Saray
585152	az	Şamxor
585152	ru	Шамкир
585152	tr	Şamkır
585156	az	Şamaxı
585156	ru	Шемаха
585156	tr	Şamahı
585170	az	Şəki
585170	ru	Шеки
585170	tr	Şeki
585177	az	Samux
585177	ru	Сафаралиев
585177	tr	Samux
585184	az	Sabunçu
585184	ru	Сабунчи
585187	az	Sabirabad
585187	ru	Сабирабад
585187	tr	Sabirabad
585220	az	Qusar
585220	ru	Кусары
585220	tr	Kusar
585221	az	Quba
585221	ru	Куба
585221	tr	Kuba
585223	az	Duvannı
585223	ru	Гобустан
585223	tr	Kobustan
585225	az	Hacıqabul
585225	ru	Кази-Магомед
585225	tr	Hacıqabul
585226	az	Qazax
585226	ru	Казах
585226	tr	Kazah
585227	az	Qax
585227	ru	Кахи
585227	tr	Kah
585231	az	Qəbələ
585231	ru	Габала
585231	tr	Kabala
5852697	ru	Пукалани
585333	az	Oğuz
585333	ru	Огуз
585333	tr	Oğuz
585379	az	Hacı Zeynalabdin
585379	ru	Гаджи-Зейналабдин
585388	az	Nardaran
585388	ru	Нардаран
585388	tr	Nardaran
5853965	ru	Виллидж-Парк
585400	az	Naftalan
585400	ru	Нафталан
585400	tr	Naftalan
5854450	ru	Ваилеа
5854530	ru	Ваималу
5854530	tr	Waimalu
5854571	ru	Ваимеа
5854686	ru	Вайпаху
5854686	tr	Waipahu
585514	az	Mingəçevir
585514	ru	Мингечаур
585514	tr	Mingachevir
585557	az	Maştağa
585557	ru	Маштага
585568	ru	Мардакян
585570	az	Qobustan
585570	ru	Мараза
585570	tr	Qobustan
5855809	ru	Хавайиан-Парадайс-Парк
5855927	ru	Хило
5856195	az	Honolulu
5856195	ru	Гонолулу
5856195	tr	Honolulu
585630	az	Lökbatan
585630	ru	Локбатан
585642	az	Çinarlı
585642	ru	Ленин
5856430	ru	Айеа
5856430	tr	Aiea
585666	az	Qızılhacılı
585666	ru	Кызылгаджылы
585688	az	Kürdəxanı
585688	ru	Кюрдаханы
585694	ru	Кюр
585763	az	Kürdemir
585763	ru	Кюрдамир
585763	tr	Kürdemir
585802	az	Qovlar
585802	ru	Ковлар
585838	az	Qobu
585838	ru	Кобу
585838	tr	Qobu
585909	az	Xızı
585909	ru	Хызы
585909	tr	Hızı
585915	az	Xirdalan
585915	ru	Хырдалан
585915	tr	Hırdalan
585940	az	Xocəsən
585940	ru	Ходжасан
5861187	ru	Игл-Ривер
5861187	tr	Eagle River
586135	az	Cırdaxan
586135	ru	Караери
5861897	az	Feyrbanks
5861897	ru	Фэрбанкс
586268	az	Kəlbəcər
586268	ru	Кельбаджар
586268	tr	Kelbajar
5862727	ru	Гейтуэй
586318	az	İsmayıllı
586318	ru	Исмаиллы
586318	tr	İsmayıllı
586340	az	Yeni Suraxanı
5864145	ru	Хомер
586427	az	Göyçay
586427	ru	Геокчай
586427	tr	Göyçay
586429	az	Hövsan
586429	ru	Говсан
586429	tr	Hövsan
586430	az	Qasım Ismayılov
586430	ru	Геранбой
586430	tr	Goranboy
586442	az	Hindarx
586442	ru	Гиндарх
586481	az	Hökməli
586481	ru	Геокмалы
586481	tr	Hökmeli
586523	az	Gəncə
586523	ru	Гянджа
586523	tr	Ganca
586573	az	Kiadabak
586573	ru	Кедабек
586573	tr	Kiadabak
5866063	ru	Кенай
586631	az	Corat
586631	ru	Джорат
586652	az	Ceyranbatan
586652	ru	Джейранбатан
586652	tr	Ceyranbatan
5866583	ru	Кадьяк
586692	az	Zəyəm
586692	ru	Дзегам
586736	az	Digah
586736	ru	Дигях
586736	tr	Digah
586763	az	Divichibazar
586763	ru	Дивичи
586763	tr	Divichibazar
586765	az	Yuxarı-Daşkəsən
586765	ru	Дашкесан
586765	tr	Yukarı-Daşkesen
586792	az	Dəllər
586792	ru	Далляр
586794	ru	Дальмамедли
586795	az	Dəllər Cəyir
586845	az	Çinarlı
586845	ru	Ленин
586925	az	Buzovna
586925	ru	Бузовна
586935	ru	Бум
586967	az	Binəqədi
586967	ru	Бинагади
586968	az	Binə
586968	ru	Бина
586971	az	Bilgəh
586971	ru	Bil’gyakh
587057	az	Bərdə
587057	ru	Барда
587057	tr	Berde
587070	az	Belokanj
587070	ru	Белоканы
587070	tr	Belokani
587071	az	Balaxanı
587071	ru	Балаханы
587078	az	Biləcəri
587078	ru	Баладжары
587084	az	Bakı
587084	ru	Баку
587084	tr	Bakü
5871146	ru	Палмер
587207	az	Pirallahı
587207	ru	Артем-Остров
587261	az	Əmircan
587319	ru	Алиабад
587361	az	Ağsu
587361	ru	Ахсу
587361	tr	Ağsu
587362	az	Ağstafa
587362	ru	Агстафа
587362	tr	Ağstafa
587378	az	Ağdaş
587378	ru	Агдаш
587378	tr	Ağdaş
587384	az	Ağcabedi
587384	ru	Агджабеди
587384	tr	Ağcabedi
587450	az	Vıru
587450	ru	Выру
5875173	ru	Стерлинг
587577	az	Vilyandi
587577	ru	Вильянди
5875796	ru	Танайна
5877641	ru	Василла
5877641	tr	Wasilla
587876	az	Valqa
587876	ru	Валга
5879400	az	Ankoric
5879400	ru	Анкоридж
5879400	tr	Anchorage
5880568	az	Bethel
5880568	ru	Бетел
5880568	tr	Bethel
5881150	az	Taulaga
5881150	ru	Таулага
5881150	tr	Taulaga
5881165	az	Ta'u
5881165	ru	Та'у
5881165	tr	Ta'u
5881192	ru	Тафуна
588153	ru	Тюри
5881576	az	Paqo Paqo
5881576	ru	Пагопаго
5881791	ru	Абботсфорд
5882142	ru	Актонвейл
588215	ru	Тори
5882799	ru	Ердри
5882873	ru	Эйджакс
588335	ru	Тарту
588335	tr	Tartu
588348	az	Tаpа
588348	ru	Тапа
5884051	ru	Аллистон
5884083	ru	Алма
588409	ru	Таллин
588409	tr	Tallinn
5884588	ru	Амо
588686	az	Sillаmyae
588686	ru	Силламяэ
5887048	ru	Армстронг
588780	ru	Сауэ
5888377	ru	Орора
5889745	ru	Бе-Комо
589116	ru	Рапла
589165	az	Rаkvеrе
589165	ru	Раквере
589223	ru	Раазику
5892532	ru	Банф
58933	az	Garoowe
58933	ru	Гароуэ
58933	tr	Garoowe
589375	az	Pılvа
589375	ru	Пылва
5894171	ru	Барри
589426	ru	Пирита
589531	ru	Пеэтри
5895650	ru	Беконсфилд
589580	ru	Пярну
5896495	ru	Боарнуа
5896522	ru	Бомонт
5896522	tr	Beaumont
589709	az	Pаydе
589709	ru	Пайде
5897209	ru	Беканкур
5897865	ru	Белл-Ривер
5897884	ru	Бельвиль
5898070	ru	Белс-Корнерс
5898138	ru	Белёй
58994	az	Garbahaarrey
58994	ru	Гарбахарей
58994	tr	Garbahaarrey
589947	ru	Нымме
590031	az	Nаrvа
590031	ru	Нарва
590447	ru	Маарду
5905616	ru	Бонивил
5906267	ru	Бушервиль
5907364	ru	Брамптон
590775	ru	Ласнамяэ
5907896	az	Brendon
5907896	ru	Брэндон
5907990	ru	Брантфорд
590888	ru	Куусалу
5909294	ru	Броквилл
590939	az	Kurеssааrе
590939	ru	Курессааре
5909514	az	Broks
5909514	ru	Брукс
5909629	ru	Броссар
5911592	ru	Берлингтон
5911606	ru	Бернаби
591260	az	Kohtla-Yarve
591260	ru	Кохтла-Ярве
5913414	ru	Каледон
5913490	az	Kalqari
5913490	ru	Калгари
5913490	tr	Calgary
5913695	ru	Кеймбридж
59140	ru	Гарадаг
5914132	ru	Кэмпбелл-Ривер
591472	az	Kеilа
591472	ru	Кейла
5914894	ru	Канмор
591632	ru	Кярдла
5917158	ru	Карлтон-Плейс
5917781	tr	Cartierville
5918118	ru	Каслгар
591893	az	Yıhvi
591893	ru	Йыхви
591902	az	Yıgeva
591902	ru	Йыгева
5919248	ru	Сентертаун
5919566	ru	Шамбли
5920288	az	Şarlottaun
5920288	ru	Шарлоттаун
5920288	tr	Charlottetown
5920433	ru	Шатоге
5920457	ru	Чатем
5920652	ru	Челси
5921060	ru	Честермир
5921147	ru	Шибугамо
5921225	ru	Шикутими
592225	az	Hааpsаlu
592225	ru	Хаапсалу
592233	ru	Хаабнеэме
592279	ru	Элва
5924579	ru	Кобург
5924614	ru	Кокран
5925024	az	Kold Leyk
5925024	ru	Колд-Лейк
5925024	tr	Cold Lake
5927690	ru	Кокуитлам
5927969	ru	Корнер-Брук
5927969	tr	Corner Brook
5928063	ru	Корнуолл
592891	ru	Зарасай
593063	ru	Висагинас
5930890	ru	Куртенэ
593116	az	Vilnüs
593116	ru	Вильнюс
593116	tr	Vilnüs
593153	ru	Вилкавишкис
5931800	ru	Кранбрук
593406	ru	Варена
5935277	ru	Дартмут
5935277	tr	Darmouth
5935341	ru	Дофин
5935341	tr	Dauphin
5935804	ru	Досон-Крик
593672	az	Utena
593672	ru	Утена
593672	tr	Utena ili
593733	ru	Укмерге
5937615	ru	Дельта
593871	ru	Тракай
5938801	ru	Девон
5939219	ru	Дьеп
593926	az	Telşiai
593926	ru	Тельшяй
593926	tr	Telşiai
593959	az	Tauragė
593959	ru	Таураге
593959	tr	Taurague
594064	ru	Швенченис
5940934	ru	Долбо Мистасини
5940956	ru	Долар Дез Ормо
5941925	ru	Дорваль
5942547	ru	Дрейтон-Валли
5942845	ru	Драммондвилл
5943865	ru	Дункан
5944222	ru	Дунвиле
594488	ru	Скуодас
594607	ru	Ширвинтос
594656	ru	Шилуте
5946768	az	Edmonton
5946768	ru	Эдмонтон
5946768	tr	Edmonton
5946820	ru	Едсон
594739	az	Şyaulyay
594739	ru	Шяуляй
594739	tr	Şiauliai
5949247	ru	Ирин
5949531	ru	Эссекс
5949568	ru	Эстеван
5949568	tr	Estevan
595016	ru	Шальчининкай
5951644	ru	Фарнем
5951644	tr	Farnham
595213	ru	Рокишкис
5952370	ru	Ферни
595378	ru	Расейняй
595449	ru	Радвилишкис
5954718	ru	Флин-Флон
5955815	ru	Форт Ири
5955826	ru	Форт Франсес
5955895	az	Fort-MakMerrey
5955948	ru	Форт-Саскачеван
595596	ru	Пренай
5955960	ru	Форт-Сент-Джон
595689	ru	Плунге
5957776	az	Frederikton
5957776	ru	Фредериктон
5957776	tr	Fredericton
5959335	ru	Гандер
5959878	ru	Гаспе
595997	ru	Пасвалис
5959974	ru	Гатино
59611	az	Galkayo
59611	ru	Галькайо
59611	tr	Galkayo
596128	az	Panevėžys
596128	ru	Паневежис
596128	tr	Panevėžys
5962204	ru	Глостер
596238	az	Pаlаnqа
596238	ru	Паланга
596238	tr	Palanga
5962442	ru	Годрич
5964215	ru	Гранби
5964347	az	Qrand-Preri
5964347	ru	Гранд-Прери
5964700	ru	Большой Садбери
596473	ru	Пабраде
596479	ru	Фабийонишкес
596664	ru	Неменчине
596713	ru	Нововильня
5967149	ru	Гримсби
5967629	ru	Гуэлф
596867	ru	Молетай
5969782	ru	Гамильтон
5970014	ru	Хэмпстед
5970301	ru	Хановер
597188	ru	Мажейкяй
597231	az	Marijampolė
597231	ru	Мариямполе
597231	tr	Marijampole
5972360	ru	Хоксбери
597532	ru	Лентварис
5975503	ru	Хинтон
5975504	ru	Хинтонберг
5975504	tr	Hintonburg
597729	az	Kibartay
597729	ru	Кибартай
597769	ru	Куршенай
597769	tr	Kuršėnai
597806	ru	Купишкис
5978765	ru	Хантсвилл
597989	ru	Кретинга
598098	az	Klaipėda
598098	ru	Клайпеда
598098	tr	Klaipėda
598257	ru	Кельме
598272	ru	Кедайняй
598286	ru	Казлу-Руда
598316	az	Kaunas
598316	ru	Каунас
598316	tr	Kaunas
5983175	ru	Ингерсол
5983720	az	İkaliuit
5983720	ru	Икалуит
5983720	tr	Iqaluit
598567	ru	Кайшядорис
598655	ru	Юрбаркас
598796	ru	Йонишкис
598818	ru	Ионава
5989045	ru	Камлупс
5989045	tr	Kamloops
5989117	ru	Каната
5989403	ru	Капасказинг
598998	ru	Игналина
598998	tr	Ignalina
5990579	ru	Келоуна
5990579	tr	Kelowna
5991055	ru	Кенора
599161	ru	Григишкес
5992059	ru	Кимберли
5992144	ru	Кинкардин
5992211	ru	Кинг-Сити
5992500	ru	Кингстон
5992526	ru	Кингсвил
5992830	ru	Киркланд
5992996	ru	Китченер
5993123	ru	Кицилано
599504	ru	Гарлява
599506	ru	Гаргждай
599602	az	Elektrenay
599602	ru	Электренай
599757	az	Druskininkаy
599757	ru	Друскининкай
599815	ru	Домейкава
600438	ru	Биржай
600994	ru	Аникщяй
601041	ru	Антакальнис
601084	az	Alytus
601084	ru	Алитус
601084	tr	Alytus
601278	ru	Шуманай
601294	az	Nukus
601294	ru	Нукус
601294	tr	Nukus
601299	ru	Муйнак
601339	ru	Ходжейли
601432	ru	Андалып
601460	ru	Губадаг
601551	ru	Акдепе
601594	az	Türkmənbaşı
601594	ru	Туркменбашы
601608	ru	Куня-Ургенч
601661	ru	Болдумсаз
601661	tr	Boldumsaz
601665	ru	Джанга
601734	az	Daşoğuz
601734	ru	Дашогуз
601734	tr	Daşoğuz
601758	az	Qaraboğaz
601758	ru	Бекдаш
601758	tr	Karaboğaz
602150	az	Umeå
602150	ru	Умео
602150	tr	Umeå
602913	ru	Шеллефтео
6032673	ru	Лак Мегантик
6035615	ru	Лаком
6035615	tr	Lacombe
603570	ru	Питео
604419	ru	Мальмбергет
604490	az	Luleå
604490	ru	Лулео
604490	tr	Luleå
6047817	ru	Лейдисмит
6049024	ru	Ламтон Шорс
6049388	ru	Лангфорд
6049429	ru	Лангли
6049863	ru	Ла Прери
6050066	ru	Ла Рондж
6050177	ru	Ла-Саль
6050194	ru	Ла-Сар
6050416	ru	Ла-Тюк
6050610	ru	Лаваль
6050619	tr	Laval-des-Rapides
6051122	ru	Лимингтон
605155	ru	Кируна
6051562	ru	Ледук
6051562	tr	Leduc
6052788	tr	Les Coteaux
6053154	az	Letbric
6053154	ru	Летбридж
605393	ru	Каликс
6054350	ru	Линдсей
605676	ru	Хольмсунд
605676	tr	Holmsund
6058024	ru	Ллойдминстер
6058560	ru	Лондон
605859	ru	Хапаранда
6059891	ru	Лонгёй
6060839	ru	Луивил
606086	ru	Елливаре
6062163	ru	Лют Маунтин
6064180	ru	Мейгог
6065686	ru	Мэпл-Ридж
6066513	ru	Маркем
6071618	az	Medikan Hat
6071618	ru	Медисин-Хат
6071618	tr	Medicine Hat
6071876	ru	Мелфорт
6072350	ru	Мерит
6073363	ru	Мидланд
6074377	ru	Милтон
6075061	ru	Мирабель
6075081	ru	Мирамиши
6075357	ru	Миссиссога
607551	ru	Жетыбай
607610	ru	Жанаозен
6076211	ru	Монктон
6076211	tr	Moncton
6077243	az	Monreal
6077243	ru	Монреаль
6077243	tr	Montreal
6077340	ru	Мон Сент Илер
6078112	ru	Мус-Джо
6078447	ru	Морден
60809	ru	Динсор
608270	ru	Шубарши
608271	ru	Шубаркудук
608324	ru	Шетпе
608359	ru	Шалкар
608362	ru	Шалкар
6085772	ru	Нанаймо
6085772	tr	Nanaimo
608647	ru	Уил
608668	az	Oral
608668	ru	Ural’sk
608668	tr	Oral
608679	ru	Кандыагач
6086871	ru	Нельсон
6087029	ru	Непин
6087701	ru	Ньюмаркет
6087844	ru	Нью-Уэстминстер
6087892	ru	Ниагара-Фолс
6087905	ru	Ниагара-он-те-Лейк
6088132	ru	Николе
608816	ru	Миялы
608867	ru	Мартук
608872	ru	Макат
608880	ru	Мангышлак
608915	ru	Махамбет
6089426	ru	Норт-Бей
6090405	ru	Норт Перт
6090785	ru	Норт-Ванкувер
609123	ru	Кульсары
6092122	ru	Оквилл
60928	az	Dhuusamarreeb
60928	ru	Дхусамареб
60928	tr	Dhuusamarreeb
6093010	ru	Окотокс
6093347	ru	Оулдс
609404	ru	Хромтау
6094325	ru	Ориллия
6094578	ru	Ошава
6094665	ru	Осуюс
6094817	az	Ottava
6094817	ru	Оттава
6094817	tr	Ottawa
609537	ru	Каратон
6095645	ru	Оуэн-Саунд
609655	az	Qaraganda
609655	ru	Караганда
609655	tr	Karaganda
609721	ru	Таскала
609798	ru	Индерборский
6098642	ru	Парксвил
6098747	ru	Пари Саунд
609906	ru	Форт-Шевченко
609915	ru	Теректы
609919	ru	Ералиев
609924	ru	Эмба
609953	ru	Джаныбек
609965	ru	Джангала
609977	ru	Джамбейты
6100069	ru	Пис Ривер
610023	ru	Доссор
610091	ru	Чингирлау
6100932	ru	Пенетангуишин
6101141	ru	Пентиктон
610132	ru	Чапаев
6101546	ru	Перт
6101645	ru	Питерборо
610298	ru	Бейнеу
610386	ru	Байганин
6104111	ru	Пикеринг
610416	ru	Бадамша
610445	ru	Балыкши
610529	az	Atırau
610529	ru	Атырау
610529	tr	Atırav
6105815	ru	Питт-Медоус
610611	az	Aktöbe
610611	ru	Актобе
610611	tr	Aktöbe
610612	az	Aqtau
610612	ru	Актау
610612	tr	Aktav
610613	ru	Аксай
6107272	tr	Pointe-Calumet
610743	ru	Аккыстау
610824	ru	Зугдиди
610824	tr	Zugdidi
610864	ru	Зестафони
6109273	ru	Понока
6111529	ru	Портидж-ла-Прери
6111529	tr	Portage la Prairie
6111632	ru	Порт-Алберни
6111706	ru	Порт Коквитлам
611182	ru	Васильево
6111882	ru	Порт Хоуп
6111962	ru	Порт Муди
6112608	ru	Пауел Ривер
6113335	ru	Принс-Альберт
6113365	ru	Принс-Джордж
6113365	tr	Prince George
6113406	ru	Принс-Руперт
611398	az	Sxneti
611398	ru	Цхнети
611403	ru	Цхинвали
6115187	ru	Квеснел
611583	ru	Ткуарчал
611584	ru	Ткибули
611674	ru	Тетри-Цкаро
611694	ru	Телави
611694	tr	Telavi
611717	az	Tbilisi
611717	ru	Тбилиси
611717	tr	Tiflis
6117611	ru	Роудон
6117611	tr	Rawdon
611809	az	Surami
611809	ru	Сурами
611809	tr	Surami
6118158	ru	Ред-Дир
6118158	tr	Red Deer
611847	ru	Сухум
611847	tr	Sohumi
611866	ru	Скидель
6119109	az	Rejina
6119109	ru	Реджайна
6119109	tr	Regina
6119448	ru	Ренфру
6119518	ru	Репантиньи
612053	ru	Сенаки
612092	ru	Сартичала
612126	ru	Самтредиа
6121621	ru	Ревелстоук
6122085	ru	Ричмонд
6122091	ru	Ричмонд-Хилл
612230	ru	Сагареджо
612251	az	Sadaxlı
612251	ru	Садахло
612256	ru	Сачхере
6122758	ru	Ривервью
612287	ru	Рустави
612287	tr	Rustavi
612338	ru	Кварели
612366	ru	Поти
612536	ru	Озургети
612652	ru	Очамчира
6127681	ru	Розмер
6128577	ru	Руэн-Норанда
612890	az	Msxeta
612890	ru	Мцхета
612890	tr	Mtsheta
613071	ru	Марткопи
613074	ru	Марнеули
613273	ru	Лебедин
613311	ru	Ланчхути
613342	ru	Лагодехи
613607	ru	Кутаиси
613607	tr	Kutaisi
6136944	ru	Санич
6137270	ru	Сагеней
6137378	tr	Saint-Amable
6137489	ru	Сен Базил Ле Гран
6137540	ru	Сен Брино Де Монтарвил
613762	ru	Кобулети
6137633	ru	Сен Констан
6137733	ru	Сент-Анн-де-Бельвю
6137749	ru	Сент Ан Де Мон
6138175	ru	Сент-Эсташ
6138201	ru	Сен-Фелисьен
6138374	ru	Санкт-Гиацинт
6138495	ru	Сен-Жан-сюр-Ришелье
6138501	ru	Сен-Жером
6138517	ru	Сент-Джон
6138517	tr	Saint John
6138573	tr	Saint-Joseph-du-Lac
6138610	ru	Сен-Лоран
6138617	ru	Сен Лазар
613902	az	Xoni
613902	ru	Хони
613902	tr	Honi
6139289	ru	Салаберри-де-Валлифилд
6139417	ru	Самон Арм
613988	ru	Хашури
614084	ru	Казрети
614104	ru	Каспи
6141190	ru	Сарния
6141256	ru	Саскатун
6141256	tr	Saskatoon
6141439	ru	Су-Сент-Мари
614351	ru	Гурджаани
6144054	ru	Селкирк
6144054	tr	Selkirk
614409	az	Qudauta
614409	ru	Гудаута
614409	tr	Gudauta
614410	ru	Гудаури
614410	tr	Gudauri
6144312	ru	Сет-Иль
614455	ru	Гори
614455	tr	Gori
6145489	ru	Шавиниган
6145668	ru	Шедьяк
614575	az	Qardabani
614575	ru	Гардабани
6145890	ru	Шелберн
614613	az	Qali
614613	ru	Гали
6146143	ru	Шербрук
614622	az	Qaqra
614622	ru	Гагра
614622	tr	Gagra
6146279	ru	Шервуд-Парк
6146279	tr	Sherwood Park
6148373	ru	Су-Лукаут
614843	ru	Душети
614897	ru	Диокниси
614909	ru	Дигоми
615005	ru	Дедоплис-Цкаро
615211	ru	Чиатура
615297	az	Çakvi
615297	ru	Чаква
615297	tr	Çakvi
615403	ru	Боржоми
615403	tr	Borcomi
615419	ru	Болниси
615419	tr	Bolnisi
6154383	az	Spryus-Qruv
6154383	ru	Спрус-Гроув
6155033	ru	Сент Алберт
615532	ru	Батуми
615532	tr	Batum
6155721	ru	Сент-Катаринс
6156102	ru	Стайнбак
6156102	tr	Steinbach
6156244	ru	Стивенвилл
6156307	ru	Стетлер
6157062	ru	Сент Марис
6157718	ru	Стоуфвиле
615776	ru	Амбролаури
6157974	ru	Стратфорд
6157977	ru	Стратфорд
6158023	ru	Стратмор
6158357	ru	Сент Томас
615844	ru	Ахмета
615860	ru	Ахалцихе
615860	tr	Ahıska
615893	ru	Ахалкалаки
615912	ru	Новый Афон
6159905	ru	Суррей
616040	ru	Золакар
616052	az	İrəvan
616052	ru	Ереван
616052	tr	Erivan
616056	ru	Еранос
6160603	ru	Суифт-Каррент
6160603	tr	Swift Current
616062	az	Üçkilsə
616062	ru	Вагаршапат
616062	tr	Eçmiadzin
616065	az	Yeğvard
616065	ru	Егвард
616108	az	Basarkeçər
616108	ru	Варденис
616108	tr	Vardenis
616109	ru	Варденик
616178	az	Vorontsovka
616178	ru	Ташир
616194	ru	Степанаван
616199	az	Spitak
616199	ru	Спитак
616199	tr	Spitak
616206	ru	Нубарашен
6162416	ru	Текамсе
616250	ru	Севан
616255	ru	Сарухан
6162659	ru	Темискаминг Шорс
616291	ru	Прошян
6162949	ru	Терас
6163012	ru	Тербон
616307	ru	Паракар
616320	az	Oşakan
616320	ru	Ошакан
616328	ru	Октемберян
616338	ru	Нор Харберд
616341	ru	Нор Гехи
616361	ru	Норадуз
616362	az	Nor Açin
616362	ru	Норачин
616375	ru	Неркин Геташен
616400	ru	Мргашат
616404	ru	Мхчян
616416	ru	Мецаван
616435	ru	Масис
616438	ru	Мартуни
616446	az	Molla Göyçə
616446	ru	Маралик
616471	ru	Личк
616530	az	Böyük Qarakilsə
616530	ru	Ванадзор
616530	tr	Vanadzor
6165406	ru	Томпсон
6165406	tr	Thompson
6165719	ru	Торолд
616576	ru	Каранлух
616599	ru	Гавар
6166142	ru	Тандер-Бей
616627	az	İcevan
616627	ru	Иджеван
616627	tr	İcevan
616629	az	Aşağı Axta
616629	ru	Раздан
616629	tr	Razdan
616631	az	Sərdarabad
616631	ru	Армавир
616631	tr	Armavir
616635	az	Gümrü
616635	ru	Гюмри
616635	tr	Gümrü
616648	ru	Гугарк
6166580	ru	Тилсонбург
6166739	ru	Тимминс
616697	ru	Гарни
616721	ru	Джрвеж
616743	ru	Дружковка
616752	az	Dilican
616752	ru	Дилижан
616752	tr	Dilican
616758	ru	Давташен
616785	az	Çarentsavan
616785	ru	Чаренцаван
616785	tr	Çarentsavan
616786	az	Çəmbərək
616786	ru	Чамбарак
6167865	az	Toronto
6167865	ru	Торонто
6167865	tr	Toronto
616790	ru	Бюрегаван
616802	az	Tovuzqala
616802	ru	Берд
6168326	ru	Трейл
616835	ru	Азатан
616864	ru	Аван
616877	az	Əştərək
616877	ru	Аштарак
616877	tr	Aştarak
616887	ru	Артик
616908	ru	Ариндж
6169141	ru	Труа-Ривьер
616945	ru	Арагац
616953	az	Abaran
616953	ru	Апаран
616953	tr	Aparan
6169587	ru	Труро
616974	az	Allahverdi
616974	ru	Алаверди
616989	ru	Ахурян
617026	az	Ellər
617026	ru	Абовян
617076	az	Edinet
617076	ru	Единцы
617076	tr	Edinet
617081	ru	Яргара
617096	ru	Вулканешты
617164	ru	Вадул-Луй-Водэ
617180	az	Ungheni
617180	ru	Унгень
617180	tr	Ungheni
617187	ru	Твардица
617239	az	Tiraspol
617239	ru	Тирасполь
617239	tr	Tiraspol
617254	az	Telenești
617254	ru	Теленешты
617254	tr	Telenești
617270	az	Taraqlı
617270	ru	Тараклия
617270	tr	Tarakliya
617279	ru	Сынжера
617284	az	Stefan Voda
617284	ru	Штефан-Водэ
617284	tr	Stefan Voda
6173017	ru	Валь-д'Ор
617302	az	Strășeni
617302	ru	Страшены
617302	tr	Strășeni
617317	ru	Ставчены
6173331	az	Vankuver
6173331	ru	Ванкувер
6173331	tr	Vancouver
6173404	ru	Ванье
6173404	tr	Vanier
617345	ru	Старые Биличены
6173508	ru	Варен
6173577	ru	Вон
6173635	ru	Вегревилл
617367	az	Soroca
617367	ru	Сорока
617367	tr	Soroca
617372	az	Soltănești
617372	ru	Шолданешты
617372	tr	Soltănești
6173767	ru	Верден
617381	ru	Слободзея
6173864	ru	Вернон
6174041	az	Viktoriya
6174041	ru	Виктория
6174041	tr	Victoria
6174151	ru	Викториавилл
617482	az	Rîșcani
617482	ru	Рышканы
617482	tr	Rîșcani
617486	ru	Рыбница
617502	az	Rezina
617502	ru	Резина
617502	tr	Rezina
617602	ru	Первомайск
6176226	ru	Ворман
617638	az	Orhei
617638	ru	Оргеев
617638	tr	Orhei
617659	az	Ocnița
617659	ru	Окница
617659	tr	Ocnița
6176823	ru	Ватерлоо
617702	az	Anenii Noi
617702	ru	Новые Анены
617702	tr	Anenii Noi
617753	az	Nisporeni
617753	ru	Ниспорены
617753	tr	Nisporeni
617778	ru	Мындрешты
617904	az	Leova
617904	ru	Леово
617904	tr	Leova
617914	az	Sîngerei
617914	ru	Сынжерея
617914	tr	Sîngerei
6179226	ru	Уэстмаунт
6179602	az	Vetaskivin
6179602	ru	Ветаскивин
6179602	tr	Wetaskiwin
617965	ru	Криково
6179652	ru	Уэйберн
6179652	tr	Weyburn
617993	az	Hîncești
617993	ru	Хынчешты
617993	tr	Hîncești
6180144	ru	Уистлер
6180170	ru	Уитби
6180176	ru	Витчерч-Стовил
618054	ru	Кодру
6180550	az	Vaythors
6180550	ru	Уайтхорс
6180550	tr	Whitehorse
618057	az	Cocieri
618057	ru	Кочиеры
618057	tr	Cocieri
618067	ru	Кицканы
618120	az	Căușeni
618120	ru	Каушаны
618120	tr	Căușeni
618196	az	Ialoveni
618196	ru	Яловены
618196	tr	Ialoveni
6182212	ru	Уильямс Лейк
618234	ru	Григориополь
618261	az	Glodeni
618261	ru	Глодяны
618261	tr	Glodeni
6182959	ru	Виндзор
6182962	ru	Уинсор
6183204	ru	Винклер
6183204	tr	Winkler
6183235	az	Vinnipeq
6183235	ru	Виннипег
6183235	tr	Vinnipeg
618329	az	Florești
618329	ru	Флорешты
618329	tr	Florești
618344	az	Fălești
618344	ru	Фалешты
618344	tr	Fălești
618356	ru	Дурлешты
618365	az	Dubossarı
618365	ru	Дубоссары
618370	az	Drochia
618370	ru	Дрокия
618370	tr	Drochia
618382	az	Donduşeni
618382	ru	Дондушены
618382	tr	Donduşeni
618387	az	Dnestrovsk
618387	ru	Днестровск
618400	ru	Данку
618403	az	Criuleni
618403	ru	Криуляны
618403	tr	Criuleni
618404	ru	Конгаз
618405	az	Komrat
618405	ru	Комрат
618405	tr	Komrat
618406	az	Cimișlia
618406	ru	Чимишлия
618406	tr	Cimișlia
618426	ru	Кишинёв
618426	tr	Kişinev
6184364	ru	Вудсток
6184365	ru	Вудсток
618450	ru	Чадыр-Лунга
618452	az	Kantemir
618452	ru	Кантемир
618452	tr	Cantemir
618453	ru	Каменка
618454	az	Kalaraşi
618454	ru	Калараш
618454	tr	Calarasi
618456	az	Kaxul
618456	ru	Кахул
618456	tr	Cahul
618510	az	Briçeni
618510	ru	Бричаны
618510	tr	Briceni
618512	ru	Бричаны
6185217	ru	Ярмут
6185377	az	Yellounayf
6185377	ru	Йеллоунайф
6185377	tr	Yellowknife
618556	ru	Ближний Хутор
6185607	ru	Йорктон
6185607	tr	Yorkton
618577	az	Bəndər
618577	ru	Тигина
618577	tr	Bender
618594	az	Basarabyaska
618594	ru	Бессарабка
618594	tr	Basarabeasca
618605	az	Balti
618605	ru	Бельцы
618605	tr	Balti
618631	ru	Атаки
618800	ru	Жодино
618806	ru	Жлобин
618815	ru	Житковичи
618835	ru	Жидачов
618913	ru	Жабинка
618932	ru	Зельва
619066	ru	Заславль
619598	ru	Ельск
619979	ru	Вороново
620127	az	Vitebsk
620127	ru	Витебск
620127	tr	Vitebsk
6201424	ru	Гор
620146	ru	Вишнево
620181	ru	Вилейка
620214	ru	Ветка
620255	ru	Верхнедвинск
620391	ru	Волковыск
620445	ru	Воложин
6204696	ru	Квинстаун
620483	ru	Узда
620540	ru	Ушачи
6207775	ru	Кромвель
620833	ru	Толочин
621048	ru	Свислочь
621074	ru	Светлогорск
621266	ru	Столбцы
621277	ru	Столин
621396	ru	Старые Дороги
621462	ru	Старобин
6215045	ru	Оамару
6217081	ru	Ашбертон
621713	ru	Сморгонь
621729	ru	Смолевичи
621732	ru	Смиловичи
621741	ru	Слуцк
621754	ru	Слоним
621838	ru	Славгород
621986	ru	Шумилино
622034	ru	Шклов
622113	ru	Щучин
622179	ru	Шарковщина
622258	ru	Сенно
6223846	ru	Стратфорд
622428	ru	Солигорск
622690	ru	Россоны
622700	ru	Россь
622739	ru	Рогачев
622794	ru	Речица
622849	ru	Раков
622877	ru	Радошковичи
622997	ru	Пружаны
6230919	az	Whangarei
6230919	ru	Вангареи
6230919	tr	Whangarei
6232192	tr	New Lynn
6232305	tr	Remuera
623317	ru	Полоцк
623512	ru	Плещеницы
623549	ru	Пинск
6235764	ru	Матамата
623581	ru	Петриков
623760	ru	Поставы
623941	ru	Островец
624034	ru	Осиповичи
6240770	ru	Кеймбридж
624079	ru	Орша
6241325	ru	Роторуа
624199	ru	Октябрьский
6243926	az	Blenheim
6243926	ru	Бленхейм
6243926	tr	Blenheim
6244895	ru	Аппер-Хатт
6244895	tr	Upper Hutt
624494	ru	Новолукомль
624700	ru	Несвиж
624784	ru	Новополоцк
624785	ru	Новогрудок
624799	ru	Наровля
624861	ru	Мядель
624889	ru	Мстиславль
625130	ru	Миоры
625144	az	Minsk
625144	ru	Минск
625144	tr	Minsk
625228	ru	Микашевичи
625324	ru	Мозырь
625367	ru	Мосты
625409	ru	Марьина Горка
6254842	ru	Бесисахар
6254843	az	Birendranagar
6254843	ru	Бирендранаган
6254843	tr	Birendranagar
6254845	az	Dipayal
6254845	ru	Дипаял
6254845	tr	Dipayal
625539	ru	Малорита
625625	ru	Молодечно
625665	az	Mogilev
625665	ru	Могилёв
625665	tr	Mogilev
625671	ru	Мачулищи
625721	ru	Любань
625743	ru	Лепель
625772	ru	Ляховичи
625818	ru	Лунинец
625907	ru	Лоев
625931	ru	Лошница
625972	ru	Логойск
626064	ru	Лиозно
626081	ru	Лида
626450	ru	Кричев
626471	ru	Крупки
626491	ru	Круглое
626621	ru	Красносельский
626625	ru	Краснополье
6267009	ru	Радужный
626806	ru	Костюковка
626808	ru	Костюковичи
62691	az	Ceerigaabo
62691	ru	Серигабо
62691	tr	Ceerigaabo
626939	ru	Кореличи
626956	ru	Копыль
627083	ru	Колодищи
627145	ru	Кобрин
627202	ru	Климовичи
627205	ru	Кличев
627214	ru	Клецк
627272	ru	Кировск
627362	ru	Хойники
627711	ru	Каменец
627751	ru	Калинковичи
627793	ru	Ивье
627800	ru	Ивацевичи
627811	ru	Иваново
627904	az	Grodno
627904	ru	Гродно
627904	tr	Grodno
627905	ru	Горки
627907	az	Gomel
627907	ru	Гомель
627907	tr	Gomel
627908	ru	Глубокое
627909	ru	Ганцевичи
628155	ru	Городок
628387	ru	Глуск
628511	ru	Гатово
628634	ru	Дзержинск
628658	ru	Дятлово
628758	ru	Дубровно
628884	ru	Дрогичин
629002	ru	Докшицы
629018	ru	Добруш
629159	ru	Давид-Городок
629273	ru	Червень
629347	ru	Чериков
629390	ru	Чечерск
629395	ru	Чаусы
629400	ru	Чашники
629447	ru	Быхов
629454	ru	Берёза
6295587	ru	Батам
629564	ru	Буда-Кошелево
629634	az	Brest
629634	ru	Брест
629634	tr	Brest
629640	ru	Браслав
629986	ru	Большая Берестовица
630136	ru	Бешенковичи
630166	ru	Берёзовка
6301965	ru	Палмерстон
6301965	tr	Palmerston
630197	ru	Березино
630245	ru	Белыничи
630279	ru	Белоозерск
630376	ru	Борисов
630429	ru	Барановичи
630431	ru	Барань
630468	ru	Бобруйск
630515	ru	Ошмяны
630752	ru	Юлёярви
630768	ru	Иливиеска
631204	ru	Вуокатти
6313621	az	Maqas
6313621	ru	Магас
6313621	tr	Magas
631376	ru	Виррат
631459	ru	Вильппула
6315399	ru	Исакогорка
631560	ru	Вийтасаари
6315656	ru	Первомайский
6316406	ru	Апаресида-ди-Гояния
631707	ru	Вихти
6317344	ru	Жабоатан-дус-Гуарарапис
6317624	ru	Монте-Карло
6317707	ru	Нова-Андрадина
6317872	ru	Парауапебас
6318556	ru	Сао Мигел До Гвапоре
6318838	ru	Урвара
6318880	ru	Вера-Крус-ду-Уэсти
632370	ru	Варкаус
632453	ru	Вантаа
6324533	ru	Санта-Понса
6324583	ru	Асо
6324729	az	Halifaks
6324729	ru	Галифакс
6324729	tr	Halifax
6324733	az	Sent-Cons
6324733	ru	Сент-Джонс
6324733	tr	St. John's
632542	ru	Ваммала
6325478	ru	Бопор
6325485	ru	Шарльбур
6325494	az	Kvebek
6325494	ru	Квебек
6325494	tr	Quebec
6325521	ru	Леви
632672	ru	Валкеакоски
632978	ru	Вааса
6331911	tr	Helena-West Helena
633221	ru	Уусикаупунки
6332309	ru	Катлер-Бей
6332428	ru	Восточный Гарлем
6332428	tr	East Harlem
6332479	ru	Вест-Виллидж
633395	ru	Улвила
63344	ru	Адале
633591	ru	Туусула
633679	ru	Турку
633679	tr	Turku
634020	ru	Тоукола
634093	ru	Торнио
634433	ru	Тиккурила
634907	ru	Тапиола
634963	ru	Тампере
634965	ru	Тампелла
6354895	ru	Римуски
6354897	ru	Ривьер-дю-Лу
6354908	ru	Сидни
6354908	tr	Sydney
6354934	ru	Эйлмер
6354951	ru	Фалираки
6354957	ru	Харви-Бей
6354969	ru	Плая дель Инглес
6355004	ru	Золотые Пески
6355010	ru	Палманова
6355013	ru	Пуэрто-дель-Кармен
6355177	ru	Ла-Манга-дель-Мар-Менор
6355180	ru	Порт Эль-Кантауи
6355180	tr	Marsa El-Kantavi
635692	ru	Суоненйоки
635696	ru	Суомуссалми
635745	ru	Суолахти
636173	ru	Соткамо
6362987	ru	Сеута
636345	ru	Сомеро
636375	ru	Соукка
636464	ru	Соданкюля
636608	ru	Шундео
636947	ru	Силинъярви
637219	ru	Сейняйоки
637292	ru	Савонлинна
637948	ru	Сало
63795	az	Burao
63795	ru	Бурао
63795	tr	Burao
638321	ru	Саариярви
638936	ru	Рованиеми
639248	ru	Ристина
639406	ru	Рийхимяки
63949	az	Buale
63949	ru	Бuale
63949	tr	Buale
639734	ru	Раума
639853	ru	Расеборг
640124	ru	Райсио
64013	az	Boosaaso
64013	ru	Босасо
64013	tr	Boosaaso
64021	ru	Борама
64021	tr	Boorama
640276	ru	Рахе
640398	ru	Пюхяселкя
640440	ru	Пюхяярви
640803	ru	Пудасъярви
640999	ru	Пори
641651	ru	Пииккиё
6417315	ru	Лопатино
6417459	az	Krasnoznamensk
6417459	ru	Краснознаменск
6417459	tr	Krasnoznamensk
6417535	ru	Мосрентген
6417635	ru	Заречье
6418146	ru	Чертаново Второе
6418187	ru	Средний
6418198	ru	Белореченский
6418201	ru	Загорье
6418220	ru	Орехово-Борисово
641869	ru	Пиексямяки
6418787	ru	Метрогородок
642113	ru	Перниё
6422876	ru	Новый
6424338	ru	Иттиген
642554	ru	Пасила
642657	ru	Паркано
642673	ru	Паргас
642976	ru	Пялькяне
643153	ru	Паймио
643453	ru	Оутокумпу
643481	ru	Олулунсало
643492	ru	Оулу
643492	tr	Oulu
643497	ru	Оулайнен
643629	ru	Оривеси
643644	ru	Ориматтила
644100	ru	Уусикаарлепюу
64412	ru	Береда
644171	ru	Нурмиярви
644187	ru	Нурмес
64435	ru	Бербера
644436	ru	Ноормаркку
644450	ru	Нокиа
644499	ru	Нивала
64460	az	Beledweyne
64460	ru	Беледуэйне
64460	tr	Beledweyne
644632	ru	Нильсия
645035	ru	Настола
645081	ru	Нерпес
645211	ru	Наантали
64536	az	Baidoa
64536	ru	Байдоа
64536	tr	Baidoa
645385	ru	Муураме
6457398	ru	Вербания
645765	ru	Мухос
646005	ru	Миккели
646218	ru	Меллункюля
646293	ru	Маунула
646486	ru	Маску
64670	ru	Баргал
646723	ru	Мянтсяля
646798	ru	Манккаа
647571	ru	Ловийса
647660	ru	Лоппи
647731	ru	Лоймаа
647751	ru	Лохья
647851	ru	Липери
647930	ru	Лиминка
648056	ru	Лието
648090	ru	Лиекса
648227	ru	Леппявирта
648366	ru	Лемпяаля
648635	ru	Лауттасаари
648738	ru	Лаука
648855	ru	Лапуа
648900	ru	Лаппеэнранта
648953	ru	Лапинлахти
649223	ru	Ламми
649348	ru	Лаихиа
649360	ru	Лахти
649360	tr	Lahti
649523	ru	Лаксолахти
649630	ru	Киркконумми
649924	ru	Куусамо
650095	ru	Курикка
650224	ru	Куопио
650705	ru	Кухмо
650744	ru	Круунунхака
650754	ru	Круунупюу
650769	ru	Кристи́нестад
650859	ru	Коувола
650946	ru	Котка
651289	ru	Корсо
651350	ru	Корпилахти
651659	ru	Контиолахти
651943	ru	Коккола
651980	ru	Кокемяки
652305	az	Klaukkala
652305	ru	Клауккалла
652305	tr	Klaukkala
652559	ru	Киурувеси
652590	ru	Киттиля
652615	ru	Китэ
652858	ru	Киминки
652977	ru	Кеуруу
653180	ru	Керимяки
653185	ru	Керава
653252	ru	Кемпеле
653272	ru	Кемиярви
653280	ru	Кеминмаа
653281	ru	Кеми
6533368	ru	Моранба
653342	ru	Кивиниеми
6534220	ru	Новента
6534227	ru	Монте-Арджентарио
6534237	ru	Уболдо
6534238	ru	Перо
6534246	ru	Буссеро
6534256	ru	Кварто
6534259	ru	Виново
6534266	ru	Теверола
6534268	ru	Волла
6534278	ru	Парете
6534432	ru	Андора
6534462	ru	Албавилла
6534524	ru	Верделлино
6534559	ru	Превалле
6534565	ru	Моттелла
6534758	ru	Леттере
6534786	ru	Ренон
6534814	ru	Терме
6534921	ru	Горла-Миноре
6535128	ru	Липомо
653559	ru	Гранкулла
6535638	ru	Монтелла
6535756	ru	Тавернерио
6535757	ru	Турате
653616	ru	Каухава
653627	ru	Каухайоки
653960	ru	Карккила
654047	ru	Карис
654137	ru	Кархула
654314	ru	Каннус
654363	ru	Канкаанпяа
6543862	az	Villenyev d'Ask
6543862	ru	Вильнёв-д’Аск
654405	ru	Кангасниеми
6544100	ru	Эшампле
6544106	ru	Старый город
6544327	ru	Коста Кальма
654440	ru	Кангасала
6544416	ru	Весиндарио
6544489	ru	Латина
6544490	ru	Усера
6544491	ru	Саламанка
6544495	ru	Ретиро
6544577	ru	Готический квартал
654498	ru	Камппи
6545023	ru	Эдмундстон
6545083	ru	Сол
6545111	ru	Педралбес
6545118	ru	Прати
6545159	ru	Монти
6545170	ru	Мэрилебон
6545173	ru	Сохо
6545249	az	Pimliko
6545249	ru	Пимлико
6545249	tr	Pimlico
6545250	ru	Ламбет
6545250	tr	Lambeth
6545254	ru	Алппихарю
6545255	ru	Херттониеменранта
6545266	ru	Берси
6545326	ru	Урсынов
6547590	ru	Далльгов-Дёбериц
654837	ru	Калайоки
654899	ru	Каяни
655130	ru	Каарина
655143	ru	Каарела
655194	ru	Ювяскюля
655253	ru	Юва
655533	ru	Юанкоски
655563	ru	Йоутсено
655697	ru	Йокиниеми
655758	ru	Йокела
6558039	az	Raynştetten
6558039	ru	Райнштеттен
655808	ru	Йоэнсуу
6559502	ru	Пего
6559504	ru	Делтебре
6559506	ru	Кран-Монтана
6559559	ru	Горишние Плавни
655958	ru	Ярвенпяя
656073	ru	Янаккала
656076	ru	Йямсянкоски
656083	ru	Йямся
656117	ru	Яласярви
656130	ru	Якобстад
656176	ru	Яяли
656652	ru	Инґо
656657	ru	Инари
656688	ru	Иматра
656789	ru	Икаалинен
656820	ru	Исалми
656851	ru	Ий
656913	ru	Хювинкяя
657180	ru	Гуйттинен
657530	ru	Холлола
65785	ru	Афгойе
658076	ru	Хиеккис
658120	ru	Херванта
658225	ru	Хельсинки
658225	tr	Helsinki
658288	ru	Хейнола
658629	ru	Хаукипудас
659101	ru	Ханко
659101	tr	Hanko
659169	ru	Хамина
659180	ru	Хямеэнлинна
659184	ru	Хямеэнкюрё
659406	ru	Хакунила
659554	ru	Хапавеси
659681	ru	Хапаярви
659935	ru	Форсса
660073	ru	Еурайоки
660158	ru	Эспоо
660242	ru	Эно
660294	ru	Элимяки
660325	ru	Э́кенес
660407	ru	Лааясало
660561	ru	Порвоо
660561	tr	Porvoo
66093	az	Yasuc
66093	ru	Ясудж
66093	tr	Yasuc
660949	ru	Асиккала
661164	ru	Анъяла
6611854	ru	Нейпьидо
661226	ru	Амури
661352	ru	Алавус
6615442	ru	Альмозара
6615507	az	Sent-Ceyms
6615507	ru	Сент-Джеймс
6615507	tr	St James’s
6615536	ru	Лез-Юлис
6615537	ru	Карну-ан-Прованс
661576	ru	Алаярви
661896	ru	Эхтяри
6619347	ru	Нави Мумбаи
6619659	ru	Валь-де-Рёй
6619864	ru	Тамариндо
6620245	ru	Таль
6620339	az	Karratha
6620339	ru	Карраста
6620339	tr	Karratha
662095	ru	Ээнекоски
6621033	ru	Гранд-Фолс
6621036	ru	Ла-Бе
6621166	ru	Согвипхо
662130	ru	Зорлени
6621344	ru	Путтапарти
662161	ru	Златна
662187	ru	Зимнича
662187	tr	Zimniçe
662334	az	Zalau
662334	ru	Залэу
662334	tr	Zalau
662476	ru	Волунтари
662651	ru	Визиру
662970	ru	Видра
662971	ru	Видра
662976	ru	Виделе
663100	ru	Ватра-Дорней
663118	az	Vaslui
663118	ru	Васлуй
663118	tr	Vaslui
663227	ru	Вама
663256	ru	Вэлений-Де-Мунте
663692	ru	Валя-Луй-Михай
6639586	ru	Залем
6639623	az	Erskin
6640317	ru	Лангнау-на-Альбисе
664074	ru	Урзичени
6641869	ru	Циолковский
6641869	tr	Tsiolkovski
664295	ru	Улми
664311	ru	Улмени
664314	ru	Улмени
664397	ru	Тузла
664404	ru	Тутова
664437	ru	Турну-Мэгуреле
664460	ru	Турда
664518	az	Tulça
664518	ru	Тулча
664518	tr	Tulca
664575	ru	Тудора
664729	ru	Тополовени
664891	ru	Титу
664910	ru	Тисмана
665000	ru	Тыргу-Секуйеск
665002	ru	Тыргу-Окна
665004	az	Targu Mures
665004	ru	Тыргу-Муреш
665004	tr	Targu Mures
665010	az	Targu Jiu
665010	ru	Тыргу-Жиу
665010	tr	Targu Jiu
665013	ru	Тыргу-Фрумос
665024	az	Targovişte
665024	ru	Тырговиште
665024	tr	Targovişte
665087	az	Temişvar
665087	ru	Тимишоара
665087	tr	Temeşvar
665355	ru	Текуч
665691	ru	Сусени
665850	az	Suçava
665850	ru	Сучава
665850	tr	Suçava
666395	ru	Совата
666716	ru	Слобозия
666765	ru	Слатина
666767	az	Slatina
666767	ru	Слатина
666767	tr	Slatina
666830	ru	Сирет
666973	ru	Сынниколау-Маре
667091	ru	Синая
667121	ru	Симерия
667268	az	Sibiu
667268	ru	Сибиу
667268	tr	Sibiu
667303	az	Sfântu Gheorghe
667303	ru	Сфэнту-Георг
667303	tr	Sfântu Gheorghe
667437	ru	Сеини
667526	ru	Себеш
667593	ru	Скорничешт
667873	az	Satu Mare
667873	ru	Сату-Маре
667873	tr	Szatmárnémeti
668129	ru	Салонта
668287	ru	Садова
668314	ru	Сэчеле
668442	ru	Рупя
668546	ru	Рознов
668555	ru	Ровинари
668732	ru	Роман
668772	ru	Родна
668828	ru	Ръшнов
668872	az	Ramnicu Valcea
668872	ru	Рымнику-Вылча
668872	tr	Ramnicu Valcea
668873	ru	Рымнику-Сэрат
668954	az	Resita
668954	ru	Ресица
668954	tr	Resita
6690108	ru	Панчкула
6690572	ru	Килбёрн
6690802	tr	Collier Row
6690805	tr	Elm Park
6690829	ru	Кингстон-апон-Темс
6690863	ru	Хорнчурч
6690863	tr	Hornchurch
6690866	ru	Сербитон
6690869	ru	Чадуэлл-Хит
6690869	tr	Chadwell Heath
6690877	az	Brikston
6690877	ru	Брикстон
6691219	ru	Фэйлзуорт
6691640	ru	Ланси
6691831	ru	Ватикан
6691842	ru	Саладан
6691927	ru	Ферндаун
6692280	az	Kanari-Uorf
6692280	ru	Канэри-Уорф
669244	ru	Радовану
6692471	ru	Лос-Реалехос
6692512	ru	Эль-Гуна
6692513	tr	Kargıcak
6692524	ru	Саригерме
669289	ru	Рэдэуци
6692921	ru	Лейтонстоун
6692921	tr	Leytonstone
6693088	ru	Пасахес
6693228	ru	Балванера
6693244	ru	Лехавим
6693244	tr	Lehavim
6693576	ru	Сан-Педро-де-ла-Пас
6693937	ru	Кристал Палас
6694210	ru	Нойнкирхен-ам-Бранд
6694704	ru	Ротенбургсорт
6695224	ru	Хунасамаранахали
6695248	ru	Боисчател
6695248	tr	Boischatel
6695467	ru	Хебагоди
6695754	az	Koqalım
6695754	ru	Когалым
6695754	tr	Kogalım
6695976	ru	Ньюкасл
6696258	ru	Кэмпбелтон
6696259	ru	Батерст
6696259	tr	Bathurst
6696260	ru	Матан
6696686	ru	Пыть-Ях
6696767	ru	Лангепас
6696918	ru	Таоюань
6697039	ru	Басаури
669704	ru	Предял
6697077	ru	Киевский
6697165	ru	Канакона
6697257	ru	Валенса
6697759	ru	Южный Дублин
6698332	ru	Инфернетто
6698373	ru	Челмсли-Вуд
6698588	ru	Райнах
6698658	ru	Панган
670274	ru	Подури
670297	ru	Поду-Илоаей
670319	ru	Подолени
670353	ru	Подари
670467	ru	Плопени
670474	az	Ploieşti
670474	ru	Плоешти
670474	tr	Ploieşti
670609	az	Piteşti
670609	ru	Питешты
670609	tr	Piteşti
670889	az	Piatra Neamţ
670889	ru	Пятра-Нямц
670889	tr	Piatra Neamţ
670938	ru	Петрошани
670969	ru	Петрила
671145	ru	Перету
671382	ru	Пантелимон
671584	ru	Овидиу
671590	ru	Отопени
671626	ru	Островени
671636	ru	Остров
671681	ru	Оршова
671757	ru	Орэштие
671768	az	Oradea
671768	ru	Орадя
671768	tr	Oradea
671832	ru	Олтенице
671964	ru	Одорхею-Секуеск
6722148	ru	Салтовка
6723020	ru	Журавловка
6723024	ru	Пивнична Салтивка
672486	ru	Нэводари
672620	ru	Мурфатлар
672660	ru	Мунтени
672757	ru	Мотру
672862	ru	Морени
672912	ru	Молдова-Ноуэ
672977	ru	Моделу
6730265	ru	Оболенск
673033	ru	Мизил
673098	ru	Мирослава
673150	az	Călărași
673150	ru	Калэраши
673150	tr	Călărași
673441	az	Miercurea-Ciuc
673441	ru	Меркуря-Чук
673441	tr	Miercurea-Ciuc
673636	ru	Меджидия
673636	tr	Mecidiye
673658	ru	Мавродин
673816	ru	Маргита
673881	ru	Марашешт
673921	ru	Мангалия
673921	tr	Mankalya
674230	tr	Maçin
674295	ru	Лупени
674517	ru	Лумина
674531	ru	Лугож
674586	ru	Ловрин
674679	ru	Ливада
674696	ru	Литени
674733	ru	Липова
674844	ru	Леспези
674895	ru	Ленаугайм
674947	ru	Лазури
674977	ru	Лаза
675223	ru	Жимболия
675261	ru	Жибоу
675480	ru	Ислаз
675495	ru	Исакча
675606	ru	Инеу
675606	tr	Yanova
675810	az	Yassı
675810	ru	Яссы
675810	tr	Yaş
675892	ru	Гуси
675918	ru	Хунедоара
675937	ru	Хуедин
676163	ru	Хърсово
676527	ru	Гура-Гуморулуй
6765385	ru	Ана
677106	az	Giurgiu
677106	ru	Джурджу
677106	tr	Yergöğü
677429	ru	Герла
677458	ru	Георгени
677581	ru	Гэтая
677697	az	Galatz
677697	ru	Галац
677697	tr	Galați
677812	ru	Фундени
677964	ru	Фрасин
678015	az	Focsani
678015	ru	Фокшани
678015	tr	Focsani
678290	ru	Фиени
678306	ru	Фетешт
678358	ru	Фелдру
678459	ru	Фэлтичени
678490	ru	Фэджет
678499	ru	Фэгэраш
678792	ru	Дуда
678817	az	Drobeta-Turnu Severin
678817	ru	Дробета-Турну-Северин
678817	tr	Drobeta-Turnu Severin
678831	ru	Дриду
678978	ru	Дрэгэшани
679065	ru	Дорохой
679171	ru	Дофтана
679177	ru	Штей
679452	ru	Дева
679456	ru	Дета
679518	ru	Делени
679550	ru	Дей
679736	ru	Дарабани
679901	ru	Куртичи
679995	ru	Куджир
680148	ru	Кристуру-Секуеск
680332	az	Craiova
680332	ru	Крайова
680332	tr	Craiova
680897	ru	Корабия
680963	az	Konstansa
680963	ru	Констанца
680963	tr	Köstence
681017	ru	Команешт
681179	ru	Кодля
681290	az	Kolozsvár
681290	ru	Клуж-Напока
681290	tr	Kaloşvar
681845	ru	Кымпулунг-Молдовенеск
681862	ru	Кымпина
681865	ru	Кымпия-Турзи
6819992	ru	Чад
6822096	ru	Хитатинака
6822097	ru	Тикусей
6822098	ru	Касумигаура
6822100	ru	Цукубамирай
6822103	ru	Камису
6822105	ru	Сакурагава
6822108	ru	Инасики
6822112	ru	Тикума
6822114	ru	Минамиасигара
6822116	ru	Такасима
6822117	ru	Кока
6822119	ru	Кацураги
6822120	ru	Касиба
6822123	ru	Нанто
6822128	ru	Эбина
6822129	ru	Тама
6822130	ru	Мусасимураяма
6822132	ru	Акисима
6822136	ru	Хигасиямато
6822137	ru	Мисато
6822137	tr	Misato, Saitama
6822138	ru	Ниидза
6822140	ru	Кахоку
6822142	ru	Судзу
6822144	ru	Мацуура
6822146	ru	Онодзё
6822147	ru	Касуга
6822153	ru	Урума
6822155	ru	Мидори
6822158	ru	Миякодзима
6822161	ru	Хидака
6822163	ru	Ирума
6822167	ru	Соса
6822168	ru	Самму
6822170	ru	Тамура
6822171	ru	Кинокава
6822174	ru	Насусиобара
6822175	ru	Симоцуке
6822176	ru	Насукарасуяма
6822178	ru	Комагане
6822179	ru	Индзай
6822180	ru	Исуми
6822182	ru	Ятиё
6822184	ru	Осю
6822186	ru	Хатимантай
6822188	ru	Осаки
6822192	ru	Идзу
6822195	ru	Сусоно
6822196	ru	Омаэдзаки
6822198	ru	Никахо
6822199	ru	Дайсен Япония
6822201	ru	Ога
6822202	ru	Юрихондзё
6822205	ru	Цугару
6822206	ru	Хиракава
6822207	ru	Товада
6822209	ru	Ниссин
6822211	ru	Тита
6822212	ru	Айсай
6822213	ru	Ямагата Япония
6822214	az	Haşima
6822214	ru	Хасима
6822216	ru	Кани
6822217	ru	Минокамо
6822218	ru	Мотосу
6822219	az	Gudzyo
6822219	ru	Гудзё
6822220	ru	Эна
682321	ru	Чернаводэ
682321	tr	Boğazköy
6825277	ru	Шилин
6825489	ru	Дзёэцу
6825492	ru	Япония
6825494	ru	Уонума
6825496	ru	Хабикино
682685	ru	Карей
682729	ru	Карансебеше
682747	ru	Каракал
683023	ru	Калараси
683034	ru	Калафат
683123	az	Buzau
683123	ru	Бузэу
683123	tr	Buzau
683394	ru	Буфтя
683506	az	Buxarest
683506	ru	Бухарест
683506	tr	Bükreş
683612	ru	Брустури
683844	az	Brașov
683844	ru	Брашов
683844	tr	Brașov
683890	ru	Бран
683902	az	Braila
683902	ru	Брэила
683902	tr	Berâil
683933	ru	Браду
683974	ru	Брад
684039	az	Botoshani
684039	ru	Ботошани
684039	tr	Botoşani
684266	ru	Болинтин-Вале
684612	ru	Блай
6846555	ru	Фаниполь
684657	az	Bistrisa
684657	ru	Бистрица
684657	tr	Bistritza
684770	ru	Бирсана
684802	az	Birlad
684802	ru	Бырлад
684802	tr	Bârlad
684855	ru	Билед
685018	ru	Березени
685174	ru	Беюш
6853140	ru	Лесной
685419	ru	Бараолт
685481	ru	Банд
6857395	ru	Усть-Кинельский
685796	ru	Бэиле-Еркулане
685826	ru	Бая-Маре
685948	ru	Бакэу
685997	tr	Babadağ
686011	ru	Авриг
686206	ru	Ардуд
686239	ru	Арборе
686254	ru	Арад
6862586	ru	Хокуто
686324	ru	Анина
686399	ru	Амара
6864933	ru	Новый Городок
686502	ru	Александрия
686578	ru	Алба-Юлия
686578	tr	Belgrad-i Erdel
686590	ru	Айуд
686616	ru	Агнита
686712	ru	Абруд
686729	ru	Васильевка
686762	ru	Ивано-Франково
686803	ru	Звенигородка
686812	ru	Зуя
686818	ru	Зугрэс
686852	ru	Зоринск
686868	ru	Золотое
686875	ru	Золотоноша
686895	ru	Золочев
686896	ru	Золочев
686915	ru	Знаменка Вторая
686919	ru	Знаменка
686928	ru	Змиев
686941	ru	Златополь
686956	ru	Зимогорье
686961	ru	Зимна Вода
686967	ru	Житомир
687093	ru	Жолква
687116	ru	Жмеринка
687196	ru	Жёлтые Воды
687196	tr	Jovti Vodi
687237	ru	Ждановка
687245	ru	Жашков
687292	ru	Зеньков
687383	ru	Зеленовка
687392	ru	Зеленодольськ
687432	ru	Здолбунов
687449	ru	Зборов
687455	ru	Збараж
687578	ru	Заставна
687602	ru	Зоря
687652	ru	Заречное
687700	az	Zaporijya
687700	ru	Запорожье
687700	tr	Zaporijjia
687826	ru	Залещики
687997	ru	Южное
688073	ru	Бунге
688105	ru	Евпатория
688105	tr	Evpatorya
688148	ru	Енакиево
688154	ru	Емильчино
688288	ru	Яворов
688345	ru	Ясногорка
688365	ru	Ясиня
688373	ru	Ясиноватая
688440	ru	Ярмолинцы
688501	ru	Ямполь
688532	ru	Ялта
688533	ru	Ялта
688533	tr	Yalta
688587	ru	Яготин
688696	ru	Високий
688717	ru	Вышково
688723	ru	Вышгород
688744	ru	Випасне
688746	ru	Виноградов
688750	az	Vilkovo
688750	ru	Вилкове
688758	ru	Вигуровщина-Троещина
688846	ru	Врадиевка
688860	ru	Вознесенск
6888788	ru	Сунган
688956	ru	Ворзель
688961	ru	Ворожба
689003	ru	Вороновица
689025	ru	Воронеж
689106	ru	Воловец
689151	ru	Никольское
689157	ru	Володарка
689159	ru	Волочиск
689190	ru	Просяна
689198	ru	Волноваха
689200	ru	Вольногорск
689304	ru	Волчанск
689321	ru	Водяне
689363	ru	Власовка
689378	ru	Владимир
689401	ru	Владимировка
689428	ru	Владимирец
689487	ru	Вишневе
689558	ru	Винница
689564	ru	Винники
689567	ru	Виньковцы
689584	ru	Вольнянск
689595	ru	Вилино
689717	ru	Веселиново
689736	ru	Весёлое
689808	ru	Верховцево
689817	ru	Верховина
689868	ru	Верхний Рогачик
689891	ru	Верхнее Водяное
689916	ru	Верхнеднепровск
690038	ru	Великая Михайловка
690040	ru	Великий Бычков
690082	ru	Великодолинське
690155	ru	Велики Мости
690158	ru	Великие Лучки
690158	tr	Velyki Luçky
690165	ru	Великие Копани
690165	tr	Velyki Kopani
690189	ru	Великий Дальник
690197	ru	Великий Березный
690203	ru	Большая Знаменка
690230	ru	Великая Писаревка
690237	ru	Велика Новосилка
690247	ru	Великая Лепетиха
690266	ru	Великая Дымерка
690267	ru	Velikaya Dobron’
690267	tr	Velyka Dobron’
690279	ru	Великая Березовица
690281	ru	Великая Белозёрка
690281	tr	Velyka Bilozerka
690285	ru	Великая Багачка
690288	ru	Великая Александровка
690312	ru	Багачево
690335	ru	Васищеве
690412	ru	Васильков
690428	ru	Вашковцы
690469	ru	Варва
690485	ru	Вапнярка
690509	ru	Валки
690524	ru	Вахрушево
690545	ru	Узин
690548	az	Ujqorod
690548	ru	Ужгород
690548	tr	Ujgorod
690629	ru	Успенка
690648	ru	Усатово
690648	tr	Usatove
690688	ru	Умань
690713	ru	Благовещенское
690771	ru	Украинск
690773	ru	Украинка
690822	ru	Углегорск
690823	ru	Угледар
690873	ru	Тисмениця
690906	ru	Тячeв
690960	ru	Турка
690963	ru	Турийськ
690985	ru	Турбов
690985	tr	Turbiv
691016	ru	Тульчин
691037	ru	Алешки
691084	ru	Циркуны
691155	ru	Царычанка
691179	ru	Трускавец
691255	ru	Тростянец
691264	ru	Тростянец
691279	ru	Троицкое
691291	ru	Троицкое
691336	ru	Требухів
691374	ru	Чистяково
691422	ru	Томашполь
691435	ru	Томаковка
691469	ru	Токмак
691497	ru	Тлумач
691578	ru	Тетиев
691605	ru	Терны
691628	ru	Терновка
691650	ru	Тернополь
691663	ru	Тересва
691693	ru	Теребовля
691705	ru	Теплогорск
691708	ru	Теплик
691715	ru	Теофиполь
691803	ru	Татарбунары
691820	az	Tarutino
691820	ru	Бессарабское
691832	ru	Таромское
691904	ru	Тараща
691936	ru	Тальное
691942	ru	Талалаевка
691943	ru	Талалаевка
691999	ru	Северодонецк
692087	ru	Светловодск
692093	ru	Светлодарск
692102	ru	Свесса
692105	ru	Sverdlovs'k
692118	ru	Сватове
692129	ru	Свалява
692146	ru	Сутиски
692194	az	Sumı
692194	ru	Сумы
692254	ru	Суходольск
692301	ru	Судова Вишня
692315	ru	Судак
692315	tr	Sudak
692372	ru	Стрый
692416	ru	Стрижавка
692487	ru	Сторожинец
692632	ru	Стебник
692674	ru	Ставище
692702	ru	Старый Самбор
692713	ru	Старый Крым
692714	ru	Старый Крым
692742	ru	Старі Кути
692759	ru	Аеродром
692810	ru	Старомихайловка
692818	ru	Староконстантинов
692819	ru	Староказачье
692829	ru	Старобешево
692832	ru	Старобельск
692856	ru	Старая Выжевка
692866	ru	Старая Синява
692909	ru	Старая Дарниця
692953	ru	Luganskaya
692975	ru	Кадиевка
693001	ru	Середнэ Водяне
6930127	ru	Байрру-Алту
693020	ru	Ямполь
6930327	ru	Славутич
693062	ru	Советский
6930641	ru	Айн-Салах
693065	ru	Соцмисто
693086	ru	Сосновка
6930887	az	Saybercaya
6930892	ru	Таммела
6930893	ru	Калева
6930897	ru	Каукаярви
6930916	ru	Линнаинмаа
6930943	ru	Лентявянниеми
693100	ru	Сосница
6931020	ru	Кенмор
6931086	ru	Пересвет
693176	ru	Солотвино
693194	ru	Солоницевка
693231	ru	Солёное
693284	ru	Сокиряны
693292	ru	Сокильники
693301	ru	Сокаль
693325	ru	Софиевка
693365	ru	Снятын
693379	ru	Снигирёвка
693381	ru	Снежное
693426	ru	Смолино
693457	ru	Смела
693468	az	Slovyansk
693468	ru	Славянск
693469	ru	Славяносербск
693581	ru	Славута
693598	ru	Слатине
693615	ru	Сквира
693658	ru	Сколе
693709	ru	Скадовск
693796	ru	Синельниково
693805	ru	Симферополь
693805	tr	Akmescit
693821	ru	Сихов
693870	ru	Шумск
693920	ru	Шпола
693942	ru	Шостка
693995	ru	Шкло
694016	ru	Ширяево
694025	ru	Широкое
6940394	ru	Саитама
6940573	ru	Херванта Похйоинен
6940574	ru	Херванта Етеля
6941014	az	Ponta Delgada
6941014	ru	Понта-Делгада
6941014	tr	Ponta Delgada
6941039	ru	Кенсал-Грин
6941039	tr	Kensal Green
6941080	az	Fort-Bragg
6941080	ru	Форт-Брэгг
6941099	ru	Непалгун
694137	ru	Шевченкове
694152	ru	Шевченково
694152	tr	Şevçenkove
6941772	ru	Патонг
6941937	ru	Мурудешвара
694216	ru	Шепетовка
69426	az	Zincibər
69426	ru	Зинджибар
69426	tr	Zincibar
694273	ru	Щорс
694278	ru	Щирец
694333	ru	Шатск
6943474	ru	Ателстон
694350	ru	Шаргород
6943587	ru	Онсала
694382	ru	Шахтёрск
694392	ru	Шабо
694392	tr	Saba Tarc
694403	ru	Северск
6944113	ru	Мон Жоли
694423	ru	Севастополь
694423	tr	Akyar
6944296	ru	Санкт-Паули
694467	ru	Сергеевка
694491	ru	Середина-Буда
6945291	ru	Старый Город
6945597	ru	Тапанинваинио
6945762	ru	Пикку Хуопалахти
694590	ru	Семёновка
6945986	ru	Ла Малбе
694603	ru	Семёновка
6946409	ru	Карак
6946671	ru	Сан-Мамеде
6946673	ru	Сан-Себаштиан-да-Педрейра
694677	ru	Селидово
694725	ru	Счастье
694745	ru	Саврань
694752	ru	Савинці
694792	ru	Сарны
694792	tr	Sarnı
694864	ru	Самбор
694910	ru	Саки
694919	ru	Сахновщина
694992	ru	Ржищев
69500	ru	Забид
695019	ru	Рыльск
695099	ru	Руське Поле
695104	ru	Русская Поляна
695106	ru	Русская Лозовая
6951112	ru	Сомерсет-Уэст
695205	ru	Рудно
695221	ru	Рудки
695274	ru	Рубежное
695320	ru	Рожнів
695320	tr	Rojniv
695326	ru	Рожище
695344	ru	Раздельная
695357	ru	Курахово
695365	ru	Ровно
695379	ru	Ровеньки
695441	ru	Розкішне
695464	ru	Ромни
6954929	ru	Большая Нойда
695505	ru	Романкивци
695516	ru	Рокитное
6955408	ru	Науйининкай
695559	ru	Рогатин
6955677	tr	Çankaya
695581	ru	Родинское
695585	ru	Родаково
69559	ru	Ярим
695594	ru	Ровно
6956384	az	Sirkulane
6956384	ru	Циркулане
6956384	tr	Cirkulane
6956393	az	Komenda
6956393	ru	Комэнда
6956393	tr	Komenda
695643	ru	Решетиловка
695653	ru	Ріпки
6956647	ru	Бойерос
6957263	ru	Каполей
695740	ru	Раздольное
695781	ru	Рава-Русская
695789	ru	Ратне
695859	ru	Рахов
695912	ru	Радомышль
695935	ru	Радехов
695965	ru	Пятихатки
696008	ru	Путивль
696010	ru	Путиловка
696010	tr	Putılivka
696032	ru	Пустомыты
696108	ru	Прилуки
696218	ru	Привілля
696280	ru	Сартана
696291	ru	Приморский
696292	ru	Приморск
696317	ru	Приднепровск
696332	ru	Приазовское
696557	ru	Попельня
696566	ru	Попасная
696576	ru	Понинка
696581	ru	Помошная
696643	ru	Полтава
696660	ru	Полонное
696677	ru	Пологи
696720	ru	Покровское
696743	ru	Покотиловка
696771	ru	Погребище
6967865	ru	Аль-Карара
696823	ru	Подволочиск
696877	ru	Подол
696943	ru	Подгородное
697006	ru	Почаев
697018	ru	Побугское
697126	ru	Плахтиевка
697135	ru	Південне
697183	ru	Пирятин
697203	ru	Пионерское
697276	ru	Петровское
697325	ru	Петрово
697396	ru	Петровка
697418	ru	Петропавловская Борщаговка
697423	ru	Петропавловка
697488	ru	Песочин
697489	ru	Пісківка
697537	ru	Песчанка
697568	ru	Первомайское
697576	ru	Златополь
697592	ru	Первомайск
697593	ru	Первомайск
697613	ru	Мангуш
697616	ru	Шахтерское
697637	ru	Переяслав
697650	ru	Перевальск
697657	ru	Пересип
697671	ru	Перещепино
697676	ru	Пересечная
697692	ru	Перемышляны
697741	ru	Перегинское
697750	ru	Перечин
697771	ru	Пелагеевка
697802	ru	Печенежин
697803	ru	Печенеги
697889	ru	Павлоград
698003	ru	Лимановка
698006	ru	Пантелеймоновка
698102	ru	Озерне
698107	ru	Озерне
698131	ru	Овруч
698138	ru	Овидиополь
698142	ru	Отыния
698232	ru	Острог
698247	ru	Остер
698428	ru	Орехов
698436	ru	Покров
698461	ru	Опришены
698462	ru	Опошня
698506	ru	Ольшаны
698597	ru	Олевск
6986104	ru	Чжуншань
698625	ru	Александрия
698627	ru	Александровка
698652	ru	Бию́к-Онла́р
698709	ru	Ogren’
698740	ru	Одесса
698740	tr	Odessa
698770	ru	Очаков
698770	tr	Özi
698782	ru	Обухов
698803	ru	Оболонь
698819	ru	Obitochnoye
698861	ru	Новий Світ
698874	ru	Новый Раздол
698900	ru	Югок
698927	ru	Новые Санжары
698929	ru	Новые Петровцы
698929	tr	Novi Petrivtsi
698953	ru	Новый Буг
699034	ru	Нововоронцовка
699035	ru	Нововолынск
699078	ru	Новоукраинка
699100	ru	Новотроицкое
699238	ru	Novosëlki
699259	ru	Мамаивцы
699285	ru	Новоселица
699311	ru	Новопсков
699413	ru	Новониколаевка
699445	ru	Самар
699453	ru	Новомиргород
699453	tr	Novomırhorod
699553	ru	Звягель
699553	tr	Zviahel
699554	ru	Новогуйвинське
699557	ru	Новогродовка
699607	ru	Новофедоровка
699615	ru	Новодружеск
699617	ru	Новодонецкое
699620	ru	Новоднестровск
699675	ru	Новоазовск
699677	ru	Новоайдар
699680	ru	Новоархангельск
699706	ru	Новоалексеевка
6997320	ru	Хонгор
699751	ru	Нью-Йорк
699753	ru	Новгород-Северский
699756	ru	Новгородка
699777	ru	Нова Водолага
699802	ru	Новая Прага
699811	ru	Новая Одесса
699823	ru	Новая Маячка
699839	ru	Новая Каховка
699871	ru	Нова Дарниця
699882	ru	Нова Борова
699917	ru	Носовка
699942	ru	Нежин
699956	ru	Нижняя Крынка
700019	ru	Нижнегорский
700022	ru	Нижнеднепровск
700051	ru	Никополь
700119	ru	Николаевка
700261	ru	Нетешин
700292	ru	Нерубайское
700322	ru	Немиров
700335	ru	Немешаево
700371	ru	Недригайлів
700507	ru	Надворная
700551	ru	Щёлкино
700568	ru	Николаев
700569	ru	Николаев
700606	ru	Мурованые Куриловцы
700646	ru	Мукачево
700696	ru	Мостиска
700700	ru	Моспине
700753	ru	Моршин
700793	ru	Монастыриска
700796	ru	Монастырище
700829	ru	Молодогвардейск
700835	ru	Молодёжное
700848	ru	Молочанск
700918	ru	Могилёв-Подольский
700964	ru	Млинів
701031	ru	Мироновка
701075	ru	Миргород
701104	ru	Мілове
701122	ru	Микуличин
701233	ru	Михайловка
701294	ru	Чудей
701299	ru	Межгорье
701305	ru	Межова
701347	ru	Мерефа
701372	ru	Мена
701404	ru	Мелитополь
701419	ru	Мекензиеви Гори
701561	ru	Маяки
701619	ru	Массандра
701643	ru	Масани
701768	ru	Маршинцы
701792	ru	Марківка
701822	az	Mariupol
701822	ru	Мариуполь
701845	ru	Марьинка
701855	ru	Марганец
701894	ru	Маньковка
701906	ru	Маневичи
702098	ru	Малиновка
702116	ru	Малин
702147	ru	Малая Виска
702148	ru	Мала Вергунка
702231	ru	Мала Данилівка
702246	ru	Мала Білозерка
70225	az	Taiz
70225	ru	Таиз
70225	tr	Taiz
702302	ru	Маков
702320	ru	Макеевка
702337	ru	Макарів
702356	ru	Магдалинівка
702365	ru	Магала
702417	ru	Люботин
702421	ru	Любомль
702459	ru	Любимовка
702469	ru	Любешов
702491	ru	Лысянка
7025405	ru	Новоозёрное
702550	az	Lvov
702550	ru	Львов
702560	ru	Лузановка
702563	ru	Лутугино
702569	ru	Луцк
702658	az	Luqansk
702658	ru	Луганск
7026994	ru	Тави Ваттана
7027003	ru	Ваттхана
702723	ru	Лубны
702760	ru	Лозова
702774	ru	Лозуватка
702874	ru	Лохвица
702898	ru	Любашёвка
702931	ru	Литин
702972	ru	Лисичанск
703013	ru	Липовец
703015	ru	Липова Долина
703061	ru	Лиманское
703142	ru	Летичeв
703261	ru	Lenino
703261	tr	Yedi Kuyu
703397	ru	Лановцы
703410	ru	Ланчин
703428	ru	Ладыжин
703438	ru	Ладан
703448	az	Kiyev
703448	ru	Киев
703448	tr	Kiev
703460	ru	Квасилов
703494	ru	Каменка
703555	ru	Кушугум
703652	ru	Купянск-Узловой
703656	ru	Купянск
703840	ru	Крыжополь
703845	az	Krivoy Roq
703845	ru	Кривой Рог
703853	ru	Крюков
7039154	ru	Новофёдоровка
704000	ru	Кролевец
704010	ru	Кривое Озеро
704118	ru	Крепенский
704138	ru	Кременная
704143	ru	Кременец
704147	az	Kremençuk
704147	ru	Кременчуг
704147	tr	Kremençug
704202	ru	Красный луч
704204	ru	Liman
704277	ru	Красное
704335	ru	Красносёлка
704337	ru	Кабанье
704343	ru	Краснопілля
704362	ru	Красноперекопск
704363	ru	Краснопавлівка
704376	ru	Краснокутск
704379	ru	Красноильск
704381	ru	Красногвардейское
704388	ru	Берестин
704393	ru	Красногоровка
704402	ru	Краснодон
704403	ru	Краснодон
704422	ru	Покровск
704492	ru	Красилов
704508	ru	Краматорск
704525	ru	Козова
704573	ru	Козелец
704608	ru	Ківшарівка
704617	ru	Ковель
704670	ru	Коцюбинское
704679	ru	Подольск
704705	ru	Котельва
704737	ru	Костополь
704764	ru	Косов
704773	ru	Космач
704839	ru	Корюковка
704858	ru	Корсунь-Шевченковский
704885	ru	Коростышев
704901	ru	Коростень
704915	ru	Короп
704920	ru	Королёво
704968	ru	Корец
704972	ru	Кореиз
705008	ru	Корабельна Сторона
705016	ru	Копычинцы
705104	ru	Константиновка
705115	ru	Константиновка
705135	ru	Конотоп
705183	ru	Слобожанское
705186	ru	Кальмиусское / Комсомольское
705222	ru	Доброслав
705392	ru	Коломыя
705459	ru	Коленковцы
705493	ru	Кодыма
705544	ru	Кобеляки
705560	ru	Княжичи
705626	ru	Клишковцы
705730	ru	Киверцы
705735	ru	Кицмань
705796	ru	Обуховка
705797	ru	Кировское
705799	ru	Кировское
705809	ru	Кировск
705812	az	Kirovoqrad
705812	ru	Кропивницкий
705821	ru	Пивничное
705883	ru	Килия
705883	tr	Kili
706165	ru	Хуст
706200	ru	Христиновка
706244	ru	Хотин
706271	ru	Хоростков
706289	ru	Хорол
7062967	az	Nyanza
7062967	ru	Нянза
7062967	tr	Nyanza
706352	ru	Ходоров
706369	ru	Хмельницкий
706380	ru	Хмельник
706448	az	Herson
706448	ru	Херсон
706448	tr	Herson
706466	ru	Харцызск
706483	ru	Харьков
706483	tr	Kharkov
706488	ru	Ханжонкове
706524	az	Kerç
706524	ru	Керчь
706524	tr	Kerç
706536	ru	Кельменцы
706546	ru	Кегичівка
706571	ru	Казатин
706580	ru	Казанка
706634	ru	Катеринополь
706736	ru	Карнауховка
706749	ru	Карловка
706756	ru	Карло-Марксово
706757	ru	Соледар
70676	ru	Шибам
706900	az	Kanev
706900	ru	Канев
706925	ru	Комишова Бухта
706941	ru	Камышеваха
706945	ru	Камышаны
706950	ru	Каменец-Подольский
707025	ru	Камень-Каширский
707026	ru	Каменка-Днепровская
707027	ru	Каменка-Бугская
707052	ru	Каменка
707058	ru	Каменка
707099	ru	Калуш
707127	ru	Калини
707155	ru	Калиновка
707232	ru	Каланчак
707240	ru	Мирное
707244	ru	Каховка
707251	ru	Кагарлик
707292	ru	Изюм
707296	ru	Изяслав
707308	ru	Измаил
707308	tr	İzmail
707313	ru	Иживцы
707317	ru	Иза
707317	tr	Iza
707414	ru	Ивановка
707471	ru	Ивано-Франковск
707489	az	İvankov
707489	ru	Иванков
707489	tr	İvankiv
707529	ru	Испас
707529	tr	Ispas
707559	ru	Иршава
707560	ru	Иршанськ
707565	ru	Ирпень
707601	ru	Ингулець
707679	ru	Иловайск
707681	ru	Ильниця
707688	ru	Черноморск
707689	ru	Яворницкое
707695	ru	Ильинцы
707744	ru	Ичня
707752	ru	Городок
707753	az	Qorlivka
707753	ru	Горловка
707756	ru	Дачное
707757	ru	Глыбокая
707758	ru	Глухов
707775	ru	Заречное
707777	ru	Гвардейское
707840	ru	Гусятин
707860	ru	Гурзуф
707898	ru	Гуляйполе
707928	ru	Губиниха
707993	ru	Грушово
708181	ru	Гребёнка
708210	ru	Градижск
708251	ru	Гостомель
708257	ru	Гоща
708273	ru	Горское
708296	ru	Горохов
708313	ru	Городок
708320	ru	Городня
708324	ru	Городниця
708330	ru	Огородное
708366	ru	Городище
708380	ru	Городенка
708395	ru	Горняк
708403	ru	Горностаевка
7084521	ru	Серирит
708585	ru	Голованевск
708614	ru	Гольмовский
708632	ru	Голая Пристань
708663	ru	Гнивань
708695	ru	Гнедин
708695	tr	Hnidyn
7087175	ru	Бедугул
708730	ru	Глибокий Потик
708753	ru	Глобино
708784	ru	Глеваха
708863	ru	Георгиевка
708878	ru	Геническ
708898	ru	Гайворон
708901	ru	Гайсин
708953	ru	Гаспра
708953	tr	Gaspra
709034	ru	Галич
709054	ru	Гадяч
709071	ru	Захаровка
709075	az	Partenit
709075	ru	Партенит
709114	ru	Фонтанка
709161	ru	Феодосия
709161	tr	Feodosya
7091912	ru	Ратсада
709248	ru	Фастов
709270	az	Exsar
709270	ru	Есхар
709276	ru	Энергодар
709334	ru	Джанкой
709353	ru	Романов
709354	ru	Торецк
709373	ru	Димер
709429	ru	Дунаевцы
709493	ru	Дубровица
709505	ru	Нижняя Апша
709516	ru	Дубовое
709540	ru	Дубно
709546	ru	Дубляни
709584	ru	Хутор-Михайловский
709611	ru	Дрогобич
709643	ru	Драбов
709701	ru	Яремче
709704	ru	Донское
709717	ru	Донецк
709740	ru	Доманёвка
709755	ru	Долина
709782	ru	Долинская
709808	ru	Довге
709835	ru	Докучаевск
709888	ru	Добровеличковка
709892	ru	Добротвор
709900	ru	Доброполье
709930	az	Dnepr
709930	ru	Днепр
709930	tr	Dnipro
709932	ru	Каменское
709943	ru	Днепровское
709960	ru	Днепрорудное
710035	ru	Dimitrovo
710041	ru	Диканька
710071	ru	Десна
710098	ru	Дергачи
710129	ru	Деражня
710202	ru	Делятин
710229	ru	Дебальцево
710245	ru	Давидов
710342	ru	Чутово
710374	ru	Чугуев
710381	ru	Чуднів
710400	ru	Чортков
710409	ru	Чоп
710454	ru	Чистенькое
710463	ru	Чинадиево
710473	ru	Чигирин
710473	tr	Çehrin
710523	ru	Донец
710532	ru	Заводское
710548	ru	Червонопартизанск
710552	ru	Червоногригоровка
710554	ru	Червоноград
710556	ru	Пулины
710560	ru	Кубей
710565	ru	Радивилов
710587	ru	Червоная Слобода
7106456	az	Asau
7106456	ru	Асау
7106456	tr	Asau
710663	ru	Черняхов
710668	ru	Чернухино
710687	ru	Черноморское
710715	az	Çernobayevka
710715	ru	Чорнобаївка
710716	ru	Чернобай
710719	az	Çernivtsı
710719	ru	Черновцы
710719	tr	Çernivtsi
710735	az	Çerniqov
710735	ru	Чернигов
710735	tr	Çernigiv
710739	ru	Черниговка
710791	az	Çerkası
710791	ru	Черкассы
710791	tr	Çerkassi
710820	ru	Черепкивци
710864	ru	Чемеровцы
710915	ru	Часов Яр
710935	ru	Чаплинка
710958	ru	Чагор
711016	ru	Былбасовка
711103	ru	Буск
711105	ru	Буштыно
711105	tr	Buştina
711116	ru	Бурынь
711134	ru	Бурштын
711268	ru	Буди
711348	ru	Бучач
711350	ru	Буча
711359	ru	Брюховичи
711369	ru	Брянка
71137	az	Səna
71137	ru	Сана
71137	tr	San'a
711390	ru	Бровары
711400	ru	Брошнев-Осада
711416	ru	Броды
711416	tr	Brodi
711460	ru	Братское
7115111	ru	Корвера-де-Астуриас
711515	ru	Боярка
711536	ru	Борзна
711562	ru	Бортничи
711587	ru	Борщёв
711597	ru	Боровское
711621	ru	Борова
711623	ru	Боровая
711635	ru	Бородянка
711660	ru	Борисполь
711669	ru	Борислав
7117224	ru	Прибрежный
7117228	ru	Кесария
7117230	ru	Шванау
711778	ru	Bol’shaya Vergunka
7117880	ru	Заря
7117885	ru	Радужный
7117985	ru	Банбаса
711841	ru	Болград
711850	ru	Болехов
711867	ru	Богуслав
711874	ru	Богуния
711887	ru	Богородчаны
711894	ru	Богодухов
711933	ru	Богдановка
711989	ru	Бобринец
711999	ru	Бобровица
712160	ru	Белгород-Днестровский
712160	tr	Turla, Akkerman
712165	ru	Белая Церковь
712200	az	Bezlyudivka
712200	ru	Безлюдовка
712250	ru	Бершадь
712260	ru	Берислав
712312	ru	Березовка
712332	ru	Березно
712339	ru	Березнеговатое
712343	ru	Березна
712374	ru	Бережаны
712389	ru	Березань
712423	ru	Берегово
712430	ru	Берегомет
712441	ru	Бердичев
712441	tr	Berdiçev
712451	ru	Бердянск
712488	ru	Беляевка
712500	ru	Белозорье
712501	ru	Белозёрское
712508	ru	Белозёрка
712515	ru	Біле
712521	ru	Беловодск
712559	ru	Белополье
712569	ru	Белокуракино
712576	ru	Инкерман
712576	tr	İnkerman
712582	ru	Белогорье
712587	ru	Белогорск
712587	tr	Karasubazar
712590	ru	Белогородка
712602	ru	Білки
712613	ru	Белицкое
712631	ru	Биличи
712641	ru	Беленькое
712699	ru	Бедевля
712699	tr	Bedevlya
712775	ru	Баштанка
712787	ru	Барышевка
712794	ru	Барвенково
712796	ru	Бартениевка
712839	ru	Барановка
712861	ru	Бар
712886	ru	Балта
712886	tr	Balta
712895	ru	Балки
712926	ru	Балаклея
712930	ru	Балаклава
712930	tr	Balıklava
712934	ru	Балабино
712967	ru	Бахмач
712969	az	Bağçasaray
712969	ru	Бахчисарай
712969	tr	Bahçesaray
713059	ru	Бабаи
713117	ru	Avdot’ino
713122	ru	Авдеевка
713163	ru	Арциз
713174	ru	Бахмут
713175	ru	Артемовск
713195	ru	Arshintsevo
713203	ru	Армянск
713222	ru	Арбузинка
713245	ru	Апостолово
713259	ru	Антрацит
713304	ru	Антоновка
71334	az	Sada
71334	ru	Сада
71334	tr	Sa'da
713389	ru	Андрушёвка
713428	ru	Андреевка
713500	ru	Ананьев
713504	ru	Амвросиевка
713513	ru	Алушта
713513	tr	Aluşta
713514	ru	Алупка
713514	tr	Alupka
713544	ru	Алексеево-Дружковка
713588	ru	Александровск
713633	ru	Александровка
713652	ru	Александровка
713658	ru	Александровка
713683	ru	Александровка
713716	ru	Алчевск
713743	ru	Якимівка
713749	ru	Ахтырка
714188	ru	Вашарошнамень
714419	ru	Уйсегед
714581	ru	Тороксентмиклош
714754	ru	Тисакечке
715126	ru	Сольнок
715429	ru	Сегед
715466	ru	Сарваш
715839	ru	Шаторальяуйхей
716671	ru	Озд
716736	ru	Орошхаза
716935	ru	Ньиредьхаза
717582	ru	Мишкольц
7176039	ru	Вайнярд
7176039	tr	Vineyard
717902	ru	Мако
719311	ru	Казинцбарцика
719404	ru	Карцаге
719965	ru	Ходмезевашархей
720006	ru	Хевеш
720276	ru	Хайдусобосло
720290	ru	Хайдудорог
720334	ru	Дьюла
721159	ru	Энч
721239	ru	Эгер
721239	tr	Eğri
721404	ru	Деваванья
721472	ru	Дебрецен
722324	ru	Беретьйоуйфалу
722437	ru	Бекешчаба
722439	ru	Бекеш
722439	tr	Békés
723195	az	Vranov nad Toplyou
723195	ru	Вранов-над-Топлёу
723265	ru	Вельке-Капушаны
723358	az	Trebişov
723358	ru	Требишов
723365	ru	Торналя
723411	ru	Свит
723417	ru	Свидник
723455	ru	Стропков
723505	az	Stara Lyubovnya
723505	ru	Стара Любовня
723526	ru	Спишска Нова Вес
723529	ru	Спишска-Бела
723554	ru	Собранце
723559	ru	Снина
723637	ru	Сечовце
723674	ru	Сабинов
723713	ru	Рожнява
723736	ru	Римавска Собота
723747	ru	Ревуца
723819	az	Prešov
723819	ru	Прешов
723819	tr	Presov
723846	ru	Попрад
724111	ru	Молдава-над-Бодвоу
724144	az	Mixalovtse
724144	ru	Михаловце
724156	ru	Медзилаборце
724286	ru	Липаны
724294	az	Levoça
724294	ru	Левоча
724377	ru	Кромпахи
724411	ru	Кралёвски-Хльмец
724443	az	Koşitse
724443	ru	Кошице
724443	tr	Kösice
724503	az	Kejmarok
724503	ru	Кежмарок
724627	ru	Гуменне
724800	ru	Гелница
724893	ru	Добшина
725168	az	Bardeyov
725168	ru	Бардеёв
725213	az	Beloslav
725213	ru	Белослав
725213	tr	Beloslav
725271	az	Zlatoqrad
725271	ru	Златоград
725271	tr	Darıdere
725283	ru	Златица
725578	az	Yambol
725578	ru	Ямбол
725578	tr	Yambol
725586	ru	Якоруда
725623	az	Varshets
725623	ru	Варшец
725623	tr	Varshets
725683	az	Valchedram
725683	ru	Валчедрам
725683	tr	Valchedram
725712	az	Vratsa
725712	ru	Враца
725712	tr	İvraca
7257422	tr	Wallingford Center
7257540	ru	Брэйнтри
7257658	tr	Newport East
7257704	ru	Менсфилд Сентер
7257704	tr	Mansfield Center
7257726	ru	Норт Атлеборо Сентер
7257726	tr	North Attleborough Center
7257805	tr	Cheshire Village
7257905	ru	Форт Драм
7257909	ru	Форт Мид
7258082	tr	Carnot-Moon
7258318	ru	Маунт Вернон
7258432	ru	Оксон Хилл-Глассманор
7258671	ru	Гритэ Аппэ Марлборо
7258746	tr	Homeacre-Lyndora
7258780	ru	Джефферсон
7258794	ru	Кенеди Тауншип
7258832	ru	Ланхэм-Сибрук
7258897	ru	Люсервилл-Тимониум
7258973	ru	Шенор-Нортвю
7258973	tr	Shanor-Northvue
725905	az	Vidin
725905	ru	Видин
725905	tr	Vidin
725935	ru	Ветово
7259400	ru	Монтроуз-Гент
7259480	ru	Сагано Тауншип Норт
7259705	ru	Ист-Лейк-Ориент-Парк
7259773	ru	Форт-Пирс-Норт
7259774	ru	Форт-Пирс-Саут
725988	az	Velingrad
725988	ru	Велинград
725988	tr	Velingrad
7259892	ru	Инвернесс-Хайлендс-Саут
725993	az	Veliko Tırnovo
725993	ru	Велико Тырново
725993	tr	Veliko Tırnovo
7259949	ru	Беллэйр-Медоубрук-Террейс
7260095	ru	Сандалфут-Ков
7260219	ru	Юниверсити
7260233	ru	Виро-Бич-Саут
7260319	ru	Зеферхиллс-Саут
7260320	ru	Зеферхиллс-Уэст
7260327	ru	Кендалл-Уэст
7260357	ru	Лейк-Мюррей-Оф-Ричланд
7260357	tr	Lake Murray of Richland
726050	az	Varna
726050	ru	Варна
726050	tr	Varna
7260514	ru	Норт-Уэки-Уочи
7260518	tr	Oak Grove
7260548	ru	Палм-Ривер-Клэр-Мел
7260679	ru	Кларкстон-Гайтс-Вайнленд
7260806	ru	Арден-Аркейд
7260806	tr	Arden-Arcade
7261268	ru	Флоренс-Грем
7261268	tr	Florence-Graham
726130	ru	Твърдица
726141	az	Tutrakan
726141	ru	Тутракан
726141	tr	Tutrakan
7261423	ru	Хелена Вали Саутист
7261441	ru	Хилмар-Ервин
7261441	tr	Hilmar-Irwin
7261476	ru	Инглевуд-Фин Хил
7261553	tr	La Crescenta-Montrose
7261608	ru	Лейкленд-Норт
7261625	tr	Larkfield-Wikiup
726174	az	Targovişte
726174	ru	Тырговиште
726174	tr	Eski Cuma
7262053	ru	Отис Очардс-Ист Фармс
7262440	tr	Valencia West
7262464	ru	Винсент
7262464	tr	Vincent
7262495	ru	Вест-Кларкстон-Гайленд
7262498	ru	Вест-Гейвен-Силван
7262518	tr	West Whittier-Los Nietos
7262697	ru	Хаику-Паувела
7262761	ru	Макакило
7262790	ru	Скофилд Баракс
726287	ru	Трявна
7262897	ru	Кник-Фэйрвью
7262905	ru	Лейкс
726320	ru	Троян
726384	ru	Тополовград
726418	az	Dobrich
726418	ru	Добрич
726418	tr	Dobriç
726464	ru	Тетевен
726474	az	Tervel
726474	ru	Тервел
726474	tr	Tervel
726524	ru	Своге
726534	ru	Свищов
726546	ru	Свиленград
7266440	az	Breyds
7266440	ru	Брейдс
726657	ru	Съединение
726727	ru	Стражица
726748	ru	Стралджа
7267949	az	San Jose kəndü
7267949	ru	Сан Хосе
7267949	tr	San Jose Köyü
726848	az	Stara Zagora
726848	ru	Стара-Загора
726848	tr	Eski Zağra
726872	ru	Дупница
726890	ru	Стамболийски
727011	az	Sofiya
727011	ru	София
727011	tr	Sofya
727030	az	Smolyan
727030	ru	Смолян
727030	tr	Smolyan
727069	az	Slivnitsa
727069	ru	Сливница
727069	tr	Slivnitsa
727079	az	Sliven
727079	ru	Сливен
727079	tr	Sliven
727212	ru	Симитли
727217	ru	Симеоновград
727221	az	Silistra
727221	ru	Силистра
727221	tr	Silistre
727233	az	Şumen
727233	ru	Шумен
727233	tr	Şumnu
727337	ru	Севлиево
727354	az	Septemvri
727354	ru	Септември
727354	tr	Septemvri
727447	ru	Сандански
727462	ru	Самоков
727523	az	Ruse
727523	ru	Русе
727523	tr	Rusçuk
727689	ru	Разлог
727696	az	Razgrad
727696	ru	Разград
727696	tr	Razgrad
727791	ru	Раковски
727791	tr	Kılıçlı
727801	az	Rakitovo
727801	ru	Ракитово
727801	tr	Rakitovo
727832	ru	Радомир
727838	ru	Раднево
727886	az	Parvomay
727886	ru	Первомай
727886	tr	Parvomay
727921	ru	Провадия
7279746	ru	Ноида
7279754	ru	Синграули
727987	ru	Велики Преслав
7280528	ru	Эр-Рашидия
728075	ru	Попово
7281017	ru	Ла-Пинтана
7281020	ru	Ло-Прадо
728108	az	Pomorie
728108	ru	Поморие
728108	tr	Pomorie
728124	ru	Полски Тръмбеш
7281819	ru	Фудзикавагутико
7281840	az	Parramatta
7281840	ru	Парраматта
7281840	tr	Parramatta
728193	az	Plovdiv
728193	ru	Пловдив
728193	tr	Filibe
728203	az	Pleven
728203	ru	Плевен
728203	tr	Plevne
728251	ru	Пирдоп
728288	ru	Петрич
728288	tr	Petriç
728317	az	Peshtera
728317	ru	Пештера
728317	tr	Peshtera
728321	ru	Перущица
728330	az	Pernik
728330	ru	Перник
728330	tr	Pernik
728378	az	Pazardjik
728378	ru	Пазарджик
728378	tr	Pazarcık
728385	ru	Павликени
7284275	ru	Нунгви
728448	az	Panagyurishte
728448	ru	Панагюрище
728448	tr	Panagyurishte
7284571	ru	Лютерштадт Айслебен
728565	az	Oryahovo
728565	ru	Оряхово
728565	tr	Oryahovo
728634	ru	Омуртаг
728734	ru	Нови Пазар
728742	ru	Нова-Загора
728742	tr	Yeni Zağra
7287775	ru	Нижнесортымский
728825	ru	Несебр
728851	az	Nedelino
728851	ru	Неделино
728851	tr	Nedelino
7289614	ru	Галле-Нойштадт
7289614	tr	Halle-Neustadt
7289676	ru	Покачи
7290243	ru	Бергедорф
7290697	ru	Излучинск
7290718	ru	Бара Да Тижука
7290718	tr	Barra da Tijuca
729114	az	Montana
729114	ru	Монтана
729114	tr	Kutlu Viçe
729125	ru	Царево
729134	ru	Мездра
729439	az	Madan
729439	ru	Мадан
729439	tr	Madan
729466	ru	Любимец
729489	ru	Лясковец
729507	ru	Луковит
729543	ru	Лозен
729559	az	Lovech
729559	ru	Ловеч
729559	tr	Lofça
729581	az	Lom
729581	ru	Лом
729581	tr	Lom
729636	ru	Левски
72968	az	Marib
72968	ru	Мариб
72968	tr	Ma'rib
729730	az	Küstendil
729730	ru	Кюстендил
729730	tr	Köstendil
729794	az	Kardzhali
729794	ru	Кырджали
729794	tr	Kırcaali
729839	az	Kubrat
729839	ru	Кубрат
729839	tr	Kubrat
729896	az	Krumovgrad
729896	ru	Крумовград
729896	tr	Krumovgrad
729936	ru	Кричим
730013	az	Kozloduy
730013	ru	Козлодуй
730013	tr	Kozloduy
730073	ru	Котел
730084	ru	Костинброд
7302172	ru	Легиан
7302453	ru	Вагатор
7302683	ru	Саутбенк
7302802	ru	Рондебош
7302825	ru	Кануру
7302855	ru	Нагарлагун
730287	ru	Кнежа
7303419	az	Şərqi Qüds
7303419	ru	Восточный Иерусалим
7303419	tr	Doğu Kudüs
7303471	ru	Арашияма
7303786	ru	Жонкьер
7304020	ru	Фенхуань
730419	ru	Хисаря
7304197	ru	Муи-Не
730435	az	Haskovo
730435	ru	Хасково
730435	tr	Haskovo
730442	ru	Харманли
7304467	az	Ebaye
7304467	ru	Эбайе
7304467	tr	Ebaye
730496	ru	Казанлык
730496	tr	Kazanlık
730518	az	Kavarna
730518	ru	Каварна
730518	tr	Kavarna
730559	ru	Карнобат
730565	ru	Карлово
730565	tr	Karlıova
7306511	az	Enewetak
7306511	ru	Эневетак
7306511	tr	Enewetak
7306512	az	Ebon
7306512	ru	Эбон
7306512	tr	Ebon
7306513	az	Aur
7306513	ru	Аур
7306513	tr	Aur
7306514	az	Arno
7306514	ru	Арно
7306514	tr	Arno
7306515	az	Airuk
7306515	ru	Айрук
7306515	tr	Airuk
7306516	az	Mili
7306516	ru	Мили
7306516	tr	Mili
7306517	az	Lae
7306517	ru	Лае
7306517	tr	Lae
7306518	az	Utrik
7306518	ru	Утрик
7306518	tr	Utrik
7306519	az	Ujae
7306519	ru	Удже
7306519	tr	Ujae
7306520	az	Rongelap
7306520	ru	Ронгелап
7306520	tr	Rongelap
7306521	az	Loen
7306521	ru	Лоэн
7306521	tr	Loen
7306522	az	Namdrik
7306522	ru	Намдрик
7306522	tr	Namdrik
7306523	az	Mejit
7306523	ru	Мейит
7306523	tr	Mejit
7306524	az	Lib
7306524	ru	Либ
7306524	tr	Lib
7306525	az	Kili
7306525	ru	Кили
7306525	tr	Kili
7306526	az	Jabat
7306526	ru	Джабат
7306526	tr	Jabat
7306528	az	Wotje
7306528	ru	Вотье
7306528	tr	Wotje
7306529	az	Wotho
7306529	ru	Вотхо
7306529	tr	Wotho
730866	ru	Исперих
730919	ru	Ихтиман
730987	ru	Гълъбово
731016	ru	Средец
731108	ru	Гоце-Делчев
731108	tr	Nevrâkop
731233	ru	Горна Оряховица
731384	az	Godech
731384	ru	Годеч
731384	tr	Godech
731453	ru	Долни Чифлик
731464	az	General Toshevo
731464	ru	Генерал Тошево
731464	tr	General Toshevo
7315196	ru	Фрутридж-Покет
7315196	tr	Fruitridge Pocket
7315205	ru	Олд Фиг Гарден
7315205	tr	Old Fig Garden
7315210	tr	Sun Village
7315230	ru	Хоризон-Уэст
7315241	ru	Вира Ист
7315242	ru	Вира Вест
7315245	ru	Ист Хонолулу
7315245	tr	East Honolulu
7315246	ru	Оушен-Пойнт
7315263	ru	Самерфилд
7315293	ru	Ист Франклин
7315398	ru	Кинг Парк Вест
7315398	tr	Kings Park West
7315408	ru	Ботел Ист
7315412	ru	Истмонт
731549	az	Gabrovo
731549	ru	Габрово
731549	tr	Gabrovo
731626	ru	Етрополе
731670	ru	Елхово
731675	ru	Елин Пелин
731696	ru	Елена
731818	ru	Дулово
731822	ru	Дългопол
731882	ru	Дряново
732099	ru	Долни Дъбник
732263	ru	Димитровград
732280	ru	Девня
732285	ru	Девин
732452	ru	Чирпан
732491	az	Qızıl Çay
732491	ru	Червен Брег
732491	tr	Kızıl Çay
732627	ru	Чепеларе
732704	ru	Бяла Слатина
732770	az	Burqas
732770	ru	Бургас
732770	tr	Burgaz
7329411	az	Mubarak al Kabir
7329411	ru	Мубарак аль-Кабир
7329411	tr	Mübarak el Kebir
733014	ru	Ботевград
733151	ru	Бобов Дол
733151	tr	Bobov Dol
733191	az	Blaqoyevqrad
733191	ru	Благоевград
733191	tr	Yukarı Cuma
733264	ru	Берковица
733264	tr	Berkovitsa
733309	ru	Белоградчик
733359	ru	Белене
733462	ru	Банско
733515	ru	Балчик
733579	ru	Айтос
733579	tr	Aytos
733606	ru	Аспарухово
733618	ru	Асеновград
733716	ru	Аксаково
733776	ru	Яница
733840	ru	Ксанти
733905	ru	Верия
734077	ru	Салоники
734077	tr	Selânik
734284	tr	Tekelí
734315	ru	Сачишта
734330	ru	Серре
734330	tr	Serez
734426	tr	Kayılar
734517	ru	Полийирос
734538	ru	Полихни
734622	ru	Пиргос
734643	ru	Пилеа
734999	ru	Неа Мудания
735215	ru	Менемени
735481	ru	Лангадас
735481	tr	Langaza
735563	ru	Козани
735563	tr	Kozani
73560	az	Lahic
73560	ru	Лахыдж
73560	tr	Lahij
735640	ru	Комотини
735640	tr	Gümülcine
735861	ru	Кавала
735861	tr	Kavala
735927	ru	Кастория
735927	tr	Kesriye
736083	ru	Каламария
736083	tr	Kalamarya
736166	ru	Гумениса
736229	ru	Лерин
736229	tr	Florina
736245	ru	Филиро
736245	tr	Yalijík
736291	tr	Harmanköj
736337	ru	Элефтере
736337	tr	Eleftheres
736364	ru	Драма
736364	tr	Drama
736621	tr	Kavaklí
736687	tr	Kireç Kjoj
736727	tr	Kozlukebir
736928	ru	Александруполис
736928	tr	Dedeağaç
737022	az	Zonquldak
737022	ru	Зонгулдак
737022	tr	Zonguldak
737054	ru	Зил
737119	tr	Yuvacık
737478	ru	Серасор
737961	ru	Кёрфез
738025	az	Yalova
738025	ru	Ялова
738025	tr	Yalova
738167	ru	Везиркепрю
738251	ru	Узункепрю
738251	tr	Uzunköprü
738276	ru	Азорт
738276	tr	Azortuzundere
738327	tr	Uskumruköy
738329	ru	Ускюдар
738349	ru	Унье
738349	tr	Ünye
738390	ru	Улус
738444	ru	Улубеи
738541	ru	Тузлуджа
738618	ru	Турхал
738648	az	Trabzon
738648	ru	Трабзон
738648	tr	Trabzon
738662	ru	Тося
738674	ru	Тортум
738743	az	Tokat
738743	ru	Токат
738743	tr	Tokat
738753	ru	Тиреболу
738803	ru	Терме
738858	tr	Tepecik
738907	ru	Теккекей
738927	az	Təkirdağ
738927	ru	Текирдаг
738927	tr	Tekirdağ
739015	ru	Ташова
739209	ru	Сушехри
739215	ru	Сюрмене
739215	tr	Sürmene
739236	ru	Сунгурлу
739318	ru	Сулакъюрт
739425	tr	Söğütlü
739574	ru	Ширан
739600	az	Sinop
739600	ru	Синоп
739600	tr	Sinop
739636	ru	Шиле
739914	ru	Шебинкарахисар
739914	tr	Şebin Karahisar
739950	ru	Шавшат
740088	ru	Сарыкамыш
740264	az	Samsun
740264	ru	Самсун
740264	tr	Samsun
740430	az	Safranbolu
740430	ru	Сафранболу
740430	tr	Safranbolu
740483	az	Rizə
740483	ru	Ризе
740483	tr	Rize
740561	ru	Пиразиз
740605	ru	Першембе
740659	ru	Пазарйолу
740677	ru	Пазар
740729	ru	Памукова
741002	ru	Орта
741100	az	Ordu
741100	ru	Орду
741100	tr	Ordu
741160	ru	Олту
741240	ru	Оф
741304	ru	Никсар
741330	ru	Нарман
741484	ru	Мудурну
741487	ru	Муданьи
741529	ru	Мимарсинан
741570	ru	Месудие
741609	ru	Мерзифон
741712	ru	Маслак
741725	tr	Marmara Ereğlisi
741763	ru	Малтепе
741771	ru	Малкара
741850	ru	Мачка
741850	tr	Maçka
741855	tr	Lüleburgaz
741878	tr	Lapseki
742238	ru	Кумру
742266	tr	Kumburgaz
7422816	ru	Дадзайфу
742292	ru	Куллар
742292	tr	Kullar
742499	ru	Коюльхисар
742658	ru	Корган
743166	az	Kırklareli
743166	ru	Кыркларели
743166	tr	Kırklareli
743404	ru	Кестел
743438	ru	Кешап
743439	ru	Кешан
743439	tr	Keşan
743537	ru	Келькит
743615	ru	Казан
743633	tr	Kaynarca
743818	ru	Каваклы
743851	ru	Кавак
743882	az	Kastamonu
743882	ru	Кастамону
743882	tr	Kastamonu
743952	az	Qars
743952	ru	Карс
743952	tr	Kars
744092	ru	Карасу
744093	ru	Карасу
744537	ru	Караджабей
744562	az	Qarabük
744562	ru	Карабюк
744562	tr	Karabük
744767	ru	Медресе
74477	az	İbb
74477	ru	Ибб
74477	tr	İbb
744873	ru	Кагызман
745026	ru	Изник
745026	tr	İznik
745028	az	İzmit
745028	ru	Измит
745028	tr	İzmit
745044	az	İstanbul
745044	ru	Стамбул
745044	tr	İstanbul
745047	ru	Испир
745169	tr	İnegöl
745175	az	İnebolu
745175	ru	İnebolu
745175	tr	İnebolu
745383	tr	İhsaniye
745527	ru	Хорасан
745530	ru	Хопа
745714	ru	Хавза
745903	ru	Ханак
746234	ru	Гюрпынар
746425	az	Gümüşhane
746425	ru	Гюмюшане
746425	tr	Gümüşhane
746565	ru	Гереле
746574	ru	Гонен
746643	tr	Göle
746666	tr	Gölcük
746881	az	Giresun
746881	ru	Гиресун
746881	tr	Giresun
746940	ru	Гереде
746958	ru	Гемлик
746958	tr	Gemlik
746983	ru	Гелиболу
746983	tr	Gelibolu
747014	ru	Гебзе
747014	tr	Gebze
747155	ru	Фатса
747191	ru	Эйнесиль
747471	ru	Эрегли
747489	ru	Эрба
747538	ru	Эминёню
747712	az	Ədirnə
747712	ru	Эдирне
747712	tr	Edirne
747764	az	Düzce
747764	ru	Дюзджe
747764	tr	Düzce
748167	ru	Деврек
748208	ru	Дериндже
748240	ru	Дерели
7483743	ru	Путхия
748378	tr	Demirtaş
7483813	ru	Натор
748879	az	Çorum
748879	ru	Чорум
748879	tr	Çorum
748893	ru	Чорлу
748893	tr	Çorlu
749183	ru	Джиде
749274	tr	Çerkezköy
7496732	ru	Красная Глинка
749704	ru	Чаршамба
749748	az	Çankırı
749748	ru	Чанкыры
749748	tr	Çankırı
749780	az	Çanaqqala
749780	ru	Чанаккале
749780	tr	Çanakkale
7498240	ru	Западный Иерусалим
750214	tr	Büyükdere
750249	ru	Буюкада
750269	az	Bursa
750269	ru	Бурса
750269	tr	Bursa
750317	ru	Буланджак
750392	ru	Бозкурт
750496	ru	Борчка
750516	az	Bolu
750516	ru	Болу
750516	tr	Bolu
750598	az	Biləcik
750598	ru	Биледжик
750598	tr	Bilecik
750605	ru	Биг
7506857	tr	Newlands
750864	ru	Бебек
750938	az	Bayburt
750938	ru	Байбурт
750938	tr	Bayburt
751057	az	Bartın
751057	ru	Бартин
751057	tr	Bartın
751077	ru	Бандырма
751324	ru	Багджылар
751335	ru	Бафра
751475	ru	Айдынтепе
751817	az	Artvin
751817	ru	Артвин
751817	tr	Artvin
751818	ru	Артова
751864	ru	Арпачай
751931	ru	Мусазаде
751949	ru	Ардешен
751950	ru	Ардануч
751952	az	Ərdəhan
751952	ru	Ардаган
751952	tr	Ardahan
751971	ru	Араклы
752015	az	Amasya
752015	ru	Амасья
752015	tr	Amasya
752016	ru	Амасра
752083	ru	Алмус
7521348	ru	Айн-Сухна
7521471	ru	Доклендс
7521635	ru	Сауналахти
7521636	ru	Еспоонлахти
7521638	ru	Похйис
7521686	ru	Херманни
7521693	ru	Мери-Растила
7521693	tr	Meri-Rastila
7522181	az	Nukunonu
7522181	ru	Нукуному
7522181	tr	Nukunonu
7522183	az	Atafu kəndi
7522183	ru	Деревня Атафу
7522183	tr	Atafu Köyü
752359	ru	Аксу
752437	ru	Аккуш
752489	tr	Akhisar
7525990	ru	Южноукраинск
752627	ru	Акчаабад
752765	ru	Агва
752850	az	Adapazarı
752850	ru	Сакарья
752850	tr	Adapazarı
752967	ru	Жирардув
753004	ru	Зволень
753142	ru	Жолибож
753276	ru	Зеленка
75337	az	Hacca
75337	ru	Хадж
75337	tr	Haccah
7535637	az	Avellaneda
7535637	ru	Авельянеда
7535637	tr	Avellaneda
7535941	az	Olonkinbyen
7535941	ru	Олонкинбюэн
7535941	tr	Olonkinbyen
7536026	ru	Рио Виста
7536026	tr	Rio Vista
7536148	ru	Приозерск
7538520	ru	Росинья
7538520	tr	Rocinha
7538522	tr	Vidigal
753866	ru	Замосць
7538668	tr	Gamboa
7538748	tr	Moneró
7538835	tr	Catete
753895	ru	Замбрув
7539160	ru	Конуклу
7539160	tr	Konuklu
754195	ru	Загуж
75427	ru	Хадибо
754351	ru	Зомбки
754454	az	Vişkuv
754454	ru	Вышкув
754479	ru	Высоке-Мазовецке
754800	ru	Воломин
755330	ru	Воля
755474	ru	Влодава
755726	ru	Вилянув
755889	ru	Величка
756046	ru	Венгрув
756048	ru	Венгожево
756092	ru	Вавер
756120	ru	Василькув
756135	az	Varşava
756135	ru	Варшава
756135	tr	Varşova
756151	ru	Варка
756280	ru	Устшики-Дольне
756320	ru	Урсус
756634	ru	Тухув
756867	ru	Томашув-Мазовецкий
756868	ru	Томашув-Любельски
756919	ru	Тлущ
756938	ru	Тересполь
757026	ru	Тарнув
757033	ru	Тарнобжеге
757065	ru	Таргувек
757178	ru	Шидловец
757357	ru	Щитно
7573818	ru	Тутуме
757452	ru	Щебжешин
757461	ru	Щавница
757461	tr	Szczawnica
7576887	ru	Хэчжоу
7577022	ru	Трес-Кантос
757718	ru	Сувалки
757809	ru	Сулеювек
757886	ru	Сухеднюв
757957	ru	Стшижув
758252	ru	Сташув
758282	ru	Старый Сонч
758390	ru	Стараховице
758393	ru	Стомпоркув
758445	ru	Сталёва-Воля
758470	ru	Средместье
758626	ru	Соколув-Подляски
758651	ru	Сокулка
758682	ru	Сохачев
759123	ru	Скерневице
759141	ru	Скаржиско-Каменна
759320	ru	Семятыче
759412	ru	Седльце
759503	ru	Сейны
759504	ru	Сендзишув-Малопольски
759507	ru	Сендзишув
759591	ru	Санок
759603	ru	Сандомир
759734	az	Jeşuv
759734	ru	Жешув
759734	tr	Rzeszow
759852	ru	Рыки
760055	ru	Рудник-над-Санем
7601828	ru	Ногинск-9
7601921	az	Zhongxing Yeni Kənd
7601921	ru	Чжунсин Новая деревня
7601921	tr	Zhongxing Yeni Köy
7602373	az	Savave kəndi
7602373	ru	Деревня Сававе
7602373	tr	Savave Köyü
7602388	ru	Шаххат
760343	ru	Ропчице
760488	ru	Решель
760503	ru	Рембертув
760584	ru	Рава-Мазовецкая
760680	ru	Радзынь-Подляский
760684	ru	Радзымин
760727	ru	Радымно
760778	ru	Радом
760917	ru	Пултуск
760924	ru	Пулавы
761008	ru	Пшисуха
761131	ru	Пшеворск
761168	ru	Перемышль
761218	ru	Пшасныш
761228	ru	Прушкув
761258	ru	Прошовице
761546	ru	Понятова
761652	ru	Поланец
76184	az	Damar
76184	ru	Дамар
76184	tr	Damar
762021	ru	Плоньск
762106	ru	Пивнична-Здруй
762120	ru	Пиш
762199	ru	Пёнки
762201	ru	Пиньчув
762381	ru	Пястув
762423	ru	Пясечно
762643	ru	Парчев
7626461	ru	Ярен
7626690	ru	Пимпри-Чинчвад
762769	ru	Ожарув-Мазовецкий
762788	ru	Отвоцк
762850	ru	Острув-Мазовецка
762863	ru	Островец-Свентокшиский
762909	ru	Остроленка
763028	ru	Ожиш
763066	ru	Орнета
763107	ru	Ополе-Любельске
763111	ru	Опочно
763121	ru	Опатув
763165	ru	Ольштынек
763166	az	Olştin
763166	ru	Ольштын
763166	tr	Olsztyn
763291	ru	Олецко
763442	ru	Охота
763523	ru	Новы-Тарг
763534	ru	Новы-Сонч
763556	ru	Новы-Двур-Мазовецки
763765	ru	Нова-Сажина
763783	ru	Нова-Демба
763829	ru	Ниско
763903	ru	Неполомице
764039	ru	Нидзица
764100	ru	Насельск
7642396	tr	Karslılar
764241	ru	Мушина
764269	ru	Мщонув
764276	ru	Мшана-Дольна
764312	ru	Мронгово
764421	ru	Моньки
764484	ru	Мокотув
7645166	ru	Сан Мигел
7645176	ru	Зира
7645542	ru	Кааккури
7646339	ru	Тапуликаупунки
7646339	tr	Tapulikaupunki
764634	ru	Млава
7646431	ru	Андресито
764679	ru	Миньск-Мазовецкий
7647007	ru	Сан Карлос де Барилоче
7647071	ru	Канакер-Зейтун административный район
764749	ru	Милянувек
764849	ru	Мелец
764862	az	Mendzıjets-Podlyaski
764862	ru	Мендзыжец-Подляски
764862	tr	Międzyrzec Podlaski
7648817	ru	Зуунмод
7648891	ru	Хархорин
764917	ru	Мехув
765191	ru	Марки
765430	ru	Макув-Мазовецки
765749	az	Lukuv
765749	ru	Лукув
765804	ru	Людвин
765876	az	Lyublin
765876	ru	Люблин
765876	tr	Lublin
765927	ru	Любартув
765932	ru	Любачув
765976	ru	Лосице
766027	ru	Ломжа
766042	ru	Ломянки
766073	ru	Лохув
766137	ru	Липско
766301	ru	Лиманова
766307	ru	Лидзбарк-Варминьски
766332	ru	Лежайск
766452	ru	Леско
766555	ru	Легьоново
766583	ru	Ленчна
766783	ru	Лапы
766810	ru	Ланьцут
7670730	az	Tobi kəndi
7670730	ru	Деревня Тоби
7670730	tr	Tobi Köyü
7670816	az	Sonsorol kəndi
7670816	ru	Деревня Сонсорол
7670816	tr	Sonsorol Köyü
7670934	ru	Малатиа-Себастиа административный район
7670941	az	Kentron
7670941	ru	Кентрон
7670941	tr	Kentron
7670994	az	Kayangel
7670994	ru	Каянгел
7670994	tr	Kayangel
7671223	az	Kloulklubed
7671223	ru	Клоулклубед
7671223	tr	Kloulklubed
767374	ru	Крыница-Здруй
767470	ru	Кросно
767605	ru	Красныстав
767623	ru	Красник
767814	ru	Козенице
768216	ru	Констанцин-Езерна
768218	ru	Коньске
768785	ru	Кольно
768805	ru	Кольбушова
768905	ru	Кобылка
769250	az	Keltse
769250	ru	Кельце
769250	tr	Kielce
769274	ru	Кентшин
769346	ru	Казимежа-Велька
769539	ru	Карчев
769893	ru	Кабаты
769981	ru	Юзефув
7701510	ru	Нонгтхймаи
7701549	az	Ngetkib
7701549	ru	Нгеткиб
7701549	tr	Ngetkib
770157	ru	Енджеюв
770169	ru	Едличе
770293	ru	Ясло
770380	ru	Ярослав
770425	ru	Янув-Любельский
770792	ru	Илжа
770966	ru	Хрубешув
771158	ru	Хайнувка
771313	ru	Грыбув
771348	ru	Грудек
771384	ru	Груец
771401	ru	Гродзиск-Мазовецки
771506	ru	Граево
771804	ru	Горлице
771870	ru	Гура-Кальвария
771953	ru	Голдап
772086	ru	Глогув-Малопольский
772195	ru	Гижицко
772339	ru	Гарволин
772621	ru	Элк
772748	ru	Дзялдово
772772	ru	Дынув
7730334	ru	Лепхалале
773148	ru	Добре-Място
773176	ru	Добчице
7732276	az	Ngchemiangel
7732276	ru	Нгчемиангел
7732276	tr	Ngchemiangel
7732297	az	Ngardmau
7732297	ru	Нгардмау
7732297	tr	Ngardmau
773357	ru	Демблин
773380	ru	Дембица
773569	ru	Домброва-Тарновска
773593	ru	Домброва-Бялостоцка
773941	ru	Чарна-Бялостоцка
774208	ru	Цеханув
774393	ru	Хорощ
774558	ru	Хелм
774730	ru	Быхава
774747	ru	Буско-Здруй
775086	ru	Бжозув
775183	ru	Бжеско
775224	ru	Брвинув
775758	ru	Бохня
775820	ru	Блоне
775890	ru	Бискупец
775922	ru	Билгорай
775986	ru	Бельск-Подляски
776029	ru	Беляны
7760366	ru	Старое Аракчино
776069	az	Belostok
776069	ru	Белосток
776069	tr	Bialystok
776114	ru	Бялобжеги
776175	ru	Бяла-Подляска
776251	ru	Бемово
776252	ru	Белжице
776337	ru	Бартошице
776384	ru	Барчево
776597	ru	Августов
777073	az	Vadsø
777073	ru	Вадсе
777073	tr	Vadso
77726	az	Atak
77726	ru	Атак
77726	tr	Ataq
7778796	ru	Морено
779683	ru	Хаммерфест
781443	az	Tepelena
781443	ru	Тепелена
781443	tr	Tepelen
781601	ru	Шупенци
781920	ru	Преняси
781988	az	Pogradec
781988	ru	Поградец
781988	tr	Pogradec
782061	az	Peşkopi
782061	ru	Пешкопия
782061	tr	Peshkopi
782070	az	Permet
782070	ru	Пермети
782070	tr	Permet
782519	az	Librazhd
782519	ru	Либражди
782519	tr	Librazhd
782661	az	Kukes
782661	ru	Кукес
782661	tr	Kukes
782756	az	Korça
782756	ru	Корча
782756	tr	Görice
782806	ru	Клёси
7828758	ru	Сайпан
782963	ru	Отулишта
783059	az	Gramsh
783059	ru	Грамши
783059	tr	Gramsh
783148	az	Cirokastra
783148	ru	Гирокастра
783148	tr	Gjirokaster
783259	az	Erseke
783259	ru	Эрсека
783259	tr	Erseke
783263	az	Elbasan
783263	ru	Эльбасан
783263	tr	Elbasan
783493	az	Burrel
783493	ru	Буррели
783493	tr	Burrel
783508	az	Bulkiza
783508	ru	Булькиза
783508	tr	Bulkize
783606	ru	Билишти
783768	ru	Звечка
783770	ru	Звечан
783802	ru	Зубин Поток
783809	az	Zrnovci
783809	ru	Зрновци
783809	tr	Zrnovci
783814	ru	Зренянин
7838895	ru	Ар-Русайфа
7838895	tr	Ruseyfa
7838921	ru	Ноклайн
7838923	ru	Палмерстаун
783920	ru	Земун
783926	az	Zelino
783926	ru	Зелино
783926	tr	Zelino
783938	az	Zelenikovo
783938	ru	Зеленикова
783938	tr	Zelenikovo
784024	ru	Заечар
784027	ru	Заяс
784097	tr	Vuçitërn
784114	ru	Вруток
784136	ru	Вршац
784141	ru	Врнячка-Баня
784170	ru	Врчин
784212	az	Vrapciste
784212	ru	Врапчиште
784212	tr	Vrapciste
784227	ru	Вране
78428	az	Əmran
78428	ru	Амран
78428	tr	Amran
784372	ru	Витина
784424	az	Vinica
784424	ru	Виница
784424	tr	Vinica
784427	ru	Винча
784462	az	Vevcani
784462	ru	Вевчани
784462	tr	Vevcani
784679	ru	Велешта
784700	az	Vasilevo
784700	ru	Василево
784700	tr	Vasilevo
784733	az	Valandovo
784733	ru	Валандово
784733	tr	Valandovo
784759	az	Ferizaj
784759	ru	Ферезай
784759	tr	Ferizaj
784764	ru	Умка
784873	ru	Трстеник
785058	az	Veles
785058	ru	Велес
785058	tr	Veles
785062	ru	Тител
785082	az	Tetovo
785082	ru	Тетово
785082	tr	Kalkandelen
785113	az	Tearce
785113	ru	Теарце
785113	tr	Tearce
785201	az	Sveti Nikole
785201	ru	Святой Николе
785201	tr	Sveti Nikole
785238	ru	Сува Река
785288	ru	Сурчин
785345	az	Studenicani
785345	ru	Студеничани
785345	tr	Studenicani
785380	az	Strumica
785380	ru	Струмица
785380	tr	Strumica
785387	az	Struga
785387	ru	Струга
785387	tr	Struga
785388	ru	Штрпце
785482	az	Ştip
785482	ru	Штип
785482	tr	İştip
785485	tr	Ştimle
785515	az	Staro Nagorichane
785515	ru	Старо Нагоричане
785515	tr	Staro Nagorichane
785537	az	Star Dojran
785537	ru	Стар Дойран
785537	tr	Star Dojran
785544	ru	Старчево
785559	ru	Стара Пазова
785642	ru	Србица
785679	az	Sopiste
785679	ru	Сопиште
785679	tr	Sopiste
785753	ru	Смедеревска-Паланка
785756	ru	Смедерево
785756	tr	Semendire
785842	az	Skopye
785842	ru	Скопье
785842	tr	Üsküp
785881	ru	Шипковица
785965	ru	Сента
786093	ru	Сарай
786234	az	Rozaje
786234	ru	Рожае
786234	tr	Rozaje
786238	az	Rostusa
786238	ru	Ростуша
786238	tr	Rostuşa
786239	az	Rosoman
786239	ru	Росоман
786239	tr	Rosoman
786287	ru	Рипань
786341	az	Resen
786341	ru	Ресен
786341	tr	Resen
786477	az	Rankovce
786477	ru	Ранковце
786477	tr	Rankovce
786565	az	Radovis
786565	ru	Радовиш
786565	tr	Radovis
786595	ru	Радишани
786690	ru	Прокупле
786700	az	Probiştip
786700	ru	Пробиштип
786700	tr	Probiştip
786712	az	Prizren
786712	ru	Призрен
786712	tr	Prizren
786714	az	Priştina
786714	ru	Приштина
786714	tr	Priştine
786735	az	Prilep
786735	ru	Прилеп
786735	tr	pirlepe
786827	ru	Пожаревац
786827	tr	Pasarofça
786950	tr	Podujeva
7869995	ru	Джобстаун
7869996	ru	Киллестер
787016	az	Plasnica
787016	ru	Пласница
787016	tr	Plasnica
7870319	ru	Хувара
787050	ru	Пирот
787072	az	Petrovec
787072	ru	Петровец
787072	tr	Petrovec
7870988	tr	Kilquade
787147	az	Pehcevo
787147	ru	Пехчево
787147	tr	Pehcevo
787157	az	Peç
787157	ru	Печ
787157	tr	Peç
787215	ru	Парачин
787237	ru	Панчево
787271	ru	Падина
7874216	ru	Санта-Тереза
7874216	tr	Santa Teresa
787456	ru	Ораховац
7874631	ru	Тамунинг
7874641	az	Fonadhoo
7874641	ru	Фонаду
7874641	tr	Fonadhoo
787487	az	Ohrid
787487	ru	Охрид
787487	tr	Ohri
78751	ru	Моха
78751	tr	Muha
787516	az	Obrenovaç
787516	ru	Обреновац
78754	az	Mukella
78754	ru	Аль-Мукалла
78754	tr	Mukalla
787574	az	Novo Selo
787574	ru	Ново Село
787574	tr	Yeniköy
787589	ru	Ново Брдо
787595	ru	Нови-Пазар
787595	tr	Yenipazar
787600	ru	Нови-Кнежевац
787607	ru	Нови-Београд
787607	tr	Yeni Belgrad
787624	az	Novaci
787624	ru	Новаци
787624	tr	Novacı
787657	ru	Ниш
787716	az	Negotino
787716	ru	Неготино
787716	tr	Negotino
787718	ru	Неготин
787778	az	Demir Hisar
787778	ru	Демир-Хисар
787778	tr	Demir Hisarı
787855	ru	Мол
787857	ru	Мокрин
787877	az	Mogila
787877	ru	Могила
787877	tr	Mogila
788187	ru	Мамуша
788187	tr	Mamuşa
788357	ru	Майданпек
788654	az	Lipkovo
788654	ru	Липково
788654	tr	Lipkovo
7886881	az	Centar Zupa
7886881	ru	Центар Жупа
7886881	tr	Merkez Jupa
788709	ru	Лесковац
788709	tr	Leskofça
788771	ru	Лазаревац
788792	ru	Лапово
788819	ru	Лабуништа
788886	az	Kumanovo
788886	ru	Куманово
788886	tr	Kumanova
788961	az	Krüşevo
788961	ru	Крушево
788961	tr	Krüşevo
788975	ru	Крушевац
788975	tr	Alacahisar
789028	az	Krivogaştani
789028	ru	Кривогаштани
789028	tr	Krivogaştani
789045	az	Kriva Palanka
789045	ru	Крива Паланка
789045	tr	Kriva Palanka
789091	az	Kratovo
789091	ru	Кратово
789091	tr	Kratovo
789107	ru	Кралево
789128	ru	Крагуевац
789168	ru	Ковин
789170	ru	Ковиль
789178	ru	Ковачица
789225	az	Mitroviça
789225	ru	Митровица
789225	tr	Mitroviça
789227	ru	Каменица
789339	ru	Кондово
789342	az	Konce
789342	ru	Конце
789342	tr	Konçe
789403	az	Koçani
789403	ru	Кочани
789403	tr	Koçani
789455	ru	Клина
789518	ru	Кикинда
789527	az	Kiçevo
789527	ru	Кичево
789527	tr	Kırçova
789541	az	Kavadarci
789541	ru	Кавадарци
789541	tr	Kavadarci
789563	az	Karbinci
789563	ru	Карбинци
789563	tr	Karbinci
789600	ru	Канижа
789629	az	Makedonska Kamenica
789629	ru	Македонска Каменица
789629	tr	Makedonska Kamenica
789721	ru	Качаник
789721	tr	Kaçanik
78977	az	Elməhvit
78977	ru	Эль-Махвит
78977	tr	El Mahvit
789822	az	Jegunovce
789822	ru	Егуновце
789822	tr	Jegunovce
789923	ru	Ягодина
789996	ru	Исток
790015	ru	Инджия
790217	az	Gradsko
790217	ru	Градско
790217	tr	Gradsko
790295	az	Gostivar
790295	ru	Гостивар
790295	tr	Gostivar
790367	ru	Горни Милановац
790674	az	Gilan
790674	ru	Гнилане
790674	tr	Gilan
790701	ru	Глоговац
790744	az	Gevgelija
790744	ru	Гевгелия
790744	tr	Gevgelija
790848	az	Lozovo
790848	ru	Лозово
790848	tr	Lozovo
7910932	ru	Шангри-Ла
791122	ru	Драгаш
7911309	ru	Лянси-Турунмаа
791131	ru	Драчево
791363	az	Dolneni
791363	ru	Долнени
791363	tr	Dolneni
791471	tr	Dobanovçe
791542	az	Demir Kapıcı
791542	ru	Демир Капия
791542	tr	Demir Kapıcı
791559	az	Delçevo
791559	ru	Делчево
791559	tr	Delçevo
791580	ru	Декан
791606	az	Debar
791606	ru	Дебар
791606	tr	Debre
791646	az	Gjakovë
791646	ru	Джаковица
791646	tr	Gjakovë
791672	ru	Чуруг
791678	ru	Чуприя
791720	az	Çuçer-Sandevo
791720	ru	Чучер-Сандево
791720	tr	Çuçer-Sandevo
791900	ru	Чока
792019	ru	Чегране
792034	az	Çaska
792034	tr	Çaska
792078	ru	Чачак
792227	az	Brvenica
792227	ru	Брвеница
792227	tr	Brvenica
792257	az	Makedonski Brod
792257	ru	Македонски-Брод
792257	tr	Makedonski Brod
792419	az	Bosilovo
792419	ru	Босилово
792419	tr	Bosilovo
792456	ru	Бор
792501	az	Bogovinje
792501	ru	Боговинье
792501	tr	Bogovinje
792523	az	Bogdanci
792523	ru	Богданци
792523	tr	Bogdanci
792578	az	Bitola
792578	ru	Битола
792578	tr	Manastır
792651	ru	Бешка
792656	az	Berovo
792656	ru	Берово
792656	tr	Berovo
792680	az	Belqrad
792680	ru	Белград
792680	tr	Belgrad
792767	az	Belcista
792767	ru	Белциста
792767	tr	Belcista
792794	ru	Бела-Црква
792814	ru	Бечей
792814	tr	Beçe
792819	ru	Баваниште
792866	ru	Барич
793014	ru	Бачко-Петрово-Село
793093	ru	Ариле
793111	ru	Аранджеловац
793113	az	Arachinovo
793113	ru	Арахинovo
793113	tr	Arachinovo
793138	ru	Алексинац
7931933	az	Ol Kalou
7931933	ru	Ол-Калоу
7931933	tr	Ol Kalou
7932379	ru	Хафен Сити
7932643	ru	Колфилд-Саут
79415	az	Elhudayda
79415	ru	Эль-Худайда
79415	tr	El Hudeyda
7944	ru	Колаксар
79455	az	Elhazm
79455	ru	Эль-Хазм
79455	tr	El Hazm
794964	ru	Лаагри
794965	ru	Мустамяэ
795067	ru	Геджух
795155	ru	Кесклинн
795235	ru	Видяево
795243	az	Snejnoqorsk
795243	ru	Снежногорск
79700	az	Elğayza
79700	ru	Эль-Гайза
79700	tr	El Gayza
797213	ru	Первомайское
797781	ru	Нефтекумск
798210	ru	Хаукилахти
79836	az	Elbeyda
79836	ru	Эль-Байда
79836	tr	El Bayda
798763	ru	Виикки
8020004	ru	Posëlok Druzhnyy
802045	ru	Первомайское
802078	ru	Алагир
802714	ru	Персиановский
802799	ru	Алхан-Чурт
802921	ru	Новый Хушет
8030223	ru	Мусина
803770	ru	Витка
80384	az	Addoli
80384	ru	Эд-Дали
80384	tr	Ed Dali
8050879	ru	Итуррама
8051091	ru	Фемарн
8051286	ru	Ловина
805755	ru	Ясная Поляна
8062538	ru	Мейтар
8062538	tr	Meitar
8063344	az	Taiohae
8063344	ru	Таиохаэ
8063344	tr	Taiohae
8063361	ru	Нгерулмуд
806512	ru	Немишля
8068981	ru	Тосмур
8068982	ru	Оба
8068982	tr	Obaköy
8074174	tr	Muratpaşa
8096217	ru	Иствейл
8096217	tr	Eastvale
8097232	ru	Контра-Коста-Сентр
8097232	tr	Contra Costa Centre
812802	ru	Подвирки
81302	az	Tobruk
81302	ru	Тобрук
81302	tr	Tobruk
8142386	ru	Земер
8142386	tr	Zemer
8145969	ru	Kara-Kul’dzha
817767	ru	Рождественский
8184212	ru	Рахат
8184332	ru	Сегев-Шалом
8184332	tr	Şakib el-Salam
819552	ru	Аннино
819740	ru	Дрожжино
819827	ru	Развилка
8199111	az	Cargados Karakos
8199111	ru	Каргадос Караджос
8199111	tr	Cargados Carajos
821801	ru	Дубовка
8223932	ru	Центральный
8223937	ru	Тхотиям
8223971	ru	Каттуманнаркойл
8224430	ru	Цойленрода-Трибес
8224580	ru	Пекам
8224580	tr	Peckham
823674	ru	Дагомыс
823795	ru	Зовуни
823796	ru	Касах
823807	ru	Мецамор
823814	ru	Айнтап
823819	ru	Геховит
823854	ru	Ипнари
823985	az	Aşağı Güzdək
824003	az	Bakıxanov
824003	ru	Бакиханова
824003	tr	Bakıhanov
824050	ru	Аран
824070	ru	Бугры
824153	ru	Чореску
824288	ru	Цхалтубо
8247399	ru	Чисть
8247407	ru	Лесной
824988	ru	Город Шебекино
825035	ru	Коркмаскала
8264669	ru	Зарзир
827329	ru	Павлово
828055	ru	Белиджи
828218	ru	Заозерск
8285452	ru	Анкастер
829005	ru	Лесной
829032	ru	Кондратово
8299649	ru	Пандан
830844	ru	Трёхгорный
8308627	az	Jwaneng
8308627	ru	Джванeng
8308627	tr	Jwaneng
8310136	ru	Тель-Шева
831129	ru	Мирный
831130	ru	Знаменск
831137	ru	Светлый
831140	ru	Звездный
831165	ru	Заречный
831208	ru	Озёрный
8315400	ru	Холлоуэй
8315400	tr	Holloway
833258	ru	Шуто Оризари
833260	ru	Бутел
833262	ru	Чаир
833357	az	Ilinden
833357	ru	Илинден
833357	tr	Ilinden
8335413	ru	Мба
8337342	az	Fontana
8337342	ru	Фонтана
8337342	tr	Fontana
8337353	az	Pembroke
8337353	ru	Пембрук
8337353	tr	Pembroke
8341919	ru	Вараш
8347656	ru	Рамагундам
8347660	ru	Вераганур
8347664	ru	Ордос
8349165	ru	Брэддон
8349207	ru	Беконсфилд
8354605	ru	Петровское
8354606	ru	Гатное
8354626	ru	Хамбург-Норд
8358612	az	Nazarye
8358612	ru	Назарье
8358612	tr	Nazarje
8358613	az	Kostel
8358613	ru	Костель
8358613	tr	Kostel
8374209	ru	Хура
8375151	ru	Кызыл-Джол
8375152	ru	Самаркандык
8375168	ru	Kyzyl-Bel’
8377525	ru	Кулунду
8378719	ru	Кадрие
8378719	tr	Kadriye
8378910	ru	Вилланова
8394394	ru	Виллалба
8400694	ru	Тайчжоу
840724	ru	Каитис
840909	ru	Двубратский
841006	ru	Кочубеевское
8411059	ru	Фрастанц
841395	ru	Солнечнодольск
8416817	ru	Московский
841968	ru	Вариссуо
8425968	ru	Борек
8428283	ru	Шохам
8428283	tr	Şoham
8432290	ru	Дапориджо
843403	ru	Нииттари
843405	ru	Хенттаа
843424	ru	Лянси-Пасила
843438	ru	Лянси-Херттониеми
843441	ru	Юлискюля
8435738	ru	Хааберсти
8435739	ru	Кристийне
8435741	ru	Пыхья-Таллинн
8436065	ru	Чикаго-Луп
8436244	ru	Дунайская Лужня
8436351	ru	Сигишоара
8436496	ru	Кирхбихль
8441167	az	Joao Teves
8441167	ru	Жуан-Тевеш
8441167	tr	Joao Teves
8441169	az	Pedra Badejo
8441169	ru	Педра-Бадежу
8441169	tr	Pedra Badejo
8449910	ru	Ла Порт
845274	ru	Филмски Град
8456741	az	Lai Chau
8456741	ru	Лай Чау
8456741	tr	Lai Chau
8468760	ru	Новояворовск
8469294	ru	Нотр-Дам
8469788	ru	Дубай Марина
847341	ru	Вихерлаксо
847408	ru	Кивесте
847421	ru	Каивоксела
847426	ru	Малминкартано
847426	tr	Malminkartano
847430	ru	Конала
847444	ru	Силтамяки
847444	tr	Siltamäki
847500	ru	Коивис
847504	ru	Симонкюля
847505	ru	Виертола
847506	ru	Суутарила
847507	ru	Суурмется
847509	ru	Тапанинкюля
847510	ru	Юля-Малми
847510	tr	Ylä-Malmi
847512	ru	Ала-Малми
847512	tr	Ala-Malmi
847519	ru	Якомяки
847519	tr	Jakomäki
8475945	ru	Лохарда
847633	ru	Алта
8479429	ru	Рома
8480064	tr	Woodburn
8481842	tr	Spring Valley Lake
8504417	ru	Ля Дефанс
8504423	ru	Субанг Джая
8504621	ru	Герейда
8504651	ru	Софиевская Борщаговка
8504946	ru	Черная речка
8504947	ru	Юнтолово
8504948	ru	Петроградка
8504949	ru	Васильевский остров
8504950	ru	Парнас
8504951	ru	Калининский
8504952	ru	Красногвардейский
8504953	ru	Адмиралтейский
8504955	ru	Крестовский остров
8504958	ru	Академическое
8504959	ru	Финляндский
8504960	ru	Центральный
8504964	ru	Светлановское
8504965	ru	Сампсониевское
8505053	ru	Восточное Дегунино
8516167	ru	Горенка
8519820	ru	Чайки
8519916	ru	Оболонь
8519917	ru	Шевченка
8519952	ru	Чабаны
8521418	az	Espargos
8521418	ru	Эспаргуш
8521418	tr	Espargos
8521440	ru	Дзержинский
8521444	az	Bəndər İmam Xomeyni
8521444	ru	Бендер-Хомейни
8521444	tr	Bender İmam Humeyni
8523940	tr	Yalıntaş
8524552	ru	Счастливое
8531735	ru	Фукуок
8532041	tr	Mission Hill
8533133	ru	Люпаньшуй
8534261	az	Şaran
8534261	ru	Шаран
8534261	tr	Şaran
8537264	ru	Хуанган
8555994	ru	Шалатин
8555994	tr	Shalateen
8556321	ru	Ла-Сейба
8558570	ru	Лустер
8572256	az	Mehdiabad
8572256	ru	Мехдиабад
8572256	tr	Mehdiabad
857689	ru	Внуково
857690	ru	Московский
8581458	az	Saratamata
8581458	ru	Саратамата
8581458	tr	Saratamata
8581466	az	Union Choco
8581466	ru	Унион-Чоко
8581466	tr	Union Choco
8581467	ru	Слободзея
858701	ru	Шамилькала
858712	ru	Новый Сулак
8594709	az	Tanh Fo Ba Ria
8594709	ru	Тхань Фо Ба Риа
8594709	tr	Thanh Pho Ba Ria
8599025	ru	Сан Луис
860012	ru	Окны
8601412	az	Santo Domingo Este
8601412	ru	Санто-Доминго-Эсте
8601412	tr	Santo Domingo Este
8604651	tr	Saint-Apollinaire
8604682	ru	Джонстон
8616121	ru	Донгда
8617396	ru	Амбрен
8623183	tr	Çubuklu
8629640	ru	Тутикорин
8630153	ru	Хакуба
863061	ru	Усинск
863675	ru	Кисела Вода
863732	az	Ramana
863732	ru	Рамана
8642910	ru	Балалй
8644195	ru	Драпецона
8644195	tr	Drapetsona
864721	ru	Баложи
864723	az	Marupe
864723	ru	Марупе
864723	tr	Marupe
865087	ru	Теплодар
865321	ru	Ханкала
865729	ru	Таврийск
8657513	ru	Неон-Психикон
8657513	tr	Neo Psihiko
866052	ru	Ялга
866053	ru	Новые Лапсары
866054	ru	Радужный
866055	ru	Приладожский
866057	ru	Молочный
866062	ru	Искателей
866152	az	Erebuni
866152	ru	Эребуни
866152	tr	Erebuni
866153	ru	Нор Норк
866160	ru	Норк-Мараш
866164	ru	Аджапняк
867005	ru	Петра-Дубрава
867006	ru	Поволжский
867425	ru	ВЕРХНЕБАКАНСКИЙ
868355	ru	Кочубей
869342	ru	Тюбе
869345	ru	Новый Чиркей
8714374	ru	Лусдрихт
8714539	az	Buka
8714539	ru	Бука
8714539	tr	Buka
8714608	ru	Каролинишкес
8715035	ru	Накано
87205	az	Darna
87205	ru	Дарна
87205	tr	Derne
873901	ru	Обухово
8739828	ru	Остернинбургер Ланд
8740322	ru	Рудрапур
874034	ru	Галашки
874045	ru	Старый Малгобек
875971	ru	Муконда
876177	ru	Луау
876482	ru	Казомбо
876632	ru	Камононге
877178	az	Katima Mulilo
877178	ru	Катима-Мулило
877178	tr	Katima Mulilo
877401	az	Songea
877401	ru	Сонгеа
877401	tr	Songea
877747	az	Mtvara
877747	ru	Мтвара
877747	tr	Mtwara
878058	ru	Масаси
878281	az	Lindi
878281	ru	Линда
878281	tr	Lindi
882009	ru	Рува
882009	tr	Ruwa
882599	ru	Рэдклифф
882599	tr	Redcliff
88319	az	Benqazi
88319	ru	Бенгази
88319	tr	Bingazi
884141	ru	Нортон
884979	az	Mutare
884979	ru	Мутаре
884979	tr	Mutare
8858089	ru	Сан Буенавентура
8858094	ru	Портикос Де Сан Антонио
8858127	ru	Палмира
8858132	ru	Морелос
8858197	ru	Макловио Рохас
8858200	ru	Чаналь
8858209	ru	Аренал
8858242	ru	Кинта Дел Седро
8858262	ru	Поситос
886763	az	Masvingo
886763	ru	Масвинго
886763	tr	Masvingo
886990	az	Marondera
886990	ru	Маронdera
886990	tr	Marondera
888225	az	Lupane
888225	ru	Лупане
888225	tr	Lupane
888710	ru	Квекве
88903	az	Al Marj
88903	ru	Аль-Мардж
88903	tr	El Marj
889191	ru	Карои
889191	tr	Karoi
889215	ru	Кариба
889453	ru	Кадоме
88962	ru	Эль-Джауф
889942	ru	Хванге
890299	ru	Хараре
890422	az	Gweru
890422	ru	Гвру
890422	tr	Gweru
890516	az	Gwanda
890516	ru	Гванда
890516	tr	Gwanda
89055	az	Al Bayda
89055	ru	Эль-Байда
89055	tr	El Beyda
89113	az	Ağcabədiya
89113	ru	Адждабия
89113	tr	Ecdebiye
893697	az	Chinhoyi
893697	ru	Чинхойи
893697	tr	Chinhoyi
894701	az	Bulawayo
894701	ru	Булавайо
894701	tr	Bulawayo
8948694	ru	В.С.К.Валасаи
8948708	ru	Арпино
8948758	ru	Белведере
8948765	ru	Виллатора
8948772	ru	Педемонте
895061	az	Bindura
895061	ru	Биндура
895061	tr	Bindura
895269	ru	Байтбридж
895269	tr	Beitbridge
89570	ru	Заху
895953	ru	Замбези
897045	az	Solwezi
897045	ru	Солвези
897045	tr	Solwezi
898905	ru	Шешеке
8991407	ru	Динь Ван
899274	ru	Самфья
899825	ru	Петауке
901344	az	Ndola
901344	ru	Ндола
901344	tr	Ndola
90150	ru	Тикрит
90150	tr	Tıkrit
902620	ru	Мвинилунга
9034728	ru	Неа Йония
90353	ru	Талль-Кайф
9035859	ru	Тракомакедонес
9035867	ru	Неа-Халкидон
9035867	tr	Nea Halkidona
9036384	ru	Молинетто
905395	ru	Муфулире
905846	ru	Мпика
906054	az	Monqu
906054	ru	Монгу
906054	tr	Mongu
906221	ru	Мкуши
907111	ru	Мазабука
9072919	ru	Жичжао
907770	az	Mansa
907770	ru	Манса
907770	tr	Mansa
909137	az	Lusaka
909137	ru	Лусака
909863	ru	Луаншья
910111	ru	Ливингстон
911148	ru	Китве
9112916	ru	Абакумова
9113068	ru	Лозивский
912628	ru	Касемпа
912764	az	Kasama
912764	ru	Касама
912764	tr	Kasama
915086	ru	Каломо
915883	ru	Кафе
916095	az	Kabwe
916095	ru	Кабве
916095	tr	Kabwe
917748	az	Çoma
917748	ru	Чома
917748	tr	Choma
9180440	ru	Мяннику
9181182	ru	Пуян
918398	ru	Чисаса
918702	az	Çipata
918702	ru	Чипата
918702	tr	Chipata
918905	az	Çinsali
918905	ru	Чинсали
918905	tr	Chinsali
919009	ru	Чингола
9191703	ru	Нагаторо
92002	ru	Равандуз
921028	ru	Чадиза
9212568	ru	Ниланкарай
92138	az	Əl-Kəym
92138	ru	Эль-Каим
92138	tr	El Kaim
921664	ru	Цимбео
921675	ru	Сима
921707	az	Pamandzi
921707	ru	Памандзи
921707	tr	Pamandzi
921753	az	Mutsomodu
921753	ru	Мутсамуду
921753	tr	Moutsamoudou
921763	ru	Мрамани
921772	ru	Морони
921772	tr	Moroni
921815	ru	Мамудзу
921889	az	Fomboni
921889	ru	Фомбони
921889	tr	Fomboni
921900	az	Dzaoudzi
921900	ru	Дзаудзи
921900	tr	Dzaoudzi
921906	ru	Домони
921917	az	Dembeni
921917	ru	Дембени
921917	tr	Dembeni
922015	az	Acoua
922015	ru	Акоуа
922015	tr	Acoua
9222766	az	Arafat
9222766	ru	Арафат
9222766	tr	Arafat
922704	az	Lubumbashi
922704	ru	Лубумбаши
922704	tr	Lubumbashi
922741	ru	Ликаси
922741	tr	Likasi
922773	ru	Колвези
922806	ru	Кипуши
923295	ru	Зомба
924055	ru	Салима
925475	az	Mzuzu
925475	ru	Мзузу
925475	tr	Mzuzu
925498	ru	Мзимба
926087	ru	Мпонела
926087	tr	Mponela
927246	ru	Мангочи
927834	tr	Liwonde
927967	az	Lilonqve
927967	ru	Лилонгве
928534	ru	Касунгу
9294258	az	Little Cayman
9294258	ru	Малый Кайман
9294258	tr	Little Cayman
931755	az	Blantire
931755	ru	Блантайр
931755	tr	Blantyre
931865	ru	Балака
932035	az	Teyateyaneng
932035	ru	Тейатейанeng
932035	tr	Teyateyaneng
932151	ru	Рома
932183	az	Quthing
932183	ru	Цгутинг
932183	tr	Quthing
932416	az	Mokhotlong
932416	ru	Мохотлонг
932416	tr	Mokhotlong
932438	az	Mohale's Hoek
932438	ru	Мохалес-Хук
932438	tr	Mohale's Hoek
932505	ru	Масеру
932614	az	Mafeteng
932614	ru	Мафетенг
932614	tr	Mafeteng
932698	az	Hlotse
932698	ru	Лерибе
932698	tr	Hlotse
932886	az	Butha-Buthe
932886	ru	Бута-Бутэ
932886	tr	Butha-Buthe
932987	az	Tshabong
932987	ru	Чабонг
932987	tr	Tshabong
933064	ru	Шошонг
933077	ru	Шакаве
933077	tr	Shakawe
933088	az	Serowe
933088	ru	Серова
933088	tr	Serove
933099	ru	Селеби-Пхикве
933141	az	Ramotswa
933141	ru	Рамоцва
933141	tr	Ramotswa
933182	ru	Палапье
933186	ru	Орапа
933305	az	Molepolole
933305	ru	Молепололе
933305	tr	Molepolole
933331	ru	Могодитшане
933331	tr	Mogoditshane
933340	az	Mochudi
933340	ru	Мочуди
933340	tr	Mochudi
933366	az	Maun
933366	ru	Маун
933366	tr	Maun
933471	ru	Махалапье
933521	ru	Лобаце
933677	az	Kasane
933677	ru	Касане
933677	tr	Kasane
933685	az	Kanye
933685	ru	Канье
933685	tr	Kanye
933726	ru	Хукунци
933759	az	Ghanzi
933759	ru	Ганзи
933759	tr	Ghanzi
933773	az	Qaborone
933773	ru	Габороне
933773	tr	Gaborone
933777	ru	Габане
933778	az	Frensistaun
933778	ru	Франсистаун
933778	tr	Francistown
933885	ru	Бобононг
933885	tr	Bobonong
933959	ru	Триолет
933982	az	Tamarin
933982	ru	Тамарин
933982	tr	Tamarin
933995	az	Suillak
933995	ru	Суйак
933995	tr	Souillac
934072	az	Roze Bell
934072	ru	Роз-Бель
934072	tr	Rose Belle
934091	az	Riviere du Rempart
934091	ru	Ривьер-дю-Ремпар
934091	tr	Riviere du Rempart
934095	ru	Ривер-дез-Ангий
934133	az	Kvartier Hərbi
934133	ru	Кватье Милитер
934133	tr	Quartier Militaire
934154	az	Port Luiz
934154	ru	Порт-Луи
934195	ru	Птит-Ривьер
934213	az	Pamplemuss
934213	ru	Памплемусс
934213	tr	Pamplemousses
934322	ru	Махеборг
934322	tr	Mahébourg
934482	ru	Гранд-Бе
934485	ru	Гран-Буа
934488	ru	Годландс
934570	ru	Кюрпип
934614	ru	Шмен-Гренье
934631	az	Sent-dе Flack
934631	ru	Центр де Флак
934631	tr	Centre de Flacq
934765	az	Bo Bassin-Roze Təpə
934765	ru	Бо Бассен-Роз Хилл
934765	tr	Beau Bassin-Rose Hill
934778	ru	Бамбоус
934778	tr	Bambous
934851	az	Siteki
934851	ru	Ситеки
934851	tr	Siteki
934881	az	Piggs Peak
934881	ru	Пиггс-Пик
934881	tr	Piggs Peak
934913	az	Nhlangano
934913	ru	Нхланганo
934913	tr	Nhlangano
934985	ru	Мбабане
934995	az	Manzini
934995	ru	Манзини
934995	tr	Manzini
935048	ru	Лобамба
935214	ru	Сент-Пьер
935223	ru	Сен-Луи
935225	ru	Санкт-Леу
935227	ru	Сент-Джозеф
935255	ru	Сент-Мари
935264	ru	Сен-Дени
935267	ru	Санкт-Бенуа
935268	ru	Санкт-Андре
935582	ru	Ле-Тампон
936048	ru	Бра-Панон
936374	az	Rudepurt
936374	ru	Рудепурт
936374	tr	Roodepoort
93709	ru	Мандали
939270	ru	Эмалахлени
940316	ru	Вестонария
9408449	ru	Калахасти
940909	ru	Велком
9409226	ru	Камбурн
942511	ru	Фрейбурга
94298	ru	Кифри
943882	ru	Вирджиния
944385	ru	Феринихинг
944986	ru	Фандербейлпарк
945945	ru	Апингтон
946058	ru	Умтата
946257	ru	Улунди
946877	ru	Эйтенхахе
946973	ru	Тзанеен
94787	az	Kərkük
94787	ru	Киркук
94787	tr	Kerkük
94824	az	Kərbəla
94824	ru	Кербела
94824	tr	Kerbela
949224	ru	Тхохояндоу
949282	ru	Тениссен
950709	ru	Свеллендам
9533118	ru	Слобожанское
9534257	az	Amdjarass
9534257	ru	Амджарасс
9534257	tr	Amdjarass
953781	az	Soveto
953781	ru	Соуэто
953781	tr	Soweto
95446	az	Ərbil
95446	ru	Эрбиль
95446	tr	Erbil
956767	ru	Секунда
958724	ru	Рюстенбург
9610004	ru	Шилайняй
9610008	ru	Эйгуляй
9613008	tr	Hampton Wick
96205	az	Hələbcə
96205	ru	Халабджа
96205	tr	Halepçe
962367	ru	Ричардс-Бей
96309	ru	Хадита
963230	ru	Рандфонтейн
963241	ru	Рандбург
963241	tr	Rendburg
963516	ru	Квинстаун
964137	az	Pretoriya
964137	ru	Претория
964137	tr	Pretoria
964315	ru	Потгитерсрус
964349	ru	Почефструм
964406	ru	Порт-Шепстон
9644145	ru	Лидиевка
964420	ru	Порт-Элизабет
964432	ru	Порт-Альфред
964712	ru	Плеттенберг-Бей
965289	az	Polokwane
965289	ru	Полокване
965289	tr	Polokwane
965301	az	Pietermaritzburg
965301	ru	Питермарицбург
965301	tr	Pietermaritzburg
965528	ru	Палаборва
966166	ru	Парис
967106	ru	Оудсхорн
967476	ru	Оркнейские
96994	az	Dəhük
96994	ru	Дахук
96994	tr	Duhok
970566	ru	Найджел
971534	az	Nelspreyt
971534	ru	Мбомбела
971534	tr	Mbombela
973111	ru	Мпумаланга
973709	ru	Моссел-Бей
97473	tr	Çay Köyü
975436	ru	Ммабато
976361	ru	Мидделбург
97783	ru	Байджи
97825	ru	Батива
97825	tr	Batifa
97990	az	Bəkubə
97990	ru	Баакуба
97990	tr	Bakuba
980595	az	Mafikeng
980595	ru	Макфикенг
980595	tr	Mafikeng
98112	ru	Балада
981158	ru	Машишинг
98182	az	Bağdad
98182	ru	Багдад
98182	tr	Bağdat
981827	ru	Луис-Тричард
982899	ru	Лихтенбурге
98459	ru	Сувайра
98463	az	Süleymaniyyə
98463	ru	Сулеймания
98463	tr	Süleymaniye
98530	az	Əs-Səmavə
98530	ru	Самава
98530	tr	Semave
9858283	ru	Торетам
986134	ru	Куруман
986822	ru	Крюгерсдорпа
986846	ru	Крунстад
98717	az	Ramadi
98717	ru	Эр-Рамади
98717	tr	Ramadi
9883562	ru	Оливенса
98854	ru	Насирия
98860	az	Nəcəf
98860	ru	Эн-Наджаф
98860	tr	Necef
988698	ru	Найсна
9888776	tr	İstasyonaltı
9888778	tr	Şirintepe
9888782	tr	Çağdaş
9888783	tr	Egekent
9888784	tr	İzkent
9888785	tr	Evka-Beş
9888786	tr	İnönü
9888787	tr	Uğur Mumcu
9888789	ru	Атакент
9888789	tr	Atakent
9888792	tr	Bostanlı
9888797	tr	Demirköprü
9888806	tr	Şemikler
9888807	tr	Cumhuriyet
989921	ru	Клерксдорп
99010	ru	Аль-Касим
99039	ru	Аль-Эль-Мусайибе
99072	az	Mosul
99072	ru	Мосул
99072	tr	Musul
990930	az	Kimberli
990930	ru	Кимберли
990930	tr	Kimberley
99131	az	Əl-Küt
99131	ru	Эль-Кут
99131	tr	Kut
99135	az	Kufə
99135	ru	Эль-Куфа
99135	tr	Kufe
99169	ru	Аль-Халиса
9921442	tr	Evka-Üç
99306	ru	Али-эль-Гарби
99347	az	Hillə
99347	ru	Аль-Хилла
99347	tr	El-Hille
99350	ru	Аль-Хая
99369	ru	Аль-Харриса
993800	az	Yohannesburq
993800	ru	Йоханнесбург
993800	tr	Johannesburg
993910	ru	Джеффрис-Бей
99446	ru	Аль-Фау
99454	az	Fəllucə
99454	ru	Эль-Фаллуджа
99454	tr	Felluce
9948272	az	Sekong
9948272	ru	Секонг
9948272	tr	Sekong
99532	az	Bəsrə
99532	ru	Басра
99532	tr	Basra
99608	ru	Ель-Амара
997151	ru	Гейдельберг
9973269	ru	Зольмс
99738	ru	Афак
99762	az	Əd-Divаniyyə
99762	ru	Дивания
99762	tr	Ed-Divaniye
997751	ru	Гаррисмит
9983688	ru	Чорноморское
9983712	az	Avanqard
9983712	ru	Авангард
9983718	ru	Черемушки
9983758	ru	Лиманка
